{
  "img_filename": "golf_course_112_0_rgb.jpg",
  "bounding_boxes": [
    {
      "category": "golf_course",
      "ID": 19324,
      "visible": "True",
      "box": [
        312,
        10,
        150,
        621
      ]
    }
  ],
  "gsd": 0.643692135811,
  "img_width": 767,
  "img_height": 658,
  "mean_pixel_height": 5.851110486318e-06,
  "mean_pixel_width": 5.856031812255e-06,
  "utm": "20J",
  "country_code": "ARG",
  "cloud_cover": 0,
  "timestamp": "2007-06-28T14:46:41Z",
  "scan_direction": "Forward",
  "approximate_wavelengths": [
    661,
    545,
    477
  ],
  "pan_resolution_dbl": 0.643692135811,
  "pan_resolution_start_dbl": 0.643692135811,
  "pan_resolution_end_dbl": 0.643692135811,
  "pan_resolution_min_dbl": 0.643692135811,
  "pan_resolution_max_dbl": 0.643692135811,
  "multi_resolution_dbl": 2.57350206375,
  "multi_resolution_start_dbl": 2.57350206375,
  "multi_resolution_end_dbl": 2.57350206375,
  "multi_resolution_min_dbl": 2.57350206375,
  "multi_resolution_max_dbl": 2.57350206375,
  "target_azimuth_dbl": 336.189038595,
  "target_azimuth_start_dbl": 321.486236572,
  "target_azimuth_end_dbl": 350.119995117,
  "target_azimuth_min_dbl": 321.486236572,
  "target_azimuth_max_dbl": 350.119995117,
  "sun_azimuth_dbl": 25.0422240893,
  "sun_azimuth_min_dbl": 24.8631763458,
  "sun_azimuth_max_dbl": 25.2021579742,
  "sun_elevation_dbl": 31.200518767,
  "sun_elevation_min_dbl": 30.7626190186,
  "sun_elevation_max_dbl": 31.5868091583,
  "off_nadir_angle_dbl": 13.4239185651,
  "off_nadir_angle_start_dbl": 11.3194007874,
  "off_nadir_angle_end_dbl": 16.0472679138,
  "off_nadir_angle_min_dbl": 11.3194007874,
  "off_nadir_angle_max_dbl": 16.0472679138
}