{
  "img_filename": "golf_course_112_1_msrgb.jpg",
  "bounding_boxes": [
    {
      "category": "golf_course",
      "ID": 19324,
      "visible": "True",
      "box": [
        99,
        3,
        47,
        198
      ]
    }
  ],
  "gsd": 2.05036854744,
  "img_width": 244,
  "img_height": 209,
  "mean_pixel_height": 1.8421199521517e-05,
  "mean_pixel_width": 1.8408099999998e-05,
  "utm": "20J",
  "country_code": "ARG",
  "cloud_cover": 0,
  "timestamp": "2010-01-20T14:17:17Z",
  "scan_direction": "Reverse",
  "approximate_wavelengths": [
    661,
    545,
    477
  ],
  "pan_resolution_dbl": 0.514157772064,
  "pan_resolution_start_dbl": 0.516211271286,
  "pan_resolution_end_dbl": 0.512258589268,
  "pan_resolution_min_dbl": 0.512258589268,
  "pan_resolution_max_dbl": 0.516211271286,
  "multi_resolution_dbl": 2.05036854744,
  "multi_resolution_start_dbl": 2.05859875679,
  "multi_resolution_end_dbl": 2.04276275635,
  "multi_resolution_min_dbl": 2.04276275635,
  "multi_resolution_max_dbl": 2.05859875679,
  "target_azimuth_dbl": 286.521148682,
  "target_azimuth_start_dbl": 287.881988525,
  "target_azimuth_end_dbl": 285.195343018,
  "target_azimuth_min_dbl": 285.195343018,
  "target_azimuth_max_dbl": 287.881988525,
  "sun_azimuth_dbl": 76.9273452759,
  "sun_azimuth_min_dbl": 76.6133651733,
  "sun_azimuth_max_dbl": 77.2568359375,
  "sun_elevation_dbl": 58.7360191345,
  "sun_elevation_min_dbl": 58.6987419128,
  "sun_elevation_max_dbl": 58.7744827271,
  "off_nadir_angle_dbl": 18.1082000732,
  "off_nadir_angle_start_dbl": 18.499666214,
  "off_nadir_angle_end_dbl": 17.7401447296,
  "off_nadir_angle_min_dbl": 17.7401447296,
  "off_nadir_angle_max_dbl": 18.499666214
}