{
  "img_filename": "golf_course_112_8_rgb.jpg",
  "bounding_boxes": [
    {
      "category": "golf_course",
      "ID": 19324,
      "visible": "True",
      "box": [
        529,
        17,
        253,
        1052
      ]
    }
  ],
  "gsd": 0.385967940092,
  "img_width": 1299,
  "img_height": 1114,
  "mean_pixel_height": 3.456041921003e-06,
  "mean_pixel_width": 3.457718552733e-06,
  "utm": "20J",
  "country_code": "ARG",
  "cloud_cover": 0,
  "timestamp": "2016-01-14T14:30:39Z",
  "scan_direction": "Reverse",
  "approximate_wavelengths": [
    661,
    545,
    477
  ],
  "pan_resolution_dbl": 0.385967940092,
  "pan_resolution_start_dbl": 0.387428492308,
  "pan_resolution_end_dbl": 0.384742021561,
  "pan_resolution_min_dbl": 0.384742021561,
  "pan_resolution_max_dbl": 0.387428492308,
  "multi_resolution_dbl": 1.54475736618,
  "multi_resolution_start_dbl": 1.55061399937,
  "multi_resolution_end_dbl": 1.53984153271,
  "multi_resolution_min_dbl": 1.53984153271,
  "multi_resolution_max_dbl": 1.55061399937,
  "target_azimuth_dbl": 337.022644043,
  "target_azimuth_start_dbl": 336.710998535,
  "target_azimuth_end_dbl": 337.296905518,
  "target_azimuth_min_dbl": 336.710998535,
  "target_azimuth_max_dbl": 337.296905518,
  "sun_azimuth_dbl": 75.8638458252,
  "sun_azimuth_min_dbl": 75.6553497314,
  "sun_azimuth_max_dbl": 76.1038970947,
  "sun_elevation_dbl": 62.53358078,
  "sun_elevation_min_dbl": 62.5121269226,
  "sun_elevation_max_dbl": 62.5581092834,
  "off_nadir_angle_dbl": 27.4385662079,
  "off_nadir_angle_start_dbl": 27.6592254639,
  "off_nadir_angle_end_dbl": 27.2481975555,
  "off_nadir_angle_min_dbl": 27.2481975555,
  "off_nadir_angle_max_dbl": 27.6592254639
}