{
  "img_filename": "golf_course_112_12_rgb.jpg",
  "bounding_boxes": [
    {
      "category": "golf_course",
      "ID": 19324,
      "visible": "True",
      "box": [
        535,
        16,
        258,
        1067
      ]
    }
  ],
  "gsd": 0.381267309189,
  "img_width": 1316,
  "img_height": 1128,
  "mean_pixel_height": 3.413092515971e-06,
  "mean_pixel_width": 3.413092515969e-06,
  "utm": "20J",
  "country_code": "ARG",
  "cloud_cover": 0,
  "timestamp": "2016-01-14T14:29:25Z",
  "scan_direction": "Reverse",
  "approximate_wavelengths": [
    661,
    545,
    477
  ],
  "pan_resolution_dbl": 0.381267309189,
  "pan_resolution_start_dbl": 0.381896167994,
  "pan_resolution_end_dbl": 0.380784511566,
  "pan_resolution_min_dbl": 0.380784511566,
  "pan_resolution_max_dbl": 0.381896167994,
  "multi_resolution_dbl": 1.5249131918,
  "multi_resolution_start_dbl": 1.52743196487,
  "multi_resolution_end_dbl": 1.52297914028,
  "multi_resolution_min_dbl": 1.52297914028,
  "multi_resolution_max_dbl": 1.52743196487,
  "target_azimuth_dbl": 229.849609375,
  "target_azimuth_start_dbl": 230.358917236,
  "target_azimuth_end_dbl": 229.385345459,
  "target_azimuth_min_dbl": 229.385345459,
  "target_azimuth_max_dbl": 230.358917236,
  "sun_azimuth_dbl": 76.1589050293,
  "sun_azimuth_min_dbl": 75.9463500977,
  "sun_azimuth_max_dbl": 76.3933563232,
  "sun_elevation_dbl": 62.2737503052,
  "sun_elevation_min_dbl": 62.2527542114,
  "sun_elevation_max_dbl": 62.2969245911,
  "off_nadir_angle_dbl": 26.5667667389,
  "off_nadir_angle_start_dbl": 26.6788368225,
  "off_nadir_angle_end_dbl": 26.4655857086,
  "off_nadir_angle_min_dbl": 26.4655857086,
  "off_nadir_angle_max_dbl": 26.6788368225
}