{
  "img_filename": "golf_course_112_4_msrgb.jpg",
  "bounding_boxes": [
    {
      "category": "golf_course",
      "ID": 19324,
      "visible": "True",
      "box": [
        97,
        3,
        46,
        196
      ]
    }
  ],
  "gsd": 2.0865585804,
  "img_width": 241,
  "img_height": 207,
  "mean_pixel_height": 1.859918212559e-05,
  "mean_pixel_width": 1.8637246473027e-05,
  "utm": "20J",
  "country_code": "ARG",
  "cloud_cover": 0,
  "timestamp": "2013-07-14T14:35:36Z",
  "scan_direction": "Forward",
  "approximate_wavelengths": [
    661,
    545,
    477
  ],
  "pan_resolution_dbl": 0.520445823669,
  "pan_resolution_start_dbl": 0.508409798145,
  "pan_resolution_end_dbl": 0.539824962616,
  "pan_resolution_min_dbl": 0.508409798145,
  "pan_resolution_max_dbl": 0.539824962616,
  "multi_resolution_dbl": 2.0865585804,
  "multi_resolution_start_dbl": 2.03727531433,
  "multi_resolution_end_dbl": 2.16527509689,
  "multi_resolution_min_dbl": 2.03727531433,
  "multi_resolution_max_dbl": 2.16527509689,
  "target_azimuth_dbl": 299.898895264,
  "target_azimuth_start_dbl": 278.840606689,
  "target_azimuth_end_dbl": 316.45489502,
  "target_azimuth_min_dbl": 278.840606689,
  "target_azimuth_max_dbl": 316.45489502,
  "sun_azimuth_dbl": 29.3617420197,
  "sun_azimuth_min_dbl": 29.2250289917,
  "sun_azimuth_max_dbl": 29.4949378967,
  "sun_elevation_dbl": 31.189043045,
  "sun_elevation_min_dbl": 30.6955986023,
  "sun_elevation_max_dbl": 31.6596450806,
  "off_nadir_angle_dbl": 19.3474140167,
  "off_nadir_angle_start_dbl": 17.2151622772,
  "off_nadir_angle_end_dbl": 22.4280967712,
  "off_nadir_angle_min_dbl": 17.2151622772,
  "off_nadir_angle_max_dbl": 22.4280967712
}