{
  "img_filename": "golf_course_112_9_msrgb.jpg",
  "bounding_boxes": [
    {
      "category": "golf_course",
      "ID": 19324,
      "visible": "True",
      "box": [
        95,
        2,
        45,
        191
      ]
    }
  ],
  "gsd": 1.97029483318,
  "img_width": 237,
  "img_height": 203,
  "mean_pixel_height": 1.8965668472892e-05,
  "mean_pixel_width": 1.8951799156116e-05,
  "utm": "20J",
  "country_code": "ARG",
  "cloud_cover": 0,
  "timestamp": "2015-08-25T14:15:16Z",
  "scan_direction": "Reverse",
  "approximate_wavelengths": [
    661,
    545,
    477
  ],
  "pan_resolution_dbl": 0.492077589035,
  "pan_resolution_start_dbl": 0.494176715612,
  "pan_resolution_end_dbl": 0.490299940109,
  "pan_resolution_min_dbl": 0.490299940109,
  "pan_resolution_max_dbl": 0.494176715612,
  "multi_resolution_dbl": 1.97029483318,
  "multi_resolution_start_dbl": 1.97872722149,
  "multi_resolution_end_dbl": 1.96315264702,
  "multi_resolution_min_dbl": 1.96315264702,
  "multi_resolution_max_dbl": 1.97872722149,
  "target_azimuth_dbl": 287.556060791,
  "target_azimuth_start_dbl": 285.584655762,
  "target_azimuth_end_dbl": 289.345062256,
  "target_azimuth_min_dbl": 285.584655762,
  "target_azimuth_max_dbl": 289.345062256,
  "sun_azimuth_dbl": 40.1651535034,
  "sun_azimuth_min_dbl": 40.0607452393,
  "sun_azimuth_max_dbl": 40.281917572,
  "sun_elevation_dbl": 38.6483535767,
  "sun_elevation_min_dbl": 38.5286979675,
  "sun_elevation_max_dbl": 38.7821807861,
  "off_nadir_angle_dbl": 25.0851669312,
  "off_nadir_angle_start_dbl": 25.3842144012,
  "off_nadir_angle_end_dbl": 24.8287620544,
  "off_nadir_angle_min_dbl": 24.8287620544,
  "off_nadir_angle_max_dbl": 25.3842144012
}