{
  "img_filename": "golf_course_147_4_rgb.jpg",
  "bounding_boxes": [
    {
      "category": "golf_course",
      "ID": 25494,
      "visible": "True",
      "box": [
        208,
        27,
        698,
        621
      ]
    }
  ],
  "gsd": 0.544286489487,
  "img_width": 916,
  "img_height": 892,
  "mean_pixel_height": 4.903336659194e-06,
  "mean_pixel_width": 4.9034672489e-06,
  "utm": "51P",
  "country_code": "PHL",
  "cloud_cover": 0,
  "timestamp": "2016-05-04T02:42:31Z",
  "scan_direction": "Forward",
  "approximate_wavelengths": [
    661,
    545,
    477
  ],
  "pan_resolution_dbl": 0.544286489487,
  "pan_resolution_start_dbl": 0.543710589409,
  "pan_resolution_end_dbl": 0.544627249241,
  "pan_resolution_min_dbl": 0.543710589409,
  "pan_resolution_max_dbl": 0.544627249241,
  "multi_resolution_dbl": 2.18111872673,
  "multi_resolution_start_dbl": 2.17879867554,
  "multi_resolution_end_dbl": 2.18285083771,
  "multi_resolution_min_dbl": 2.17879867554,
  "multi_resolution_max_dbl": 2.18285083771,
  "target_azimuth_dbl": 83.6027450562,
  "target_azimuth_start_dbl": 82.9444656372,
  "target_azimuth_end_dbl": 84.0842056274,
  "target_azimuth_min_dbl": 82.9444656372,
  "target_azimuth_max_dbl": 84.0842056274,
  "sun_azimuth_dbl": 82.4673080444,
  "sun_azimuth_min_dbl": 82.2362213135,
  "sun_azimuth_max_dbl": 82.7825393677,
  "sun_elevation_dbl": 73.0125961304,
  "sun_elevation_min_dbl": 73.0063781738,
  "sun_elevation_max_dbl": 73.0209121704,
  "off_nadir_angle_dbl": 24.1812877655,
  "off_nadir_angle_start_dbl": 24.1069087982,
  "off_nadir_angle_end_dbl": 24.2366714478,
  "off_nadir_angle_min_dbl": 24.1069087982,
  "off_nadir_angle_max_dbl": 24.2366714478
}