{
  "img_filename": "golf_course_147_8_msrgb.jpg",
  "bounding_boxes": [
    {
      "category": "golf_course",
      "ID": 25494,
      "visible": "True",
      "box": [
        55,
        8,
        187,
        166
      ]
    }
  ],
  "gsd": 1.88128995895,
  "img_width": 246,
  "img_height": 239,
  "mean_pixel_height": 1.8300319246868e-05,
  "mean_pixel_width": 1.8258439024359e-05,
  "utm": "51P",
  "country_code": "PHL",
  "cloud_cover": 13,
  "timestamp": "2014-06-24T02:40:35Z",
  "scan_direction": "Reverse",
  "approximate_wavelengths": [
    661,
    545,
    477
  ],
  "pan_resolution_dbl": 0.469947338104,
  "pan_resolution_start_dbl": 0.464679419994,
  "pan_resolution_end_dbl": 0.474917382002,
  "pan_resolution_min_dbl": 0.464679419994,
  "pan_resolution_max_dbl": 0.474917382002,
  "multi_resolution_dbl": 1.88128995895,
  "multi_resolution_start_dbl": 1.86003983021,
  "multi_resolution_end_dbl": 1.9013209343,
  "multi_resolution_min_dbl": 1.86003983021,
  "multi_resolution_max_dbl": 1.9013209343,
  "target_azimuth_dbl": 40.8905258179,
  "target_azimuth_start_dbl": 47.3499794006,
  "target_azimuth_end_dbl": 35.806312561,
  "target_azimuth_min_dbl": 35.806312561,
  "target_azimuth_max_dbl": 47.3499794006,
  "sun_azimuth_dbl": 60.957824707,
  "sun_azimuth_min_dbl": 60.7775497437,
  "sun_azimuth_max_dbl": 61.104675293,
  "sun_elevation_dbl": 69.6788482666,
  "sun_elevation_min_dbl": 69.5569763184,
  "sun_elevation_max_dbl": 69.8264465332,
  "off_nadir_angle_dbl": 22.2019538879,
  "off_nadir_angle_start_dbl": 21.3299369812,
  "off_nadir_angle_end_dbl": 23.0051460266,
  "off_nadir_angle_min_dbl": 21.3299369812,
  "off_nadir_angle_max_dbl": 23.0051460266
}