{
  "img_filename": "golf_course_147_3_msrgb.jpg",
  "bounding_boxes": [
    {
      "category": "golf_course",
      "ID": 25494,
      "visible": "True",
      "box": [
        50,
        6,
        169,
        152
      ]
    }
  ],
  "gsd": 2.26496362686,
  "img_width": 223,
  "img_height": 218,
  "mean_pixel_height": 2.0063194036703e-05,
  "mean_pixel_width": 2.0141596412522e-05,
  "utm": "51P",
  "country_code": "PHL",
  "cloud_cover": 18,
  "timestamp": "2015-10-11T02:36:57Z",
  "scan_direction": "Forward",
  "approximate_wavelengths": [
    661,
    545,
    477
  ],
  "pan_resolution_dbl": 0.564081609249,
  "pan_resolution_start_dbl": 0.550130486488,
  "pan_resolution_end_dbl": 0.578841626644,
  "pan_resolution_min_dbl": 0.550130486488,
  "pan_resolution_max_dbl": 0.578841626644,
  "multi_resolution_dbl": 2.26496362686,
  "multi_resolution_start_dbl": 2.20867371559,
  "multi_resolution_end_dbl": 2.32470226288,
  "multi_resolution_min_dbl": 2.20867371559,
  "multi_resolution_max_dbl": 2.32470226288,
  "target_azimuth_dbl": 173.907363892,
  "target_azimuth_start_dbl": 174.624130249,
  "target_azimuth_end_dbl": 173.285125732,
  "target_azimuth_min_dbl": 173.285125732,
  "target_azimuth_max_dbl": 174.624130249,
  "sun_azimuth_dbl": 141.531448364,
  "sun_azimuth_min_dbl": 140.908843994,
  "sun_azimuth_max_dbl": 142.146011353,
  "sun_elevation_dbl": 63.2368621826,
  "sun_elevation_min_dbl": 62.8060569763,
  "sun_elevation_max_dbl": 63.6615066528,
  "off_nadir_angle_dbl": 26.498374939,
  "off_nadir_angle_start_dbl": 24.934513092,
  "off_nadir_angle_end_dbl": 28.0549430847,
  "off_nadir_angle_min_dbl": 24.934513092,
  "off_nadir_angle_max_dbl": 28.0549430847
}