{
  "img_filename": "crop_field_1090_4_msrgb.jpg",
  "bounding_boxes": [
    {
      "category": "crop_field",
      "ID": 24636,
      "visible": "True",
      "box": [
        52,
        51,
        111,
        37
      ]
    }
  ],
  "gsd": 2.33645296097,
  "img_width": 216,
  "img_height": 144,
  "mean_pixel_height": 2.0784913847728e-05,
  "mean_pixel_width": 2.0784913847743e-05,
  "utm": "31U",
  "country_code": "FRA",
  "cloud_cover": 20,
  "timestamp": "2010-08-19T10:48:25Z",
  "scan_direction": "Forward",
  "approximate_wavelengths": [
    661,
    545,
    477
  ],
  "pan_resolution_dbl": 0.582999706268,
  "pan_resolution_start_dbl": 0.588019728661,
  "pan_resolution_end_dbl": 0.578252613544,
  "pan_resolution_min_dbl": 0.578252613544,
  "pan_resolution_max_dbl": 0.588019728661,
  "multi_resolution_dbl": 2.33645296097,
  "multi_resolution_start_dbl": 2.35672593117,
  "multi_resolution_end_dbl": 2.31762671471,
  "multi_resolution_min_dbl": 2.31762671471,
  "multi_resolution_max_dbl": 2.35672593117,
  "target_azimuth_dbl": 285.713623047,
  "target_azimuth_start_dbl": 287.952270508,
  "target_azimuth_end_dbl": 283.442352295,
  "target_azimuth_min_dbl": 283.442352295,
  "target_azimuth_max_dbl": 287.952270508,
  "sun_azimuth_dbl": 152.906814575,
  "sun_azimuth_min_dbl": 152.696685791,
  "sun_azimuth_max_dbl": 153.112213135,
  "sun_elevation_dbl": 51.525844574,
  "sun_elevation_min_dbl": 51.165851593,
  "sun_elevation_max_dbl": 51.8837051392,
  "off_nadir_angle_dbl": 27.7342891693,
  "off_nadir_angle_start_dbl": 28.2099151611,
  "off_nadir_angle_end_dbl": 27.2836933136,
  "off_nadir_angle_min_dbl": 27.2836933136,
  "off_nadir_angle_max_dbl": 28.2099151611
}