{
  "img_filename": "golf_course_150_0_msrgb.jpg",
  "bounding_boxes": [
    {
      "category": "golf_course",
      "ID": 27070,
      "visible": "True",
      "box": [
        54,
        37,
        86,
        54
      ]
    }
  ],
  "gsd": 2.35446023941,
  "img_width": 210,
  "img_height": 160,
  "mean_pixel_height": 2.1279271875008e-05,
  "mean_pixel_width": 2.1388459047617e-05,
  "utm": "18T",
  "country_code": "USA",
  "cloud_cover": 0,
  "timestamp": "2011-12-03T15:55:17Z",
  "scan_direction": "Forward",
  "approximate_wavelengths": [
    661,
    545,
    477
  ],
  "pan_resolution_dbl": 0.587791204453,
  "pan_resolution_start_dbl": 0.596509516239,
  "pan_resolution_end_dbl": 0.58051264286,
  "pan_resolution_min_dbl": 0.58051264286,
  "pan_resolution_max_dbl": 0.596509516239,
  "multi_resolution_dbl": 2.35446023941,
  "multi_resolution_start_dbl": 2.38926053047,
  "multi_resolution_end_dbl": 2.32541203499,
  "multi_resolution_min_dbl": 2.32541203499,
  "multi_resolution_max_dbl": 2.38926053047,
  "target_azimuth_dbl": 288.220611572,
  "target_azimuth_start_dbl": 291.310333252,
  "target_azimuth_end_dbl": 285.380249023,
  "target_azimuth_min_dbl": 285.380249023,
  "target_azimuth_max_dbl": 291.310333252,
  "sun_azimuth_dbl": 166.704467773,
  "sun_azimuth_min_dbl": 166.666107178,
  "sun_azimuth_max_dbl": 166.746688843,
  "sun_elevation_dbl": 26.4850082397,
  "sun_elevation_min_dbl": 25.9087162018,
  "sun_elevation_max_dbl": 27.0024814606,
  "off_nadir_angle_dbl": 28.4031085968,
  "off_nadir_angle_start_dbl": 29.181432724,
  "off_nadir_angle_end_dbl": 27.7330722809,
  "off_nadir_angle_min_dbl": 27.7330722809,
  "off_nadir_angle_max_dbl": 29.181432724
}