{
  "img_filename": "golf_course_150_8_msrgb.jpg",
  "bounding_boxes": [
    {
      "category": "golf_course",
      "ID": 27070,
      "visible": "True",
      "box": [
        98,
        67,
        154,
        96
      ]
    }
  ],
  "gsd": 1.32539272308,
  "img_width": 377,
  "img_height": 286,
  "mean_pixel_height": 1.1904487762242e-05,
  "mean_pixel_width": 1.1913995755967e-05,
  "utm": "18T",
  "country_code": "USA",
  "cloud_cover": 0,
  "timestamp": "2015-03-23T15:44:05Z",
  "scan_direction": "Forward",
  "approximate_wavelengths": [
    661,
    545,
    477
  ],
  "pan_resolution_dbl": 0.331330478191,
  "pan_resolution_start_dbl": 0.333684384823,
  "pan_resolution_end_dbl": 0.329465776682,
  "pan_resolution_min_dbl": 0.329465776682,
  "pan_resolution_max_dbl": 0.333684384823,
  "multi_resolution_dbl": 1.32539272308,
  "multi_resolution_start_dbl": 1.33481168747,
  "multi_resolution_end_dbl": 1.31793129444,
  "multi_resolution_min_dbl": 1.31793129444,
  "multi_resolution_max_dbl": 1.33481168747,
  "target_azimuth_dbl": 280.943817139,
  "target_azimuth_start_dbl": 279.820220947,
  "target_azimuth_end_dbl": 281.967346191,
  "target_azimuth_min_dbl": 279.820220947,
  "target_azimuth_max_dbl": 281.967346191,
  "sun_azimuth_dbl": 150.354568481,
  "sun_azimuth_min_dbl": 150.211120605,
  "sun_azimuth_max_dbl": 150.524734497,
  "sun_elevation_dbl": 46.618686676,
  "sun_elevation_min_dbl": 46.259563446,
  "sun_elevation_max_dbl": 46.9181175232,
  "off_nadir_angle_dbl": 15.9348993301,
  "off_nadir_angle_start_dbl": 16.7279777527,
  "off_nadir_angle_end_dbl": 15.2713899612,
  "off_nadir_angle_min_dbl": 15.2713899612,
  "off_nadir_angle_max_dbl": 16.7279777527
}