{
  "img_filename": "golf_course_150_11_msrgb.jpg",
  "bounding_boxes": [
    {
      "category": "golf_course",
      "ID": 27070,
      "visible": "True",
      "box": [
        65,
        44,
        103,
        64
      ]
    }
  ],
  "gsd": 1.78538644314,
  "img_width": 250,
  "img_height": 190,
  "mean_pixel_height": 1.7949141473282e-05,
  "mean_pixel_width": 1.7949141473309e-05,
  "utm": "18T",
  "country_code": "USA",
  "cloud_cover": 5,
  "timestamp": "2009-04-09T15:57:00Z",
  "scan_direction": "Forward",
  "approximate_wavelengths": [
    661,
    545,
    477
  ],
  "pan_resolution_dbl": 0.446317046881,
  "pan_resolution_start_dbl": 0.504320263863,
  "pan_resolution_end_dbl": 0.420285016298,
  "pan_resolution_min_dbl": 0.419793188572,
  "pan_resolution_max_dbl": 0.504320263863,
  "multi_resolution_dbl": 1.78538644314,
  "multi_resolution_start_dbl": 2.01759052277,
  "multi_resolution_end_dbl": 1.68112158775,
  "multi_resolution_min_dbl": 1.67912566662,
  "multi_resolution_max_dbl": 2.01759052277,
  "target_azimuth_dbl": 184.197601318,
  "target_azimuth_start_dbl": 210.535812378,
  "target_azimuth_end_dbl": 109.609657288,
  "target_azimuth_min_dbl": 109.609657288,
  "target_azimuth_max_dbl": 210.535812378,
  "sun_azimuth_dbl": 152.288223267,
  "sun_azimuth_min_dbl": 150.431091309,
  "sun_azimuth_max_dbl": 154.051208496,
  "sun_elevation_dbl": 54.0736999512,
  "sun_elevation_min_dbl": 53.6465568542,
  "sun_elevation_max_dbl": 54.4599533081,
  "off_nadir_angle_dbl": 14.4118890762,
  "off_nadir_angle_start_dbl": 26.2200584412,
  "off_nadir_angle_end_dbl": 6.35638999939,
  "off_nadir_angle_min_dbl": 6.01474046707,
  "off_nadir_angle_max_dbl": 26.2200584412
}