{
  "img_filename": "golf_course_150_9_rgb.jpg",
  "bounding_boxes": [
    {
      "category": "golf_course",
      "ID": 27070,
      "visible": "True",
      "box": [
        402,
        275,
        630,
        390
      ]
    }
  ],
  "gsd": 0.319382160902,
  "img_width": 1534,
  "img_height": 1163,
  "mean_pixel_height": 2.927500859846e-06,
  "mean_pixel_width": 2.928015906127e-06,
  "utm": "18T",
  "country_code": "USA",
  "cloud_cover": 0,
  "timestamp": "2016-04-19T16:03:51Z",
  "scan_direction": "Reverse",
  "approximate_wavelengths": [
    661,
    545,
    477
  ],
  "pan_resolution_dbl": 0.319382160902,
  "pan_resolution_start_dbl": 0.319315105677,
  "pan_resolution_end_dbl": 0.330818265676,
  "pan_resolution_min_dbl": 0.31413552165,
  "pan_resolution_max_dbl": 0.330818265676,
  "multi_resolution_dbl": 1.27727675438,
  "multi_resolution_start_dbl": 1.27794623375,
  "multi_resolution_end_dbl": 1.3221590519,
  "multi_resolution_min_dbl": 1.25651574135,
  "multi_resolution_max_dbl": 1.3221590519,
  "target_azimuth_dbl": 296.070770264,
  "target_azimuth_start_dbl": 229.091415405,
  "target_azimuth_end_dbl": 339.506195068,
  "target_azimuth_min_dbl": 229.091415405,
  "target_azimuth_max_dbl": 339.506195068,
  "sun_azimuth_dbl": 154.703933716,
  "sun_azimuth_min_dbl": 154.228088379,
  "sun_azimuth_max_dbl": 155.122299194,
  "sun_elevation_dbl": 58.9339637756,
  "sun_elevation_min_dbl": 58.4917030334,
  "sun_elevation_max_dbl": 59.4255752563,
  "off_nadir_angle_dbl": 10.4863834381,
  "off_nadir_angle_start_dbl": 11.0991430283,
  "off_nadir_angle_end_dbl": 15.7249116898,
  "off_nadir_angle_min_dbl": 7.49763584137,
  "off_nadir_angle_max_dbl": 15.7249116898
}