{
  "img_filename": "golf_course_11_1_rgb.jpg",
  "bounding_boxes": [
    {
      "category": "golf_course",
      "ID": 1351,
      "visible": "True",
      "box": [
        300,
        12,
        495,
        633
      ]
    }
  ],
  "gsd": 0.555187284946,
  "img_width": 890,
  "img_height": 671,
  "mean_pixel_height": 5.041205514159e-06,
  "mean_pixel_width": 5.046715056179e-06,
  "utm": "17T",
  "country_code": "USA",
  "cloud_cover": 0,
  "timestamp": "2012-06-27T17:14:20Z",
  "scan_direction": "Forward",
  "approximate_wavelengths": [
    661,
    545,
    477
  ],
  "pan_resolution_dbl": 0.555187284946,
  "pan_resolution_start_dbl": 0.547212839127,
  "pan_resolution_end_dbl": 0.563245415688,
  "pan_resolution_min_dbl": 0.547212839127,
  "pan_resolution_max_dbl": 0.563245415688,
  "multi_resolution_dbl": 2.22634315491,
  "multi_resolution_start_dbl": 2.19371128082,
  "multi_resolution_end_dbl": 2.25870513916,
  "multi_resolution_min_dbl": 2.19371128082,
  "multi_resolution_max_dbl": 2.25870513916,
  "target_azimuth_dbl": 108.20236969,
  "target_azimuth_start_dbl": 105.825469971,
  "target_azimuth_end_dbl": 110.347473145,
  "target_azimuth_min_dbl": 105.825469971,
  "target_azimuth_max_dbl": 110.347473145,
  "sun_azimuth_dbl": 163.035964966,
  "sun_azimuth_min_dbl": 162.718612671,
  "sun_azimuth_max_dbl": 163.366287231,
  "sun_elevation_dbl": 71.0627212524,
  "sun_elevation_min_dbl": 70.6080551147,
  "sun_elevation_max_dbl": 71.4886627197,
  "off_nadir_angle_dbl": 25.1579589844,
  "off_nadir_angle_start_dbl": 24.1861133575,
  "off_nadir_angle_end_dbl": 26.0839633942,
  "off_nadir_angle_min_dbl": 24.1861133575,
  "off_nadir_angle_max_dbl": 26.0839633942
}