{
  "img_filename": "golf_course_11_5_msrgb.jpg",
  "bounding_boxes": [
    {
      "category": "golf_course",
      "ID": 1351,
      "visible": "True",
      "box": [
        83,
        3,
        137,
        174
      ]
    }
  ],
  "gsd": 2.05902290344,
  "img_width": 246,
  "img_height": 185,
  "mean_pixel_height": 1.8284588648652e-05,
  "mean_pixel_width": 1.8258440650405e-05,
  "utm": "17T",
  "country_code": "USA",
  "cloud_cover": 11,
  "timestamp": "2015-10-07T16:40:03Z",
  "scan_direction": "Reverse",
  "approximate_wavelengths": [
    661,
    545,
    477
  ],
  "pan_resolution_dbl": 0.515680015087,
  "pan_resolution_start_dbl": 0.490692257881,
  "pan_resolution_end_dbl": 0.547146141529,
  "pan_resolution_min_dbl": 0.490692257881,
  "pan_resolution_max_dbl": 0.547146141529,
  "multi_resolution_dbl": 2.05902290344,
  "multi_resolution_start_dbl": 1.96090805531,
  "multi_resolution_end_dbl": 2.18400239944,
  "multi_resolution_min_dbl": 1.96090805531,
  "multi_resolution_max_dbl": 2.18400239944,
  "target_azimuth_dbl": 45.1669540405,
  "target_azimuth_start_dbl": 62.9724731445,
  "target_azimuth_end_dbl": 33.3831329346,
  "target_azimuth_min_dbl": 33.3831329346,
  "target_azimuth_max_dbl": 62.9724731445,
  "sun_azimuth_dbl": 165.853225708,
  "sun_azimuth_min_dbl": 165.693603516,
  "sun_azimuth_max_dbl": 166.001617432,
  "sun_elevation_dbl": 42.1400413513,
  "sun_elevation_min_dbl": 41.6257247925,
  "sun_elevation_max_dbl": 42.6795539856,
  "off_nadir_angle_dbl": 19.0112533569,
  "off_nadir_angle_start_dbl": 14.2295055389,
  "off_nadir_angle_end_dbl": 23.9093322754,
  "off_nadir_angle_min_dbl": 14.2295055389,
  "off_nadir_angle_max_dbl": 23.9093322754
}