{
  "img_filename": "golf_course_11_3_rgb.jpg",
  "bounding_boxes": [
    {
      "category": "golf_course",
      "ID": 1351,
      "visible": "True",
      "box": [
        310,
        13,
        513,
        653
      ]
    }
  ],
  "gsd": 0.532905340195,
  "img_width": 921,
  "img_height": 694,
  "mean_pixel_height": 4.874133861672e-06,
  "mean_pixel_width": 4.876847339847e-06,
  "utm": "17T",
  "country_code": "USA",
  "cloud_cover": 31,
  "timestamp": "2015-05-30T16:30:39Z",
  "scan_direction": "Reverse",
  "approximate_wavelengths": [
    661,
    545,
    477
  ],
  "pan_resolution_dbl": 0.532905340195,
  "pan_resolution_start_dbl": 0.57169264555,
  "pan_resolution_end_dbl": 0.504981279373,
  "pan_resolution_min_dbl": 0.504981279373,
  "pan_resolution_max_dbl": 0.57169264555,
  "multi_resolution_dbl": 2.12764930725,
  "multi_resolution_start_dbl": 2.28351807594,
  "multi_resolution_end_dbl": 2.01582694054,
  "multi_resolution_min_dbl": 2.01582694054,
  "multi_resolution_max_dbl": 2.28351807594,
  "target_azimuth_dbl": 224.544967651,
  "target_azimuth_start_dbl": 214.698196411,
  "target_azimuth_end_dbl": 236.489730835,
  "target_azimuth_min_dbl": 214.698196411,
  "target_azimuth_max_dbl": 236.489730835,
  "sun_azimuth_dbl": 141.783248901,
  "sun_azimuth_min_dbl": 140.917510986,
  "sun_azimuth_max_dbl": 142.540512085,
  "sun_elevation_dbl": 66.5576248169,
  "sun_elevation_min_dbl": 66.1707458496,
  "sun_elevation_max_dbl": 66.9893722534,
  "off_nadir_angle_dbl": 21.7699203491,
  "off_nadir_angle_start_dbl": 26.8028202057,
  "off_nadir_angle_end_dbl": 17.3697071075,
  "off_nadir_angle_min_dbl": 17.3697071075,
  "off_nadir_angle_max_dbl": 26.8028202057
}