{
  "img_filename": "crop_field_1081_0_msrgb.jpg",
  "bounding_boxes": [
    {
      "category": "crop_field",
      "ID": 24401,
      "visible": "True",
      "box": [
        26,
        13,
        160,
        96
      ]
    }
  ],
  "gsd": 2.64188289642,
  "img_width": 187,
  "img_height": 118,
  "mean_pixel_height": 2.403155338985e-05,
  "mean_pixel_width": 2.4019125133687e-05,
  "utm": "32U",
  "country_code": "DEU",
  "cloud_cover": 0,
  "timestamp": "2010-04-18T10:15:28Z",
  "scan_direction": "Forward",
  "approximate_wavelengths": [
    661,
    545,
    477
  ],
  "pan_resolution_dbl": 0.662380695343,
  "pan_resolution_start_dbl": 0.682703137398,
  "pan_resolution_end_dbl": 0.644551515579,
  "pan_resolution_min_dbl": 0.644551515579,
  "pan_resolution_max_dbl": 0.682703137398,
  "multi_resolution_dbl": 2.64188289642,
  "multi_resolution_start_dbl": 2.72246360779,
  "multi_resolution_end_dbl": 2.57123160362,
  "multi_resolution_min_dbl": 2.57123160362,
  "multi_resolution_max_dbl": 2.72246360779,
  "target_azimuth_dbl": 202.355239868,
  "target_azimuth_start_dbl": 205.088623047,
  "target_azimuth_end_dbl": 199.078720093,
  "target_azimuth_min_dbl": 199.078720093,
  "target_azimuth_max_dbl": 205.088623047,
  "sun_azimuth_dbl": 156.530563354,
  "sun_azimuth_min_dbl": 156.402862549,
  "sun_azimuth_max_dbl": 156.66293335,
  "sun_elevation_dbl": 48.4292602539,
  "sun_elevation_min_dbl": 48.0237083435,
  "sun_elevation_max_dbl": 48.8173561096,
  "off_nadir_angle_dbl": 16.1216850281,
  "off_nadir_angle_start_dbl": 19.4328308105,
  "off_nadir_angle_end_dbl": 12.7363471985,
  "off_nadir_angle_min_dbl": 12.7363471985,
  "off_nadir_angle_max_dbl": 19.4328308105
}