{
  "img_filename": "crop_field_1015_1_msrgb.jpg",
  "bounding_boxes": [
    {
      "category": "crop_field",
      "ID": 23027,
      "visible": "True",
      "box": [
        83,
        44,
        40,
        50
      ]
    }
  ],
  "gsd": 2.31510090828,
  "img_width": 217,
  "img_height": 144,
  "mean_pixel_height": 2.0728561111127e-05,
  "mean_pixel_width": 2.0698508847926e-05,
  "utm": "31U",
  "country_code": "FRA",
  "cloud_cover": 0,
  "timestamp": "2011-12-18T11:40:37Z",
  "scan_direction": "Forward",
  "approximate_wavelengths": [
    661,
    545,
    477
  ],
  "pan_resolution_dbl": 0.577904284,
  "pan_resolution_start_dbl": 0.570677995682,
  "pan_resolution_end_dbl": 0.585048139095,
  "pan_resolution_min_dbl": 0.570677995682,
  "pan_resolution_max_dbl": 0.585048139095,
  "multi_resolution_dbl": 2.31510090828,
  "multi_resolution_start_dbl": 2.28584718704,
  "multi_resolution_end_dbl": 2.34400391579,
  "multi_resolution_min_dbl": 2.28584718704,
  "multi_resolution_max_dbl": 2.34400391579,
  "target_azimuth_dbl": 86.3413314819,
  "target_azimuth_start_dbl": 82.6825408936,
  "target_azimuth_end_dbl": 89.5197525024,
  "target_azimuth_min_dbl": 82.6825408936,
  "target_azimuth_max_dbl": 89.5197525024,
  "sun_azimuth_dbl": 178.47303772,
  "sun_azimuth_min_dbl": 178.451034546,
  "sun_azimuth_max_dbl": 178.493743896,
  "sun_elevation_dbl": 18.3393745422,
  "sun_elevation_min_dbl": 17.7525196075,
  "sun_elevation_max_dbl": 18.8663139343,
  "off_nadir_angle_dbl": 27.3414840698,
  "off_nadir_angle_start_dbl": 26.5767269135,
  "off_nadir_angle_end_dbl": 28.0717658997,
  "off_nadir_angle_min_dbl": 26.5767269135,
  "off_nadir_angle_max_dbl": 28.0717658997
}