{
  "img_filename": "crop_field_1033_5_rgb.jpg",
  "bounding_boxes": [
    {
      "category": "crop_field",
      "ID": 23381,
      "visible": "True",
      "box": [
        9,
        2,
        1014,
        636
      ]
    }
  ],
  "gsd": 0.470828205347,
  "img_width": 1060,
  "img_height": 654,
  "mean_pixel_height": 4.239617889903e-06,
  "mean_pixel_width": 4.237336245283e-06,
  "utm": "30U",
  "country_code": "GBR",
  "cloud_cover": 6,
  "timestamp": "2013-07-10T11:39:12Z",
  "scan_direction": "Forward",
  "approximate_wavelengths": [
    661,
    545,
    477
  ],
  "pan_resolution_dbl": 0.470828205347,
  "pan_resolution_start_dbl": 0.472191154957,
  "pan_resolution_end_dbl": 0.469972938299,
  "pan_resolution_min_dbl": 0.469972938299,
  "pan_resolution_max_dbl": 0.472191154957,
  "multi_resolution_dbl": 1.88690912724,
  "multi_resolution_start_dbl": 1.89191365242,
  "multi_resolution_end_dbl": 1.88340127468,
  "multi_resolution_min_dbl": 1.88340127468,
  "multi_resolution_max_dbl": 1.89191365242,
  "target_azimuth_dbl": 306.625946045,
  "target_azimuth_start_dbl": 309.010314941,
  "target_azimuth_end_dbl": 304.71282959,
  "target_azimuth_min_dbl": 304.71282959,
  "target_azimuth_max_dbl": 309.010314941,
  "sun_azimuth_dbl": 163.306518555,
  "sun_azimuth_min_dbl": 163.23336792,
  "sun_azimuth_max_dbl": 163.404586792,
  "sun_elevation_dbl": 59.3992156982,
  "sun_elevation_min_dbl": 59.1537017822,
  "sun_elevation_max_dbl": 59.5805358887,
  "off_nadir_angle_dbl": 6.68119049072,
  "off_nadir_angle_start_dbl": 7.37402105331,
  "off_nadir_angle_end_dbl": 6.17359924316,
  "off_nadir_angle_min_dbl": 6.17359924316,
  "off_nadir_angle_max_dbl": 7.37402105331
}