{
  "img_filename": "crop_field_1033_3_rgb.jpg",
  "bounding_boxes": [
    {
      "category": "crop_field",
      "ID": 23381,
      "visible": "True",
      "box": [
        8,
        2,
        823,
        517
      ]
    }
  ],
  "gsd": 0.554887115955,
  "img_width": 861,
  "img_height": 532,
  "mean_pixel_height": 5.21186109022e-06,
  "mean_pixel_width": 5.216697351916e-06,
  "utm": "30U",
  "country_code": "GBR",
  "cloud_cover": 5,
  "timestamp": "2016-08-30T11:39:47Z",
  "scan_direction": "Reverse",
  "approximate_wavelengths": [
    661,
    545,
    477
  ],
  "pan_resolution_dbl": 0.554887115955,
  "pan_resolution_start_dbl": 0.544688045979,
  "pan_resolution_end_dbl": 0.582507312298,
  "pan_resolution_min_dbl": 0.542997896671,
  "pan_resolution_max_dbl": 0.582507312298,
  "multi_resolution_dbl": 2.21693396568,
  "multi_resolution_start_dbl": 2.17691421509,
  "multi_resolution_end_dbl": 2.32600355148,
  "multi_resolution_min_dbl": 2.1700758934,
  "multi_resolution_max_dbl": 2.32600355148,
  "target_azimuth_dbl": 78.7862319946,
  "target_azimuth_start_dbl": 102.44669342,
  "target_azimuth_end_dbl": 58.640209198,
  "target_azimuth_min_dbl": 58.640209198,
  "target_azimuth_max_dbl": 102.44669342,
  "sun_azimuth_dbl": 169.038711548,
  "sun_azimuth_min_dbl": 168.817779541,
  "sun_azimuth_max_dbl": 169.246856689,
  "sun_elevation_dbl": 47.2242240906,
  "sun_elevation_min_dbl": 46.4555587769,
  "sun_elevation_max_dbl": 48.0152130127,
  "off_nadir_angle_dbl": 24.7779273987,
  "off_nadir_angle_start_dbl": 23.6303329468,
  "off_nadir_angle_end_dbl": 27.7256774902,
  "off_nadir_angle_min_dbl": 23.4115924835,
  "off_nadir_angle_max_dbl": 27.7256774902
}