{
  "img_filename": "crop_field_1092_7_rgb.jpg",
  "bounding_boxes": [
    {
      "category": "crop_field",
      "ID": 24715,
      "visible": "True",
      "box": [
        703,
        474,
        217,
        426
      ]
    }
  ],
  "gsd": 0.316011816263,
  "img_width": 1588,
  "img_height": 1115,
  "mean_pixel_height": 2.828944573994e-06,
  "mean_pixel_width": 2.828448614609e-06,
  "utm": "33T",
  "country_code": "ITA",
  "cloud_cover": 0,
  "timestamp": "2014-09-18T10:00:34Z",
  "scan_direction": "Forward",
  "approximate_wavelengths": [
    661,
    545,
    477
  ],
  "pan_resolution_dbl": 0.316011816263,
  "pan_resolution_start_dbl": 0.315535396338,
  "pan_resolution_end_dbl": 0.316366255283,
  "pan_resolution_min_dbl": 0.315535396338,
  "pan_resolution_max_dbl": 0.316366255283,
  "multi_resolution_dbl": 1.26407361031,
  "multi_resolution_start_dbl": 1.26216888428,
  "multi_resolution_end_dbl": 1.26549065113,
  "multi_resolution_min_dbl": 1.26216888428,
  "multi_resolution_max_dbl": 1.26549065113,
  "target_azimuth_dbl": 17.6469707489,
  "target_azimuth_start_dbl": 14.6613683701,
  "target_azimuth_end_dbl": 19.7586517334,
  "target_azimuth_min_dbl": 14.6613683701,
  "target_azimuth_max_dbl": 19.7586517334,
  "sun_azimuth_dbl": 157.253570557,
  "sun_azimuth_min_dbl": 157.217147827,
  "sun_azimuth_max_dbl": 157.303649902,
  "sun_elevation_dbl": 44.3553924561,
  "sun_elevation_min_dbl": 44.1863937378,
  "sun_elevation_max_dbl": 44.477848053,
  "off_nadir_angle_dbl": 8.29102420807,
  "off_nadir_angle_start_dbl": 8.04119777679,
  "off_nadir_angle_end_dbl": 8.47773838043,
  "off_nadir_angle_min_dbl": 8.04119777679,
  "off_nadir_angle_max_dbl": 8.47773838043
}