{
  "img_filename": "crop_field_1092_8_msrgb.jpg",
  "bounding_boxes": [
    {
      "category": "crop_field",
      "ID": 24715,
      "visible": "True",
      "box": [
        148,
        99,
        45,
        89
      ]
    }
  ],
  "gsd": 1.51060545444,
  "img_width": 333,
  "img_height": 234,
  "mean_pixel_height": 1.3479800000014e-05,
  "mean_pixel_width": 1.3488217417416e-05,
  "utm": "33T",
  "country_code": "ITA",
  "cloud_cover": 0,
  "timestamp": "2014-09-18T09:59:36Z",
  "scan_direction": "Forward",
  "approximate_wavelengths": [
    661,
    545,
    477
  ],
  "pan_resolution_dbl": 0.377417951822,
  "pan_resolution_start_dbl": 0.37662923336,
  "pan_resolution_end_dbl": 0.377978503704,
  "pan_resolution_min_dbl": 0.37662923336,
  "pan_resolution_max_dbl": 0.377989679575,
  "multi_resolution_dbl": 1.51060545444,
  "multi_resolution_start_dbl": 1.50740265846,
  "multi_resolution_end_dbl": 1.51299750805,
  "multi_resolution_min_dbl": 1.50740265846,
  "multi_resolution_max_dbl": 1.51299750805,
  "target_azimuth_dbl": 193.53225708,
  "target_azimuth_start_dbl": 194.483612061,
  "target_azimuth_end_dbl": 192.850341797,
  "target_azimuth_min_dbl": 192.850341797,
  "target_azimuth_max_dbl": 194.483612061,
  "sun_azimuth_dbl": 156.926879883,
  "sun_azimuth_min_dbl": 156.885482788,
  "sun_azimuth_max_dbl": 156.984085083,
  "sun_elevation_dbl": 44.2895317078,
  "sun_elevation_min_dbl": 44.1131019592,
  "sun_elevation_max_dbl": 44.4166145325,
  "off_nadir_angle_dbl": 26.6718578339,
  "off_nadir_angle_start_dbl": 26.5171051025,
  "off_nadir_angle_end_dbl": 26.7861385345,
  "off_nadir_angle_min_dbl": 26.5171051025,
  "off_nadir_angle_max_dbl": 26.7861385345
}