{
  "img_filename": "crop_field_1092_1_msrgb.jpg",
  "bounding_boxes": [
    {
      "category": "crop_field",
      "ID": 24715,
      "visible": "True",
      "box": [
        111,
        74,
        34,
        68
      ]
    }
  ],
  "gsd": 1.98382198811,
  "img_width": 251,
  "img_height": 177,
  "mean_pixel_height": 1.7820752542392e-05,
  "mean_pixel_width": 1.7894726693225e-05,
  "utm": "33T",
  "country_code": "ITA",
  "cloud_cover": 6,
  "timestamp": "2014-10-03T10:18:47Z",
  "scan_direction": "Forward",
  "approximate_wavelengths": [
    661,
    545,
    477
  ],
  "pan_resolution_dbl": 0.495111018419,
  "pan_resolution_start_dbl": 0.502070188522,
  "pan_resolution_end_dbl": 0.489194482565,
  "pan_resolution_min_dbl": 0.489194482565,
  "pan_resolution_max_dbl": 0.502070188522,
  "multi_resolution_dbl": 1.98382198811,
  "multi_resolution_start_dbl": 2.01176309586,
  "multi_resolution_end_dbl": 1.95999002457,
  "multi_resolution_min_dbl": 1.95999002457,
  "multi_resolution_max_dbl": 2.01176309586,
  "target_azimuth_dbl": 322.394317627,
  "target_azimuth_start_dbl": 323.995391846,
  "target_azimuth_end_dbl": 320.810668945,
  "target_azimuth_min_dbl": 320.810668945,
  "target_azimuth_max_dbl": 323.995391846,
  "sun_azimuth_dbl": 166.603439331,
  "sun_azimuth_min_dbl": 166.53187561,
  "sun_azimuth_max_dbl": 166.682357788,
  "sun_elevation_dbl": 39.8515090942,
  "sun_elevation_min_dbl": 39.2979202271,
  "sun_elevation_max_dbl": 40.3637542725,
  "off_nadir_angle_dbl": 15.229177475,
  "off_nadir_angle_start_dbl": 16.7890300751,
  "off_nadir_angle_end_dbl": 13.7987565994,
  "off_nadir_angle_min_dbl": 13.7987565994,
  "off_nadir_angle_max_dbl": 16.7890300751
}