{
  "img_filename": "crop_field_1092_3_rgb.jpg",
  "bounding_boxes": [
    {
      "category": "crop_field",
      "ID": 24715,
      "visible": "True",
      "box": [
        450,
        304,
        138,
        273
      ]
    }
  ],
  "gsd": 0.49426934123,
  "img_width": 1015,
  "img_height": 713,
  "mean_pixel_height": 4.423945582052e-06,
  "mean_pixel_width": 4.425198423645e-06,
  "utm": "33T",
  "country_code": "ITA",
  "cloud_cover": 0,
  "timestamp": "2011-04-02T10:30:06Z",
  "scan_direction": "Forward",
  "approximate_wavelengths": [
    661,
    545,
    477
  ],
  "pan_resolution_dbl": 0.49426934123,
  "pan_resolution_start_dbl": 0.489932477474,
  "pan_resolution_end_dbl": 0.498051047325,
  "pan_resolution_min_dbl": 0.489932477474,
  "pan_resolution_max_dbl": 0.498051047325,
  "multi_resolution_dbl": 1.98297047615,
  "multi_resolution_start_dbl": 1.96593677998,
  "multi_resolution_end_dbl": 1.99806594849,
  "multi_resolution_min_dbl": 1.96593677998,
  "multi_resolution_max_dbl": 1.99806594849,
  "target_azimuth_dbl": 194.875946045,
  "target_azimuth_start_dbl": 199.010971069,
  "target_azimuth_end_dbl": 191.738922119,
  "target_azimuth_min_dbl": 191.738922119,
  "target_azimuth_max_dbl": 199.010971069,
  "sun_azimuth_dbl": 163.101806641,
  "sun_azimuth_min_dbl": 163.001342773,
  "sun_azimuth_max_dbl": 163.224380493,
  "sun_elevation_dbl": 48.7742729187,
  "sun_elevation_min_dbl": 48.3011016846,
  "sun_elevation_max_dbl": 49.1599655151,
  "off_nadir_angle_dbl": 14.9486637115,
  "off_nadir_angle_start_dbl": 13.8706789017,
  "off_nadir_angle_end_dbl": 15.8612327576,
  "off_nadir_angle_min_dbl": 13.8706789017,
  "off_nadir_angle_max_dbl": 15.8612327576
}