{
  "img_filename": "golf_course_124_0_rgb.jpg",
  "bounding_boxes": [
    {
      "category": "golf_course",
      "ID": 21407,
      "visible": "True",
      "box": [
        1,
        78,
        865,
        486
      ]
    }
  ],
  "gsd": 0.566810131073,
  "img_width": 881,
  "img_height": 587,
  "mean_pixel_height": 5.096553151617e-06,
  "mean_pixel_width": 5.098270147567e-06,
  "utm": "10U",
  "country_code": "CAN",
  "cloud_cover": 2,
  "timestamp": "2012-09-01T20:00:31Z",
  "scan_direction": "Forward",
  "approximate_wavelengths": [
    661,
    545,
    477
  ],
  "pan_resolution_dbl": 0.566810131073,
  "pan_resolution_start_dbl": 0.568135678768,
  "pan_resolution_end_dbl": 0.56651866436,
  "pan_resolution_min_dbl": 0.566300630569,
  "pan_resolution_max_dbl": 0.568135678768,
  "multi_resolution_dbl": 2.27023482323,
  "multi_resolution_start_dbl": 2.27506542206,
  "multi_resolution_end_dbl": 2.26913762093,
  "multi_resolution_min_dbl": 2.26851844788,
  "multi_resolution_max_dbl": 2.27506542206,
  "target_azimuth_dbl": 58.548248291,
  "target_azimuth_start_dbl": 54.1043243408,
  "target_azimuth_end_dbl": 62.3126525879,
  "target_azimuth_min_dbl": 54.1043243408,
  "target_azimuth_max_dbl": 62.3126525879,
  "sun_azimuth_dbl": 174.519271851,
  "sun_azimuth_min_dbl": 174.501876831,
  "sun_azimuth_max_dbl": 174.540466309,
  "sun_elevation_dbl": 49.5338745117,
  "sun_elevation_min_dbl": 48.9314422607,
  "sun_elevation_max_dbl": 50.0437850952,
  "off_nadir_angle_dbl": 26.1433315277,
  "off_nadir_angle_start_dbl": 26.2383441925,
  "off_nadir_angle_end_dbl": 26.1439495087,
  "off_nadir_angle_min_dbl": 26.1081600189,
  "off_nadir_angle_max_dbl": 26.2383441925
}