{
  "img_filename": "golf_course_148_2_rgb.jpg",
  "bounding_boxes": [
    {
      "category": "golf_course",
      "ID": 25995,
      "visible": "True",
      "box": [
        374,
        12,
        480,
        686
      ]
    }
  ],
  "gsd": 0.563192009926,
  "img_width": 879,
  "img_height": 720,
  "mean_pixel_height": 5.104596527783e-06,
  "mean_pixel_width": 5.109870307159e-06,
  "utm": "54S",
  "country_code": "JPN",
  "cloud_cover": 0,
  "timestamp": "2015-03-31T01:47:42Z",
  "scan_direction": "Forward",
  "approximate_wavelengths": [
    661,
    545,
    477
  ],
  "pan_resolution_dbl": 0.563192009926,
  "pan_resolution_start_dbl": 0.551488816738,
  "pan_resolution_end_dbl": 0.574033081532,
  "pan_resolution_min_dbl": 0.551488816738,
  "pan_resolution_max_dbl": 0.574033081532,
  "multi_resolution_dbl": 2.26140666008,
  "multi_resolution_start_dbl": 2.21480107307,
  "multi_resolution_end_dbl": 2.30533647537,
  "multi_resolution_min_dbl": 2.21480107307,
  "multi_resolution_max_dbl": 2.30533647537,
  "target_azimuth_dbl": 174.587524414,
  "target_azimuth_start_dbl": 175.369155884,
  "target_azimuth_end_dbl": 173.948532104,
  "target_azimuth_min_dbl": 173.948532104,
  "target_azimuth_max_dbl": 175.369155884,
  "sun_azimuth_dbl": 153.267776489,
  "sun_azimuth_min_dbl": 153.029418945,
  "sun_azimuth_max_dbl": 153.529708862,
  "sun_elevation_dbl": 55.6649971008,
  "sun_elevation_min_dbl": 55.2618865967,
  "sun_elevation_max_dbl": 56.025604248,
  "off_nadir_angle_dbl": 26.2434196472,
  "off_nadir_angle_start_dbl": 24.927318573,
  "off_nadir_angle_end_dbl": 27.4252033234,
  "off_nadir_angle_min_dbl": 24.927318573,
  "off_nadir_angle_max_dbl": 27.4252033234
}