{
  "img_filename": "golf_course_148_8_msrgb.jpg",
  "bounding_boxes": [
    {
      "category": "golf_course",
      "ID": 25995,
      "visible": "True",
      "box": [
        169,
        5,
        219,
        313
      ]
    }
  ],
  "gsd": 1.25607407093,
  "img_width": 400,
  "img_height": 328,
  "mean_pixel_height": 1.1219405858857e-05,
  "mean_pixel_width": 1.1219405858895e-05,
  "utm": "54S",
  "country_code": "JPN",
  "cloud_cover": 1,
  "timestamp": "2014-12-14T01:29:28Z",
  "scan_direction": "Forward",
  "approximate_wavelengths": [
    661,
    545,
    477
  ],
  "pan_resolution_dbl": 0.31395766139,
  "pan_resolution_start_dbl": 0.313936889172,
  "pan_resolution_end_dbl": 0.314144968987,
  "pan_resolution_min_dbl": 0.313803225756,
  "pan_resolution_max_dbl": 0.314144968987,
  "multi_resolution_dbl": 1.25607407093,
  "multi_resolution_start_dbl": 1.2559928894,
  "multi_resolution_end_dbl": 1.25682175159,
  "multi_resolution_min_dbl": 1.25545728207,
  "multi_resolution_max_dbl": 1.25682175159,
  "target_azimuth_dbl": 155.524917603,
  "target_azimuth_start_dbl": 163.769424438,
  "target_azimuth_end_dbl": 148.011428833,
  "target_azimuth_min_dbl": 148.011428833,
  "target_azimuth_max_dbl": 163.769424438,
  "sun_azimuth_dbl": 162.393569946,
  "sun_azimuth_min_dbl": 162.356201172,
  "sun_azimuth_max_dbl": 162.433135986,
  "sun_elevation_dbl": 29.2130413055,
  "sun_elevation_min_dbl": 28.8021316528,
  "sun_elevation_max_dbl": 29.5944232941,
  "off_nadir_angle_dbl": 8.00944423676,
  "off_nadir_angle_start_dbl": 7.91402816772,
  "off_nadir_angle_end_dbl": 8.18111991882,
  "off_nadir_angle_min_dbl": 7.91402816772,
  "off_nadir_angle_max_dbl": 8.18111991882
}