{
  "img_filename": "golf_course_148_1_msrgb.jpg",
  "bounding_boxes": [
    {
      "category": "golf_course",
      "ID": 25995,
      "visible": "True",
      "box": [
        106,
        3,
        135,
        194
      ]
    }
  ],
  "gsd": 2.016497612,
  "img_width": 249,
  "img_height": 203,
  "mean_pixel_height": 1.8104972906422e-05,
  "mean_pixel_width": 1.8038457831295e-05,
  "utm": "54S",
  "country_code": "JPN",
  "cloud_cover": 0,
  "timestamp": "2012-08-21T01:46:53Z",
  "scan_direction": "Forward",
  "approximate_wavelengths": [
    661,
    545,
    477
  ],
  "pan_resolution_dbl": 0.503104090691,
  "pan_resolution_start_dbl": 0.50566983223,
  "pan_resolution_end_dbl": 0.501143872738,
  "pan_resolution_min_dbl": 0.501143872738,
  "pan_resolution_max_dbl": 0.50566983223,
  "multi_resolution_dbl": 2.016497612,
  "multi_resolution_start_dbl": 2.02641153336,
  "multi_resolution_end_dbl": 2.00888824463,
  "multi_resolution_min_dbl": 2.00888824463,
  "multi_resolution_max_dbl": 2.02641153336,
  "target_azimuth_dbl": 269.994934082,
  "target_azimuth_start_dbl": 274.074584961,
  "target_azimuth_end_dbl": 266.371887207,
  "target_azimuth_min_dbl": 266.371887207,
  "target_azimuth_max_dbl": 274.074584961,
  "sun_azimuth_dbl": 147.197616577,
  "sun_azimuth_min_dbl": 146.79196167,
  "sun_azimuth_max_dbl": 147.656890869,
  "sun_elevation_dbl": 63.1339874268,
  "sun_elevation_min_dbl": 62.7277069092,
  "sun_elevation_max_dbl": 63.4837112427,
  "off_nadir_angle_dbl": 17.2814350128,
  "off_nadir_angle_start_dbl": 17.7658882141,
  "off_nadir_angle_end_dbl": 16.9029369354,
  "off_nadir_angle_min_dbl": 16.9029369354,
  "off_nadir_angle_max_dbl": 17.7658882141
}