{
  "img_filename": "golf_course_132_0_rgb.jpg",
  "bounding_boxes": [
    {
      "category": "golf_course",
      "ID": 22564,
      "visible": "True",
      "box": [
        3,
        0,
        886,
        559
      ]
    }
  ],
  "gsd": 0.553705573082,
  "img_width": 898,
  "img_height": 564,
  "mean_pixel_height": 4.996504255319e-06,
  "mean_pixel_width": 5.001755478842e-06,
  "utm": "31U",
  "country_code": "BEL",
  "cloud_cover": 0,
  "timestamp": "2016-01-08T11:08:49Z",
  "scan_direction": "Forward",
  "approximate_wavelengths": [
    661,
    545,
    477
  ],
  "pan_resolution_dbl": 0.553705573082,
  "pan_resolution_start_dbl": 0.55550712347,
  "pan_resolution_end_dbl": 0.552465498447,
  "pan_resolution_min_dbl": 0.552465498447,
  "pan_resolution_max_dbl": 0.55550712347,
  "multi_resolution_dbl": 2.21604442596,
  "multi_resolution_start_dbl": 2.22308039665,
  "multi_resolution_end_dbl": 2.21122789383,
  "multi_resolution_min_dbl": 2.21122789383,
  "multi_resolution_max_dbl": 2.22308039665,
  "target_azimuth_dbl": 52.5536346436,
  "target_azimuth_start_dbl": 49.450340271,
  "target_azimuth_end_dbl": 55.1943359375,
  "target_azimuth_min_dbl": 49.450340271,
  "target_azimuth_max_dbl": 55.1943359375,
  "sun_azimuth_dbl": 168.916290283,
  "sun_azimuth_min_dbl": 168.911071777,
  "sun_azimuth_max_dbl": 168.922225952,
  "sun_elevation_dbl": 16.2673664093,
  "sun_elevation_min_dbl": 15.8707952499,
  "sun_elevation_max_dbl": 16.6031036377,
  "off_nadir_angle_dbl": 24.5879173279,
  "off_nadir_angle_start_dbl": 24.7781410217,
  "off_nadir_angle_end_dbl": 24.4604301453,
  "off_nadir_angle_min_dbl": 24.4604301453,
  "off_nadir_angle_max_dbl": 24.7781410217
}