{
  "img_filename": "golf_course_129_7_msrgb.jpg",
  "bounding_boxes": [
    {
      "category": "golf_course",
      "ID": 22058,
      "visible": "True",
      "box": [
        32,
        32,
        253,
        228
      ]
    }
  ],
  "gsd": 1.49468076229,
  "img_width": 340,
  "img_height": 306,
  "mean_pixel_height": 1.3222005309404e-05,
  "mean_pixel_width": 1.3222005309392e-05,
  "utm": "52R",
  "country_code": "JPN",
  "cloud_cover": 5,
  "timestamp": "2016-08-31T02:19:27Z",
  "scan_direction": "Reverse",
  "approximate_wavelengths": [
    661,
    545,
    477
  ],
  "pan_resolution_dbl": 0.373867243528,
  "pan_resolution_start_dbl": 0.367896199226,
  "pan_resolution_end_dbl": 0.38084641099,
  "pan_resolution_min_dbl": 0.367896199226,
  "pan_resolution_max_dbl": 0.38084641099,
  "multi_resolution_dbl": 1.49468076229,
  "multi_resolution_start_dbl": 1.4712293148,
  "multi_resolution_end_dbl": 1.52221548557,
  "multi_resolution_min_dbl": 1.4712293148,
  "multi_resolution_max_dbl": 1.52221548557,
  "target_azimuth_dbl": 293.249572754,
  "target_azimuth_start_dbl": 283.031982422,
  "target_azimuth_end_dbl": 301.536437988,
  "target_azimuth_min_dbl": 283.031982422,
  "target_azimuth_max_dbl": 301.536437988,
  "sun_azimuth_dbl": 133.730377197,
  "sun_azimuth_min_dbl": 133.290390015,
  "sun_azimuth_max_dbl": 134.105270386,
  "sun_elevation_dbl": 65.8489379883,
  "sun_elevation_min_dbl": 65.7075881958,
  "sun_elevation_max_dbl": 66.0121688843,
  "off_nadir_angle_dbl": 26.1974754333,
  "off_nadir_angle_start_dbl": 25.2603034973,
  "off_nadir_angle_end_dbl": 27.2798690796,
  "off_nadir_angle_min_dbl": 25.2603034973,
  "off_nadir_angle_max_dbl": 27.2798690796
}