{
  "img_filename": "golf_course_129_5_rgb.jpg",
  "bounding_boxes": [
    {
      "category": "golf_course",
      "ID": 22058,
      "visible": "True",
      "box": [
        97,
        97,
        752,
        677
      ]
    }
  ],
  "gsd": 0.495804876089,
  "img_width": 1008,
  "img_height": 908,
  "mean_pixel_height": 4.458043658673e-06,
  "mean_pixel_width": 4.458043658673e-06,
  "utm": "52R",
  "country_code": "JPN",
  "cloud_cover": 7,
  "timestamp": "2015-09-09T02:13:09Z",
  "scan_direction": "Forward",
  "approximate_wavelengths": [
    661,
    545,
    477
  ],
  "pan_resolution_dbl": 0.495804876089,
  "pan_resolution_start_dbl": 0.494098961353,
  "pan_resolution_end_dbl": 0.497298747301,
  "pan_resolution_min_dbl": 0.494098961353,
  "pan_resolution_max_dbl": 0.497298747301,
  "multi_resolution_dbl": 1.98879635334,
  "multi_resolution_start_dbl": 1.98203098774,
  "multi_resolution_end_dbl": 1.99500346184,
  "multi_resolution_min_dbl": 1.98203098774,
  "multi_resolution_max_dbl": 1.99500346184,
  "target_azimuth_dbl": 204.86114502,
  "target_azimuth_start_dbl": 206.480545044,
  "target_azimuth_end_dbl": 203.460571289,
  "target_azimuth_min_dbl": 203.460571289,
  "target_azimuth_max_dbl": 206.480545044,
  "sun_azimuth_dbl": 136.401824951,
  "sun_azimuth_min_dbl": 136.173278809,
  "sun_azimuth_max_dbl": 136.658172607,
  "sun_elevation_dbl": 63.0439834595,
  "sun_elevation_min_dbl": 62.89220047,
  "sun_elevation_max_dbl": 63.1781730652,
  "off_nadir_angle_dbl": 16.1436519623,
  "off_nadir_angle_start_dbl": 15.7612380981,
  "off_nadir_angle_end_dbl": 16.4891853333,
  "off_nadir_angle_min_dbl": 15.7612380981,
  "off_nadir_angle_max_dbl": 16.4891853333
}