{
  "img_filename": "crop_field_1086_4_rgb.jpg",
  "bounding_boxes": [
    {
      "category": "crop_field",
      "ID": 24583,
      "visible": "True",
      "box": [
        257,
        164,
        266,
        211
      ]
    }
  ],
  "gsd": 0.621967554092,
  "img_width": 798,
  "img_height": 558,
  "mean_pixel_height": 5.630259677421e-06,
  "mean_pixel_width": 5.628541854636e-06,
  "utm": "33T",
  "country_code": "ITA",
  "cloud_cover": 24,
  "timestamp": "2016-06-17T10:30:25Z",
  "scan_direction": "Forward",
  "approximate_wavelengths": [
    661,
    545,
    477
  ],
  "pan_resolution_dbl": 0.621967554092,
  "pan_resolution_start_dbl": 0.614556849003,
  "pan_resolution_end_dbl": 0.628530502319,
  "pan_resolution_min_dbl": 0.614556849003,
  "pan_resolution_max_dbl": 0.628530502319,
  "multi_resolution_dbl": 2.49727153778,
  "multi_resolution_start_dbl": 2.46658802032,
  "multi_resolution_end_dbl": 2.5240278244,
  "multi_resolution_min_dbl": 2.46658802032,
  "multi_resolution_max_dbl": 2.5240278244,
  "target_azimuth_dbl": 148.569488525,
  "target_azimuth_start_dbl": 148.341690063,
  "target_azimuth_end_dbl": 148.763214111,
  "target_azimuth_min_dbl": 148.341690063,
  "target_azimuth_max_dbl": 148.763214111,
  "sun_azimuth_dbl": 155.897247314,
  "sun_azimuth_min_dbl": 155.756240845,
  "sun_azimuth_max_dbl": 156.058776855,
  "sun_elevation_dbl": 66.1837081909,
  "sun_elevation_min_dbl": 65.9921951294,
  "sun_elevation_max_dbl": 66.3444061279,
  "off_nadir_angle_dbl": 31.2916240692,
  "off_nadir_angle_start_dbl": 30.7022762299,
  "off_nadir_angle_end_dbl": 31.7953033447,
  "off_nadir_angle_min_dbl": 30.7022762299,
  "off_nadir_angle_max_dbl": 31.7953033447
}