{
  "img_filename": "golf_course_158_2_rgb.jpg",
  "bounding_boxes": [
    {
      "category": "golf_course",
      "ID": 27891,
      "visible": "True",
      "box": [
        357,
        129,
        243,
        324
      ]
    }
  ],
  "gsd": 0.557017922401,
  "img_width": 897,
  "img_height": 537,
  "mean_pixel_height": 5.011233333333e-06,
  "mean_pixel_width": 5.007331571906e-06,
  "utm": "29U",
  "country_code": "IRL",
  "cloud_cover": 0,
  "timestamp": "2015-04-21T12:08:52Z",
  "scan_direction": "Reverse",
  "approximate_wavelengths": [
    661,
    545,
    477
  ],
  "pan_resolution_dbl": 0.557017922401,
  "pan_resolution_start_dbl": 0.559345960617,
  "pan_resolution_end_dbl": 0.556305468082,
  "pan_resolution_min_dbl": 0.556086957455,
  "pan_resolution_max_dbl": 0.559345960617,
  "multi_resolution_dbl": 2.2268948555,
  "multi_resolution_start_dbl": 2.23605966568,
  "multi_resolution_end_dbl": 2.22394037247,
  "multi_resolution_min_dbl": 2.2231464386,
  "multi_resolution_max_dbl": 2.23605966568,
  "target_azimuth_dbl": 96.9067687988,
  "target_azimuth_start_dbl": 104.155830383,
  "target_azimuth_end_dbl": 90.3178329468,
  "target_azimuth_min_dbl": 90.3178329468,
  "target_azimuth_max_dbl": 104.155830383,
  "sun_azimuth_dbl": 174.480926514,
  "sun_azimuth_min_dbl": 174.438919067,
  "sun_azimuth_max_dbl": 174.515441895,
  "sun_elevation_dbl": 48.565196991,
  "sun_elevation_min_dbl": 48.3340263367,
  "sun_elevation_max_dbl": 48.8216972351,
  "off_nadir_angle_dbl": 25.0465126038,
  "off_nadir_angle_start_dbl": 25.3124675751,
  "off_nadir_angle_end_dbl": 24.9642906189,
  "off_nadir_angle_min_dbl": 24.9394664764,
  "off_nadir_angle_max_dbl": 25.3124675751
}