{
  "img_filename": "golf_course_158_1_rgb.jpg",
  "bounding_boxes": [
    {
      "category": "golf_course",
      "ID": 27891,
      "visible": "True",
      "box": [
        350,
        128,
        238,
        317
      ]
    }
  ],
  "gsd": 0.563592076302,
  "img_width": 879,
  "img_height": 527,
  "mean_pixel_height": 5.106323149904e-06,
  "mean_pixel_width": 5.109870784982e-06,
  "utm": "29U",
  "country_code": "IRL",
  "cloud_cover": 0,
  "timestamp": "2016-07-17T12:02:34Z",
  "scan_direction": "Forward",
  "approximate_wavelengths": [
    661,
    545,
    477
  ],
  "pan_resolution_dbl": 0.563592076302,
  "pan_resolution_start_dbl": 0.555075883865,
  "pan_resolution_end_dbl": 0.572624921799,
  "pan_resolution_min_dbl": 0.555075883865,
  "pan_resolution_max_dbl": 0.572624921799,
  "multi_resolution_dbl": 2.25961399078,
  "multi_resolution_start_dbl": 2.22529840469,
  "multi_resolution_end_dbl": 2.2959189415,
  "multi_resolution_min_dbl": 2.22529840469,
  "multi_resolution_max_dbl": 2.2959189415,
  "target_azimuth_dbl": 93.9300765991,
  "target_azimuth_start_dbl": 90.7092666626,
  "target_azimuth_end_dbl": 96.9646224976,
  "target_azimuth_min_dbl": 90.7092666626,
  "target_azimuth_max_dbl": 96.9646224976,
  "sun_azimuth_dbl": 167.489089966,
  "sun_azimuth_min_dbl": 167.345779419,
  "sun_azimuth_max_dbl": 167.629074097,
  "sun_elevation_dbl": 57.2877311707,
  "sun_elevation_min_dbl": 56.7610931396,
  "sun_elevation_max_dbl": 57.8060112,
  "off_nadir_angle_dbl": 25.8363075256,
  "off_nadir_angle_start_dbl": 24.8536128998,
  "off_nadir_angle_end_dbl": 26.8318500519,
  "off_nadir_angle_min_dbl": 24.8536128998,
  "off_nadir_angle_max_dbl": 26.8318500519
}