{
  "img_filename": "golf_course_158_0_rgb.jpg",
  "bounding_boxes": [
    {
      "category": "golf_course",
      "ID": 27891,
      "visible": "True",
      "box": [
        301,
        110,
        205,
        274
      ]
    }
  ],
  "gsd": 0.666636347771,
  "img_width": 758,
  "img_height": 454,
  "mean_pixel_height": 5.927383920704e-06,
  "mean_pixel_width": 5.925562559366e-06,
  "utm": "29U",
  "country_code": "IRL",
  "cloud_cover": 0,
  "timestamp": "2009-06-24T11:45:01Z",
  "scan_direction": "Forward",
  "approximate_wavelengths": [
    661,
    545,
    477
  ],
  "pan_resolution_dbl": 0.666636347771,
  "pan_resolution_start_dbl": 0.672085881233,
  "pan_resolution_end_dbl": 0.662523269653,
  "pan_resolution_min_dbl": 0.662523269653,
  "pan_resolution_max_dbl": 0.672085881233,
  "multi_resolution_dbl": 2.66512656212,
  "multi_resolution_start_dbl": 2.68700313568,
  "multi_resolution_end_dbl": 2.64869427681,
  "multi_resolution_min_dbl": 2.64869427681,
  "multi_resolution_max_dbl": 2.68700313568,
  "target_azimuth_dbl": 158.941665649,
  "target_azimuth_start_dbl": 163.868850708,
  "target_azimuth_end_dbl": 154.146270752,
  "target_azimuth_min_dbl": 154.146270752,
  "target_azimuth_max_dbl": 163.868850708,
  "sun_azimuth_dbl": 160.769821167,
  "sun_azimuth_min_dbl": 160.700164795,
  "sun_azimuth_max_dbl": 160.847442627,
  "sun_elevation_dbl": 59.2114219666,
  "sun_elevation_min_dbl": 59.0130157471,
  "sun_elevation_max_dbl": 59.3915100098,
  "off_nadir_angle_dbl": 17.5288658142,
  "off_nadir_angle_start_dbl": 18.373878479,
  "off_nadir_angle_end_dbl": 16.7971553802,
  "off_nadir_angle_min_dbl": 16.7971553802,
  "off_nadir_angle_max_dbl": 18.373878479
}