{
  "img_filename": "golf_course_158_3_rgb.jpg",
  "bounding_boxes": [
    {
      "category": "golf_course",
      "ID": 27891,
      "visible": "True",
      "box": [
        396,
        144,
        268,
        358
      ]
    }
  ],
  "gsd": 0.420449286699,
  "img_width": 993,
  "img_height": 595,
  "mean_pixel_height": 4.522743361344e-06,
  "mean_pixel_width": 4.523239093655e-06,
  "utm": "29U",
  "country_code": "IRL",
  "cloud_cover": 1,
  "timestamp": "2015-03-19T11:24:07Z",
  "scan_direction": "Forward",
  "approximate_wavelengths": [
    661,
    545,
    477
  ],
  "pan_resolution_dbl": 0.420449286699,
  "pan_resolution_start_dbl": 0.42012912035,
  "pan_resolution_end_dbl": 0.420808702707,
  "pan_resolution_min_dbl": 0.42012912035,
  "pan_resolution_max_dbl": 0.420808702707,
  "multi_resolution_dbl": 1.6830419302,
  "multi_resolution_start_dbl": 1.68171453476,
  "multi_resolution_end_dbl": 1.68463730812,
  "multi_resolution_min_dbl": 1.68171453476,
  "multi_resolution_max_dbl": 1.68463730812,
  "target_azimuth_dbl": 223.903259277,
  "target_azimuth_start_dbl": 225.157043457,
  "target_azimuth_end_dbl": 222.635665894,
  "target_azimuth_min_dbl": 222.635665894,
  "target_azimuth_max_dbl": 225.157043457,
  "sun_azimuth_dbl": 158.964004517,
  "sun_azimuth_min_dbl": 158.916320801,
  "sun_azimuth_max_dbl": 159.012054443,
  "sun_elevation_dbl": 34.3787078857,
  "sun_elevation_min_dbl": 34.1201591492,
  "sun_elevation_max_dbl": 34.639087677,
  "off_nadir_angle_dbl": 32.1812133789,
  "off_nadir_angle_start_dbl": 32.140422821,
  "off_nadir_angle_end_dbl": 32.2319335938,
  "off_nadir_angle_min_dbl": 32.140422821,
  "off_nadir_angle_max_dbl": 32.2319335938
}