{
  "img_filename": "golf_course_126_15_msrgb.jpg",
  "bounding_boxes": [
    {
      "category": "golf_course",
      "ID": 21694,
      "visible": "True",
      "box": [
        32,
        40,
        194,
        154
      ]
    }
  ],
  "gsd": 2.19858956337,
  "img_width": 228,
  "img_height": 200,
  "mean_pixel_height": 1.9678530697913e-05,
  "mean_pixel_width": 1.9678530697912e-05,
  "utm": "15R",
  "country_code": "USA",
  "cloud_cover": 0,
  "timestamp": "2010-09-30T17:07:40Z",
  "scan_direction": "Forward",
  "approximate_wavelengths": [
    661,
    545,
    477
  ],
  "pan_resolution_dbl": 0.548191666603,
  "pan_resolution_start_dbl": 0.548357188702,
  "pan_resolution_end_dbl": 0.548545837402,
  "pan_resolution_min_dbl": 0.547933876514,
  "pan_resolution_max_dbl": 0.548545837402,
  "multi_resolution_dbl": 2.19858956337,
  "multi_resolution_start_dbl": 2.19915246964,
  "multi_resolution_end_dbl": 2.19985985756,
  "multi_resolution_min_dbl": 2.1978662014,
  "multi_resolution_max_dbl": 2.19985985756,
  "target_azimuth_dbl": 251.861312866,
  "target_azimuth_start_dbl": 256.080047607,
  "target_azimuth_end_dbl": 248.240905762,
  "target_azimuth_min_dbl": 248.240905762,
  "target_azimuth_max_dbl": 256.080047607,
  "sun_azimuth_dbl": 152.396911621,
  "sun_azimuth_min_dbl": 152.09942627,
  "sun_azimuth_max_dbl": 152.738464355,
  "sun_elevation_dbl": 54.4576072693,
  "sun_elevation_min_dbl": 53.9178314209,
  "sun_elevation_max_dbl": 54.918422699,
  "off_nadir_angle_dbl": 24.3877086639,
  "off_nadir_angle_start_dbl": 24.4102344513,
  "off_nadir_angle_end_dbl": 24.4213790894,
  "off_nadir_angle_min_dbl": 24.3663234711,
  "off_nadir_angle_max_dbl": 24.4213790894
}