{
  "img_filename": "golf_course_126_4_rgb.jpg",
  "bounding_boxes": [
    {
      "category": "golf_course",
      "ID": 21694,
      "visible": "True",
      "box": [
        136,
        172,
        828,
        660
      ]
    }
  ],
  "gsd": 0.503480672836,
  "img_width": 973,
  "img_height": 852,
  "mean_pixel_height": 4.61284730047e-06,
  "mean_pixel_width": 4.616214182939e-06,
  "utm": "15R",
  "country_code": "USA",
  "cloud_cover": 0,
  "timestamp": "2016-02-08T17:12:12Z",
  "scan_direction": "Reverse",
  "approximate_wavelengths": [
    661,
    545,
    477
  ],
  "pan_resolution_dbl": 0.503480672836,
  "pan_resolution_start_dbl": 0.491790503263,
  "pan_resolution_end_dbl": 0.522860169411,
  "pan_resolution_min_dbl": 0.491790503263,
  "pan_resolution_max_dbl": 0.522860169411,
  "multi_resolution_dbl": 2.01089501381,
  "multi_resolution_start_dbl": 1.96500110626,
  "multi_resolution_end_dbl": 2.08753871918,
  "multi_resolution_min_dbl": 1.96500110626,
  "multi_resolution_max_dbl": 2.08753871918,
  "target_azimuth_dbl": 67.3985977173,
  "target_azimuth_start_dbl": 92.1189498901,
  "target_azimuth_end_dbl": 48.8084335327,
  "target_azimuth_min_dbl": 48.8084335327,
  "target_azimuth_max_dbl": 92.1189498901,
  "sun_azimuth_dbl": 153.171554565,
  "sun_azimuth_min_dbl": 152.91835022,
  "sun_azimuth_max_dbl": 153.409011841,
  "sun_elevation_dbl": 41.3272628784,
  "sun_elevation_min_dbl": 40.8639678955,
  "sun_elevation_max_dbl": 41.8118209839,
  "off_nadir_angle_dbl": 17.2614631653,
  "off_nadir_angle_start_dbl": 14.8939619064,
  "off_nadir_angle_end_dbl": 20.7629241943,
  "off_nadir_angle_min_dbl": 14.8939619064,
  "off_nadir_angle_max_dbl": 20.7629241943
}