{
  "img_filename": "golf_course_126_3_rgb.jpg",
  "bounding_boxes": [
    {
      "category": "golf_course",
      "ID": 21694,
      "visible": "True",
      "box": [
        123,
        154,
        744,
        593
      ]
    }
  ],
  "gsd": 0.570097208023,
  "img_width": 875,
  "img_height": 765,
  "mean_pixel_height": 5.137445620915e-06,
  "mean_pixel_width": 5.133230171428e-06,
  "utm": "15R",
  "country_code": "USA",
  "cloud_cover": 0,
  "timestamp": "2012-12-12T17:23:32Z",
  "scan_direction": "Forward",
  "approximate_wavelengths": [
    661,
    545,
    477
  ],
  "pan_resolution_dbl": 0.570097208023,
  "pan_resolution_start_dbl": 0.560100972652,
  "pan_resolution_end_dbl": 0.579560279846,
  "pan_resolution_min_dbl": 0.560100972652,
  "pan_resolution_max_dbl": 0.579560279846,
  "multi_resolution_dbl": 2.28606772423,
  "multi_resolution_start_dbl": 2.24571490288,
  "multi_resolution_end_dbl": 2.324259758,
  "multi_resolution_min_dbl": 2.24571490288,
  "multi_resolution_max_dbl": 2.324259758,
  "target_azimuth_dbl": 216.369552612,
  "target_azimuth_start_dbl": 220.10534668,
  "target_azimuth_end_dbl": 213.291809082,
  "target_azimuth_min_dbl": 213.291809082,
  "target_azimuth_max_dbl": 220.10534668,
  "sun_azimuth_dbl": 165.576934814,
  "sun_azimuth_min_dbl": 165.503555298,
  "sun_azimuth_max_dbl": 165.660614014,
  "sun_elevation_dbl": 36.1190795898,
  "sun_elevation_min_dbl": 35.4973182678,
  "sun_elevation_max_dbl": 36.6531219482,
  "off_nadir_angle_dbl": 26.7682342529,
  "off_nadir_angle_start_dbl": 25.691619873,
  "off_nadir_angle_end_dbl": 27.7481269836,
  "off_nadir_angle_min_dbl": 25.691619873,
  "off_nadir_angle_max_dbl": 27.7481269836
}