{
  "img_filename": "golf_course_13_1_rgb.jpg",
  "bounding_boxes": [
    {
      "category": "golf_course",
      "ID": 1544,
      "visible": "True",
      "box": [
        3,
        7,
        880,
        813
      ]
    }
  ],
  "gsd": 0.55431240797,
  "img_width": 895,
  "img_height": 828,
  "mean_pixel_height": 5.021344806763e-06,
  "mean_pixel_width": 5.018520670398e-06,
  "utm": "12Q",
  "country_code": "MEX",
  "cloud_cover": 0,
  "timestamp": "2016-02-01T18:12:02Z",
  "scan_direction": "Forward",
  "approximate_wavelengths": [
    661,
    545,
    477
  ],
  "pan_resolution_dbl": 0.55431240797,
  "pan_resolution_start_dbl": 0.551036536694,
  "pan_resolution_end_dbl": 0.558022558689,
  "pan_resolution_min_dbl": 0.551036536694,
  "pan_resolution_max_dbl": 0.558022558689,
  "multi_resolution_dbl": 2.22166109085,
  "multi_resolution_start_dbl": 2.20814704895,
  "multi_resolution_end_dbl": 2.23665237427,
  "multi_resolution_min_dbl": 2.20814704895,
  "multi_resolution_max_dbl": 2.23665237427,
  "target_azimuth_dbl": 83.172088623,
  "target_azimuth_start_dbl": 79.6136703491,
  "target_azimuth_end_dbl": 86.5612792969,
  "target_azimuth_min_dbl": 79.6136703491,
  "target_azimuth_max_dbl": 86.5612792969,
  "sun_azimuth_dbl": 152.404129028,
  "sun_azimuth_min_dbl": 152.189163208,
  "sun_azimuth_max_dbl": 152.622329712,
  "sun_elevation_dbl": 45.0615921021,
  "sun_elevation_min_dbl": 44.5765838623,
  "sun_elevation_max_dbl": 45.5334663391,
  "off_nadir_angle_dbl": 25.3072834015,
  "off_nadir_angle_start_dbl": 24.8975143433,
  "off_nadir_angle_end_dbl": 25.7508811951,
  "off_nadir_angle_min_dbl": 24.8975143433,
  "off_nadir_angle_max_dbl": 25.7508811951
}