{
  "img_filename": "golf_course_121_4_msrgb.jpg",
  "bounding_boxes": [
    {
      "category": "golf_course",
      "ID": 20537,
      "visible": "True",
      "box": [
        0,
        1,
        238,
        167
      ]
    }
  ],
  "gsd": 1.70380878448,
  "img_width": 242,
  "img_height": 172,
  "mean_pixel_height": 1.8575623255847e-05,
  "mean_pixel_width": 1.8560233140497e-05,
  "utm": "30T",
  "country_code": "FRA",
  "cloud_cover": 0,
  "timestamp": "2012-07-27T10:58:08Z",
  "scan_direction": "Reverse",
  "approximate_wavelengths": [
    661,
    545,
    477
  ],
  "pan_resolution_dbl": 0.425894021988,
  "pan_resolution_start_dbl": 0.415612459183,
  "pan_resolution_end_dbl": 0.449683725834,
  "pan_resolution_min_dbl": 0.413792788982,
  "pan_resolution_max_dbl": 0.449683725834,
  "multi_resolution_dbl": 1.70380878448,
  "multi_resolution_start_dbl": 1.66270446777,
  "multi_resolution_end_dbl": 1.7989563942,
  "multi_resolution_min_dbl": 1.6554158926,
  "multi_resolution_max_dbl": 1.7989563942,
  "target_azimuth_dbl": 317.160827637,
  "target_azimuth_start_dbl": 246.845977783,
  "target_azimuth_end_dbl": 348.169433594,
  "target_azimuth_min_dbl": 246.845977783,
  "target_azimuth_max_dbl": 348.169433594,
  "sun_azimuth_dbl": 143.106887817,
  "sun_azimuth_min_dbl": 142.490905762,
  "sun_azimuth_max_dbl": 143.649093628,
  "sun_elevation_dbl": 60.5676689148,
  "sun_elevation_min_dbl": 60.2385368347,
  "sun_elevation_max_dbl": 60.9319648743,
  "off_nadir_angle_dbl": 11.4927921295,
  "off_nadir_angle_start_dbl": 8.01442146301,
  "off_nadir_angle_end_dbl": 18.6317005157,
  "off_nadir_angle_min_dbl": 6.83187150955,
  "off_nadir_angle_max_dbl": 18.6317005157
}