{
  "img_filename": "golf_course_121_1_msrgb.jpg",
  "bounding_boxes": [
    {
      "category": "golf_course",
      "ID": 20537,
      "visible": "True",
      "box": [
        1,
        1,
        245,
        173
      ]
    }
  ],
  "gsd": 2.02623558044,
  "img_width": 250,
  "img_height": 178,
  "mean_pixel_height": 1.7949478651718e-05,
  "mean_pixel_width": 1.7966305680001e-05,
  "utm": "30T",
  "country_code": "FRA",
  "cloud_cover": 0,
  "timestamp": "2013-12-12T11:33:13Z",
  "scan_direction": "Forward",
  "approximate_wavelengths": [
    661,
    545,
    477
  ],
  "pan_resolution_dbl": 0.505207955837,
  "pan_resolution_start_dbl": 0.497099518776,
  "pan_resolution_end_dbl": 0.512928307056,
  "pan_resolution_min_dbl": 0.497099518776,
  "pan_resolution_max_dbl": 0.512928307056,
  "multi_resolution_dbl": 2.02623558044,
  "multi_resolution_start_dbl": 1.99348187447,
  "multi_resolution_end_dbl": 2.05741643906,
  "multi_resolution_min_dbl": 1.99348187447,
  "multi_resolution_max_dbl": 2.05741643906,
  "target_azimuth_dbl": 160.943878174,
  "target_azimuth_start_dbl": 161.904785156,
  "target_azimuth_end_dbl": 160.22869873,
  "target_azimuth_min_dbl": 160.22869873,
  "target_azimuth_max_dbl": 161.904785156,
  "sun_azimuth_dbl": 173.633422852,
  "sun_azimuth_min_dbl": 173.632827759,
  "sun_azimuth_max_dbl": 173.633682251,
  "sun_elevation_dbl": 22.3716545105,
  "sun_elevation_min_dbl": 21.8023681641,
  "sun_elevation_max_dbl": 22.8736248016,
  "off_nadir_angle_dbl": 17.4379367828,
  "off_nadir_angle_start_dbl": 15.7234449387,
  "off_nadir_angle_end_dbl": 18.9568061829,
  "off_nadir_angle_min_dbl": 15.7234449387,
  "off_nadir_angle_max_dbl": 18.9568061829
}