{
  "img_filename": "crop_field_1116_1_msrgb.jpg",
  "bounding_boxes": [
    {
      "category": "crop_field",
      "ID": 25104,
      "visible": "True",
      "box": [
        87,
        60,
        45,
        39
      ]
    }
  ],
  "gsd": 2.30843305588,
  "img_width": 217,
  "img_height": 150,
  "mean_pixel_height": 2.0655584666637e-05,
  "mean_pixel_width": 2.0698508755775e-05,
  "utm": "33T",
  "country_code": "SVN",
  "cloud_cover": 0,
  "timestamp": "2015-12-11T10:02:38Z",
  "scan_direction": "Reverse",
  "approximate_wavelengths": [
    661,
    545,
    477
  ],
  "pan_resolution_dbl": 0.577980041504,
  "pan_resolution_start_dbl": 0.568632721901,
  "pan_resolution_end_dbl": 0.585252046585,
  "pan_resolution_min_dbl": 0.568632721901,
  "pan_resolution_max_dbl": 0.585252046585,
  "multi_resolution_dbl": 2.30843305588,
  "multi_resolution_start_dbl": 2.27129364014,
  "multi_resolution_end_dbl": 2.33732843399,
  "multi_resolution_min_dbl": 2.27129364014,
  "multi_resolution_max_dbl": 2.33732843399,
  "target_azimuth_dbl": 29.0006790161,
  "target_azimuth_start_dbl": 30.1541557312,
  "target_azimuth_end_dbl": 28.1496486664,
  "target_azimuth_min_dbl": 28.1496486664,
  "target_azimuth_max_dbl": 30.1541557312,
  "sun_azimuth_dbl": 169.077255249,
  "sun_azimuth_min_dbl": 169.065597534,
  "sun_azimuth_max_dbl": 169.085998535,
  "sun_elevation_dbl": 19.9080181122,
  "sun_elevation_min_dbl": 19.8276691437,
  "sun_elevation_max_dbl": 20.0134849548,
  "off_nadir_angle_dbl": 27.2711334229,
  "off_nadir_angle_start_dbl": 26.3290805817,
  "off_nadir_angle_end_dbl": 27.9838924408,
  "off_nadir_angle_min_dbl": 26.3290805817,
  "off_nadir_angle_max_dbl": 27.9838924408
}