{
  "img_filename": "crop_field_1116_0_msrgb.jpg",
  "bounding_boxes": [
    {
      "category": "crop_field",
      "ID": 25104,
      "visible": "True",
      "box": [
        88,
        61,
        46,
        40
      ]
    }
  ],
  "gsd": 2.25996851921,
  "img_width": 221,
  "img_height": 153,
  "mean_pixel_height": 2.0250573202585e-05,
  "mean_pixel_width": 2.0323875113136e-05,
  "utm": "33T",
  "country_code": "SVN",
  "cloud_cover": 0,
  "timestamp": "2012-04-02T10:00:28Z",
  "scan_direction": "Forward",
  "approximate_wavelengths": [
    661,
    545,
    477
  ],
  "pan_resolution_dbl": 0.56396651268,
  "pan_resolution_start_dbl": 0.571657240391,
  "pan_resolution_end_dbl": 0.557823896408,
  "pan_resolution_min_dbl": 0.557823896408,
  "pan_resolution_max_dbl": 0.571657240391,
  "multi_resolution_dbl": 2.25996851921,
  "multi_resolution_start_dbl": 2.29070425034,
  "multi_resolution_end_dbl": 2.23524808884,
  "multi_resolution_min_dbl": 2.23524808884,
  "multi_resolution_max_dbl": 2.29070425034,
  "target_azimuth_dbl": 287.234863281,
  "target_azimuth_start_dbl": 290.591430664,
  "target_azimuth_end_dbl": 284.243865967,
  "target_azimuth_min_dbl": 284.243865967,
  "target_azimuth_max_dbl": 290.591430664,
  "sun_azimuth_dbl": 158.879150391,
  "sun_azimuth_min_dbl": 158.708908081,
  "sun_azimuth_max_dbl": 159.070404053,
  "sun_elevation_dbl": 47.078414917,
  "sun_elevation_min_dbl": 46.5195541382,
  "sun_elevation_max_dbl": 47.5624313354,
  "off_nadir_angle_dbl": 25.9282016754,
  "off_nadir_angle_start_dbl": 26.7402667999,
  "off_nadir_angle_end_dbl": 25.2548809052,
  "off_nadir_angle_min_dbl": 25.2548809052,
  "off_nadir_angle_max_dbl": 26.7402667999
}