{
  "img_filename": "golf_course_1_16_msrgb.jpg",
  "bounding_boxes": [
    {
      "category": "golf_course",
      "ID": 30,
      "visible": "True",
      "box": [
        51,
        52,
        108,
        65
      ]
    }
  ],
  "gsd": 2.35830664635,
  "img_width": 214,
  "img_height": 174,
  "mean_pixel_height": 2.1010375130298e-05,
  "mean_pixel_width": 2.1010375130243e-05,
  "utm": "54S",
  "country_code": "JPN",
  "cloud_cover": 0,
  "timestamp": "2014-01-19T01:35:09Z",
  "scan_direction": "Forward",
  "approximate_wavelengths": [
    661,
    545,
    477
  ],
  "pan_resolution_dbl": 0.58839648962,
  "pan_resolution_start_dbl": 0.58689057827,
  "pan_resolution_end_dbl": 0.590027332306,
  "pan_resolution_min_dbl": 0.58689057827,
  "pan_resolution_max_dbl": 0.590027332306,
  "multi_resolution_dbl": 2.35830664635,
  "multi_resolution_start_dbl": 2.35212469101,
  "multi_resolution_end_dbl": 2.36496686935,
  "multi_resolution_min_dbl": 2.35212469101,
  "multi_resolution_max_dbl": 2.36496686935,
  "target_azimuth_dbl": 249.121459961,
  "target_azimuth_start_dbl": 252.354156494,
  "target_azimuth_end_dbl": 246.468811035,
  "target_azimuth_min_dbl": 246.468811035,
  "target_azimuth_max_dbl": 252.354156494,
  "sun_azimuth_dbl": 159.33984375,
  "sun_azimuth_min_dbl": 159.267990112,
  "sun_azimuth_max_dbl": 159.426193237,
  "sun_elevation_dbl": 31.4198379517,
  "sun_elevation_min_dbl": 30.9302330017,
  "sun_elevation_max_dbl": 31.8221588135,
  "off_nadir_angle_dbl": 28.6291236877,
  "off_nadir_angle_start_dbl": 28.4966087341,
  "off_nadir_angle_end_dbl": 28.7731723785,
  "off_nadir_angle_min_dbl": 28.4966087341,
  "off_nadir_angle_max_dbl": 28.7731723785
}