{
  "img_filename": "golf_course_1_11_msrgb.jpg",
  "bounding_boxes": [
    {
      "category": "golf_course",
      "ID": 30,
      "visible": "True",
      "box": [
        86,
        87,
        179,
        109
      ]
    }
  ],
  "gsd": 1.42631232738,
  "img_width": 356,
  "img_height": 290,
  "mean_pixel_height": 1.2620420915696e-05,
  "mean_pixel_width": 1.2620420915702e-05,
  "utm": "54S",
  "country_code": "JPN",
  "cloud_cover": 0,
  "timestamp": "2016-02-16T01:34:36Z",
  "scan_direction": "Reverse",
  "approximate_wavelengths": [
    661,
    545,
    477
  ],
  "pan_resolution_dbl": 0.356376230717,
  "pan_resolution_start_dbl": 0.37506788969,
  "pan_resolution_end_dbl": 0.344865381718,
  "pan_resolution_min_dbl": 0.344865381718,
  "pan_resolution_max_dbl": 0.37506788969,
  "multi_resolution_dbl": 1.42631232738,
  "multi_resolution_start_dbl": 1.50178849697,
  "multi_resolution_end_dbl": 1.37957787514,
  "multi_resolution_min_dbl": 1.37957787514,
  "multi_resolution_max_dbl": 1.50178849697,
  "target_azimuth_dbl": 251.094696045,
  "target_azimuth_start_dbl": 234.762115479,
  "target_azimuth_end_dbl": 270.87588501,
  "target_azimuth_min_dbl": 234.762115479,
  "target_azimuth_max_dbl": 270.87588501,
  "sun_azimuth_dbl": 155.038864136,
  "sun_azimuth_min_dbl": 154.867111206,
  "sun_azimuth_max_dbl": 155.208602905,
  "sun_elevation_dbl": 38.3826980591,
  "sun_elevation_min_dbl": 38.0191421509,
  "sun_elevation_max_dbl": 38.7503890991,
  "off_nadir_angle_dbl": 22.8350696564,
  "off_nadir_angle_start_dbl": 26.4510574341,
  "off_nadir_angle_end_dbl": 20.3240413666,
  "off_nadir_angle_min_dbl": 20.3240413666,
  "off_nadir_angle_max_dbl": 26.4510574341
}