{
  "img_filename": "golf_course_1_14_rgb.jpg",
  "bounding_boxes": [
    {
      "category": "golf_course",
      "ID": 30,
      "visible": "True",
      "box": [
        215,
        219,
        449,
        273
      ]
    }
  ],
  "gsd": 0.559383273125,
  "img_width": 890,
  "img_height": 724,
  "mean_pixel_height": 5.050946197063e-06,
  "mean_pixel_width": 5.050946197052e-06,
  "utm": "54S",
  "country_code": "JPN",
  "cloud_cover": 0,
  "timestamp": "2015-03-31T01:49:23Z",
  "scan_direction": "Forward",
  "approximate_wavelengths": [
    661,
    545,
    477
  ],
  "pan_resolution_dbl": 0.559383273125,
  "pan_resolution_start_dbl": 0.565357089043,
  "pan_resolution_end_dbl": 0.554870009422,
  "pan_resolution_min_dbl": 0.554870009422,
  "pan_resolution_max_dbl": 0.565357089043,
  "multi_resolution_dbl": 2.24018764496,
  "multi_resolution_start_dbl": 2.2643995285,
  "multi_resolution_end_dbl": 2.22226905823,
  "multi_resolution_min_dbl": 2.22226905823,
  "multi_resolution_max_dbl": 2.2643995285,
  "target_azimuth_dbl": 40.5754623413,
  "target_azimuth_start_dbl": 37.4373130798,
  "target_azimuth_end_dbl": 43.175239563,
  "target_azimuth_min_dbl": 37.4373130798,
  "target_azimuth_max_dbl": 43.175239563,
  "sun_azimuth_dbl": 154.76222229,
  "sun_azimuth_min_dbl": 154.5418396,
  "sun_azimuth_max_dbl": 155.030578613,
  "sun_elevation_dbl": 56.0156440735,
  "sun_elevation_min_dbl": 55.5736045837,
  "sun_elevation_max_dbl": 56.3729286194,
  "off_nadir_angle_dbl": 25.5161952972,
  "off_nadir_angle_start_dbl": 26.1759700775,
  "off_nadir_angle_end_dbl": 25.0186481476,
  "off_nadir_angle_min_dbl": 25.0186481476,
  "off_nadir_angle_max_dbl": 26.1759700775
}