{
  "img_filename": "golf_course_1_10_msrgb.jpg",
  "bounding_boxes": [
    {
      "category": "golf_course",
      "ID": 30,
      "visible": "True",
      "box": [
        80,
        82,
        168,
        102
      ]
    }
  ],
  "gsd": 1.5138194561,
  "img_width": 332,
  "img_height": 272,
  "mean_pixel_height": 1.3501809624169e-05,
  "mean_pixel_width": 1.3501809624181e-05,
  "utm": "54S",
  "country_code": "JPN",
  "cloud_cover": 0,
  "timestamp": "2016-02-16T01:35:29Z",
  "scan_direction": "Reverse",
  "approximate_wavelengths": [
    661,
    545,
    477
  ],
  "pan_resolution_dbl": 0.378979206085,
  "pan_resolution_start_dbl": 0.351542204618,
  "pan_resolution_end_dbl": 0.411606043577,
  "pan_resolution_min_dbl": 0.351542204618,
  "pan_resolution_max_dbl": 0.411606043577,
  "multi_resolution_dbl": 1.5138194561,
  "multi_resolution_start_dbl": 1.40493667126,
  "multi_resolution_end_dbl": 1.64341151714,
  "multi_resolution_min_dbl": 1.40493667126,
  "multi_resolution_max_dbl": 1.64341151714,
  "target_azimuth_dbl": 327.931304932,
  "target_azimuth_start_dbl": 315.801879883,
  "target_azimuth_end_dbl": 336.648681641,
  "target_azimuth_min_dbl": 315.801879883,
  "target_azimuth_max_dbl": 336.648681641,
  "sun_azimuth_dbl": 155.299682617,
  "sun_azimuth_min_dbl": 155.126068115,
  "sun_azimuth_max_dbl": 155.465454102,
  "sun_elevation_dbl": 38.4433479309,
  "sun_elevation_min_dbl": 38.0731964111,
  "sun_elevation_max_dbl": 38.8230895996,
  "off_nadir_angle_dbl": 26.6426696777,
  "off_nadir_angle_start_dbl": 21.6810398102,
  "off_nadir_angle_end_dbl": 31.4626750946,
  "off_nadir_angle_min_dbl": 21.6810398102,
  "off_nadir_angle_max_dbl": 31.4626750946
}