{
  "img_filename": "golf_course_1_4_msrgb.jpg",
  "bounding_boxes": [
    {
      "category": "golf_course",
      "ID": 30,
      "visible": "True",
      "box": [
        60,
        61,
        124,
        75
      ]
    }
  ],
  "gsd": 2.02956557274,
  "img_width": 247,
  "img_height": 201,
  "mean_pixel_height": 1.8216466666652e-05,
  "mean_pixel_width": 1.8184518218593e-05,
  "utm": "54S",
  "country_code": "JPN",
  "cloud_cover": 0,
  "timestamp": "2012-01-25T01:44:56Z",
  "scan_direction": "Reverse",
  "approximate_wavelengths": [
    661,
    545,
    477
  ],
  "pan_resolution_dbl": 0.507113039494,
  "pan_resolution_start_dbl": 0.52515912056,
  "pan_resolution_end_dbl": 0.496461242437,
  "pan_resolution_min_dbl": 0.496461242437,
  "pan_resolution_max_dbl": 0.52515912056,
  "multi_resolution_dbl": 2.02956557274,
  "multi_resolution_start_dbl": 2.10261082649,
  "multi_resolution_end_dbl": 1.98623120785,
  "multi_resolution_min_dbl": 1.98623120785,
  "multi_resolution_max_dbl": 2.10261082649,
  "target_azimuth_dbl": 248.208023071,
  "target_azimuth_start_dbl": 232.384796143,
  "target_azimuth_end_dbl": 264.881072998,
  "target_azimuth_min_dbl": 232.384796143,
  "target_azimuth_max_dbl": 264.881072998,
  "sun_azimuth_dbl": 161.104217529,
  "sun_azimuth_min_dbl": 160.977966309,
  "sun_azimuth_max_dbl": 161.214370728,
  "sun_elevation_dbl": 33.0541877747,
  "sun_elevation_min_dbl": 32.6657981873,
  "sun_elevation_max_dbl": 33.5005378723,
  "off_nadir_angle_dbl": 18.0615959167,
  "off_nadir_angle_start_dbl": 21.2416954041,
  "off_nadir_angle_end_dbl": 15.9446563721,
  "off_nadir_angle_min_dbl": 15.9446563721,
  "off_nadir_angle_max_dbl": 21.2416954041
}