{
  "img_filename": "golf_course_1_9_msrgb.jpg",
  "bounding_boxes": [
    {
      "category": "golf_course",
      "ID": 30,
      "visible": "True",
      "box": [
        87,
        89,
        180,
        110
      ]
    }
  ],
  "gsd": 1.41635358334,
  "img_width": 359,
  "img_height": 293,
  "mean_pixel_height": 1.2496620477806e-05,
  "mean_pixel_width": 1.2511353760424e-05,
  "utm": "54S",
  "country_code": "JPN",
  "cloud_cover": 0,
  "timestamp": "2015-10-26T01:50:08Z",
  "scan_direction": "Reverse",
  "approximate_wavelengths": [
    661,
    545,
    477
  ],
  "pan_resolution_dbl": 0.353713721037,
  "pan_resolution_start_dbl": 0.376850098372,
  "pan_resolution_end_dbl": 0.338245004416,
  "pan_resolution_min_dbl": 0.338245004416,
  "pan_resolution_max_dbl": 0.376850098372,
  "multi_resolution_dbl": 1.41635358334,
  "multi_resolution_start_dbl": 1.509729743,
  "multi_resolution_end_dbl": 1.35374617577,
  "multi_resolution_min_dbl": 1.35374617577,
  "multi_resolution_max_dbl": 1.509729743,
  "target_azimuth_dbl": 132.084503174,
  "target_azimuth_start_dbl": 147.060043335,
  "target_azimuth_end_dbl": 113.414093018,
  "target_azimuth_min_dbl": 113.414093018,
  "target_azimuth_max_dbl": 147.060043335,
  "sun_azimuth_dbl": 168.990585327,
  "sun_azimuth_min_dbl": 168.881317139,
  "sun_azimuth_max_dbl": 169.093551636,
  "sun_elevation_dbl": 41.5370445251,
  "sun_elevation_min_dbl": 41.1454925537,
  "sun_elevation_max_dbl": 41.9525871277,
  "off_nadir_angle_dbl": 22.1405239105,
  "off_nadir_angle_start_dbl": 26.7794513702,
  "off_nadir_angle_end_dbl": 18.4935531616,
  "off_nadir_angle_min_dbl": 18.4935531616,
  "off_nadir_angle_max_dbl": 26.7794513702
}