{
  "img_filename": "golf_course_1_13_msrgb.jpg",
  "bounding_boxes": [
    {
      "category": "golf_course",
      "ID": 30,
      "visible": "True",
      "box": [
        54,
        55,
        114,
        69
      ]
    }
  ],
  "gsd": 2.21323180199,
  "img_width": 226,
  "img_height": 184,
  "mean_pixel_height": 1.9884311053206e-05,
  "mean_pixel_width": 1.9884311053245e-05,
  "utm": "54S",
  "country_code": "JPN",
  "cloud_cover": 0,
  "timestamp": "2014-11-27T01:28:06Z",
  "scan_direction": "Forward",
  "approximate_wavelengths": [
    661,
    545,
    477
  ],
  "pan_resolution_dbl": 0.552522480488,
  "pan_resolution_start_dbl": 0.558519423008,
  "pan_resolution_end_dbl": 0.547137796879,
  "pan_resolution_min_dbl": 0.547137796879,
  "pan_resolution_max_dbl": 0.558519423008,
  "multi_resolution_dbl": 2.21323180199,
  "multi_resolution_start_dbl": 2.23716259003,
  "multi_resolution_end_dbl": 2.19174861908,
  "multi_resolution_min_dbl": 2.19174861908,
  "multi_resolution_max_dbl": 2.23716259003,
  "target_azimuth_dbl": 288.149505615,
  "target_azimuth_start_dbl": 290.793426514,
  "target_azimuth_end_dbl": 285.569396973,
  "target_azimuth_min_dbl": 285.569396973,
  "target_azimuth_max_dbl": 290.793426514,
  "sun_azimuth_dbl": 163.819442749,
  "sun_azimuth_min_dbl": 163.763778687,
  "sun_azimuth_max_dbl": 163.877593994,
  "sun_elevation_dbl": 31.7474689484,
  "sun_elevation_min_dbl": 31.2922096252,
  "sun_elevation_max_dbl": 32.1808547974,
  "off_nadir_angle_dbl": 24.8329811096,
  "off_nadir_angle_start_dbl": 25.5201358795,
  "off_nadir_angle_end_dbl": 24.1986656189,
  "off_nadir_angle_min_dbl": 24.1986656189,
  "off_nadir_angle_max_dbl": 25.5201358795
}