{
  "img_filename": "crop_field_1120_2_msrgb.jpg",
  "bounding_boxes": [
    {
      "category": "crop_field",
      "ID": 25165,
      "visible": "True",
      "box": [
        54,
        42,
        121,
        62
      ]
    }
  ],
  "gsd": 2.17577910423,
  "img_width": 230,
  "img_height": 153,
  "mean_pixel_height": 1.9578201307199e-05,
  "mean_pixel_width": 1.9528593130435e-05,
  "utm": "31U",
  "country_code": "FRA",
  "cloud_cover": 0,
  "timestamp": "2013-08-04T11:18:28Z",
  "scan_direction": "Forward",
  "approximate_wavelengths": [
    661,
    545,
    477
  ],
  "pan_resolution_dbl": 0.543529629707,
  "pan_resolution_start_dbl": 0.549809813499,
  "pan_resolution_end_dbl": 0.537642896175,
  "pan_resolution_min_dbl": 0.537642896175,
  "pan_resolution_max_dbl": 0.549809813499,
  "multi_resolution_dbl": 2.17577910423,
  "multi_resolution_start_dbl": 2.20088744164,
  "multi_resolution_end_dbl": 2.15224885941,
  "multi_resolution_min_dbl": 2.15224885941,
  "multi_resolution_max_dbl": 2.20088744164,
  "target_azimuth_dbl": 8.65538692474,
  "target_azimuth_start_dbl": 7.49408769608,
  "target_azimuth_end_dbl": 9.8474149704,
  "target_azimuth_min_dbl": 7.49408769608,
  "target_azimuth_max_dbl": 9.8474149704,
  "sun_azimuth_dbl": 162.144805908,
  "sun_azimuth_min_dbl": 162.019104004,
  "sun_azimuth_max_dbl": 162.271987915,
  "sun_elevation_dbl": 58.0591316223,
  "sun_elevation_min_dbl": 57.7712173462,
  "sun_elevation_max_dbl": 58.3404388428,
  "off_nadir_angle_dbl": 23.4108181,
  "off_nadir_angle_start_dbl": 24.2186355591,
  "off_nadir_angle_end_dbl": 22.6302337646,
  "off_nadir_angle_min_dbl": 22.6302337646,
  "off_nadir_angle_max_dbl": 24.2186355591
}