{
  "img_filename": "crop_field_1120_1_rgb.jpg",
  "bounding_boxes": [
    {
      "category": "crop_field",
      "ID": 25165,
      "visible": "True",
      "box": [
        207,
        165,
        471,
        244
      ]
    }
  ],
  "gsd": 0.559037923813,
  "img_width": 889,
  "img_height": 593,
  "mean_pixel_height": 5.051374030357e-06,
  "mean_pixel_width": 5.05239192351e-06,
  "utm": "31U",
  "country_code": "FRA",
  "cloud_cover": 4,
  "timestamp": "2011-12-18T11:40:13Z",
  "scan_direction": "Forward",
  "approximate_wavelengths": [
    661,
    545,
    477
  ],
  "pan_resolution_dbl": 0.559037923813,
  "pan_resolution_start_dbl": 0.547509789467,
  "pan_resolution_end_dbl": 0.569538474083,
  "pan_resolution_min_dbl": 0.547509789467,
  "pan_resolution_max_dbl": 0.569538474083,
  "multi_resolution_dbl": 2.24135637283,
  "multi_resolution_start_dbl": 2.19482684135,
  "multi_resolution_end_dbl": 2.28373599052,
  "multi_resolution_min_dbl": 2.19482684135,
  "multi_resolution_max_dbl": 2.28373599052,
  "target_azimuth_dbl": 110.879684448,
  "target_azimuth_start_dbl": 108.032226562,
  "target_azimuth_end_dbl": 113.195381165,
  "target_azimuth_min_dbl": 108.032226562,
  "target_azimuth_max_dbl": 113.195381165,
  "sun_azimuth_dbl": 178.153045654,
  "sun_azimuth_min_dbl": 178.133056641,
  "sun_azimuth_max_dbl": 178.171508789,
  "sun_elevation_dbl": 18.3405208588,
  "sun_elevation_min_dbl": 17.7412452698,
  "sun_elevation_max_dbl": 18.8523674011,
  "off_nadir_angle_dbl": 25.270980835,
  "off_nadir_angle_start_dbl": 23.8936729431,
  "off_nadir_angle_end_dbl": 26.462059021,
  "off_nadir_angle_min_dbl": 23.8936729431,
  "off_nadir_angle_max_dbl": 26.462059021
}