{
  "img_filename": "crop_field_100_3_rgb.jpg",
  "bounding_boxes": [
    {
      "category": "crop_field",
      "ID": 2495,
      "visible": "True",
      "box": [
        443,
        241,
        189,
        490
      ]
    }
  ],
  "gsd": 0.472834259272,
  "img_width": 1064,
  "img_height": 985,
  "mean_pixel_height": 4.218547614211e-06,
  "mean_pixel_width": 4.221406390977e-06,
  "utm": "17Q",
  "country_code": "CUB",
  "cloud_cover": 2,
  "timestamp": "2016-05-01T16:12:21Z",
  "scan_direction": "Reverse",
  "approximate_wavelengths": [
    661,
    545,
    477
  ],
  "pan_resolution_dbl": 0.472834259272,
  "pan_resolution_start_dbl": 0.483969062567,
  "pan_resolution_end_dbl": 0.470743656158,
  "pan_resolution_min_dbl": 0.468881249428,
  "pan_resolution_max_dbl": 0.483969062567,
  "multi_resolution_dbl": 1.88578903675,
  "multi_resolution_start_dbl": 1.93194937706,
  "multi_resolution_end_dbl": 1.87607467175,
  "multi_resolution_min_dbl": 1.86892735958,
  "multi_resolution_max_dbl": 1.93194937706,
  "target_azimuth_dbl": 115.530822754,
  "target_azimuth_start_dbl": 154.290771484,
  "target_azimuth_end_dbl": 64.9764480591,
  "target_azimuth_min_dbl": 64.9764480591,
  "target_azimuth_max_dbl": 154.290771484,
  "sun_azimuth_dbl": 109.242507935,
  "sun_azimuth_min_dbl": 109.242507935,
  "sun_azimuth_max_dbl": 109.242507935,
  "sun_elevation_dbl": 71.0710830688,
  "sun_elevation_min_dbl": 71.0710830688,
  "sun_elevation_max_dbl": 71.0710830688,
  "off_nadir_angle_dbl": 8.54541397095,
  "off_nadir_angle_start_dbl": 12.8027477264,
  "off_nadir_angle_end_dbl": 7.69792795181,
  "off_nadir_angle_min_dbl": 6.73176956177,
  "off_nadir_angle_max_dbl": 12.8027477264
}