{
  "img_filename": "crop_field_100_4_msrgb.jpg",
  "bounding_boxes": [
    {
      "category": "crop_field",
      "ID": 2495,
      "visible": "True",
      "box": [
        94,
        52,
        41,
        106
      ]
    }
  ],
  "gsd": 2.2272143364,
  "img_width": 229,
  "img_height": 212,
  "mean_pixel_height": 1.9600327358482e-05,
  "mean_pixel_width": 1.9613870742356e-05,
  "utm": "17Q",
  "country_code": "CUB",
  "cloud_cover": 4,
  "timestamp": "2016-05-20T16:10:42Z",
  "scan_direction": "Forward",
  "approximate_wavelengths": [
    661,
    545,
    477
  ],
  "pan_resolution_dbl": 0.554843246937,
  "pan_resolution_start_dbl": 0.541413128376,
  "pan_resolution_end_dbl": 0.566860556602,
  "pan_resolution_min_dbl": 0.541413128376,
  "pan_resolution_max_dbl": 0.566860556602,
  "multi_resolution_dbl": 2.2272143364,
  "multi_resolution_start_dbl": 2.172945261,
  "multi_resolution_end_dbl": 2.2755920887,
  "multi_resolution_min_dbl": 2.172945261,
  "multi_resolution_max_dbl": 2.2755920887,
  "target_azimuth_dbl": 184.432403564,
  "target_azimuth_start_dbl": 186.177108765,
  "target_azimuth_end_dbl": 183.100326538,
  "target_azimuth_min_dbl": 183.100326538,
  "target_azimuth_max_dbl": 186.177108765,
  "sun_azimuth_dbl": 94.0486755371,
  "sun_azimuth_min_dbl": 92.5350418091,
  "sun_azimuth_max_dbl": 95.8584442139,
  "sun_elevation_dbl": 72.2553100586,
  "sun_elevation_min_dbl": 72.1865234375,
  "sun_elevation_max_dbl": 72.3043212891,
  "off_nadir_angle_dbl": 25.4675979614,
  "off_nadir_angle_start_dbl": 23.8373069763,
  "off_nadir_angle_end_dbl": 26.8412075043,
  "off_nadir_angle_min_dbl": 23.8373069763,
  "off_nadir_angle_max_dbl": 26.8412075043
}