{
  "img_filename": "crop_field_111_9_rgb.jpg",
  "bounding_boxes": [
    {
      "category": "crop_field",
      "ID": 2768,
      "visible": "True",
      "box": [
        417,
        48,
        493,
        777
      ]
    }
  ],
  "gsd": 0.380686730146,
  "img_width": 1309,
  "img_height": 870,
  "mean_pixel_height": 3.429252758621e-06,
  "mean_pixel_width": 3.431303605806e-06,
  "utm": "31U",
  "country_code": "FRA",
  "cloud_cover": 0,
  "timestamp": "2016-02-29T11:18:14Z",
  "scan_direction": "Forward",
  "approximate_wavelengths": [
    661,
    545,
    477
  ],
  "pan_resolution_dbl": 0.380686730146,
  "pan_resolution_start_dbl": 0.376838445663,
  "pan_resolution_end_dbl": 0.383935213089,
  "pan_resolution_min_dbl": 0.376838445663,
  "pan_resolution_max_dbl": 0.383935213089,
  "multi_resolution_dbl": 1.52388954163,
  "multi_resolution_start_dbl": 1.50857841969,
  "multi_resolution_end_dbl": 1.53682219982,
  "multi_resolution_min_dbl": 1.50857841969,
  "multi_resolution_max_dbl": 1.53682219982,
  "target_azimuth_dbl": 164.560470581,
  "target_azimuth_start_dbl": 166.006637573,
  "target_azimuth_end_dbl": 163.410705566,
  "target_azimuth_min_dbl": 163.410705566,
  "target_azimuth_max_dbl": 166.006637573,
  "sun_azimuth_dbl": 166.611618042,
  "sun_azimuth_min_dbl": 166.587188721,
  "sun_azimuth_max_dbl": 166.640899658,
  "sun_elevation_dbl": 32.8811607361,
  "sun_elevation_min_dbl": 32.5316696167,
  "sun_elevation_max_dbl": 33.1695480347,
  "off_nadir_angle_dbl": 27.1552944183,
  "off_nadir_angle_start_dbl": 26.536441803,
  "off_nadir_angle_end_dbl": 27.6769142151,
  "off_nadir_angle_min_dbl": 26.536441803,
  "off_nadir_angle_max_dbl": 27.6769142151
}