{
  "img_filename": "crop_field_111_8_msrgb.jpg",
  "bounding_boxes": [
    {
      "category": "crop_field",
      "ID": 2768,
      "visible": "True",
      "box": [
        68,
        7,
        80,
        126
      ]
    }
  ],
  "gsd": 2.35700893402,
  "img_width": 214,
  "img_height": 142,
  "mean_pixel_height": 2.1010210563383e-05,
  "mean_pixel_width": 2.0988674859815e-05,
  "utm": "31U",
  "country_code": "FRA",
  "cloud_cover": 0,
  "timestamp": "2015-04-18T10:41:16Z",
  "scan_direction": "Forward",
  "approximate_wavelengths": [
    661,
    545,
    477
  ],
  "pan_resolution_dbl": 0.588239431381,
  "pan_resolution_start_dbl": 0.593704640865,
  "pan_resolution_end_dbl": 0.583592832088,
  "pan_resolution_min_dbl": 0.583592832088,
  "pan_resolution_max_dbl": 0.593704640865,
  "multi_resolution_dbl": 2.35700893402,
  "multi_resolution_start_dbl": 2.37851333618,
  "multi_resolution_end_dbl": 2.33795905113,
  "multi_resolution_min_dbl": 2.33795905113,
  "multi_resolution_max_dbl": 2.37851333618,
  "target_azimuth_dbl": 287.56362915,
  "target_azimuth_start_dbl": 289.693969727,
  "target_azimuth_end_dbl": 285.517028809,
  "target_azimuth_min_dbl": 285.517028809,
  "target_azimuth_max_dbl": 289.693969727,
  "sun_azimuth_dbl": 153.47114563,
  "sun_azimuth_min_dbl": 153.294143677,
  "sun_azimuth_max_dbl": 153.6534729,
  "sun_elevation_dbl": 49.5626792908,
  "sun_elevation_min_dbl": 49.2067337036,
  "sun_elevation_max_dbl": 49.8980827332,
  "off_nadir_angle_dbl": 28.4148139954,
  "off_nadir_angle_start_dbl": 28.8974704742,
  "off_nadir_angle_end_dbl": 27.9788703918,
  "off_nadir_angle_min_dbl": 27.9788703918,
  "off_nadir_angle_max_dbl": 28.8974704742
}