{
  "img_filename": "crop_field_1102_1_rgb.jpg",
  "bounding_boxes": [
    {
      "category": "crop_field",
      "ID": 24911,
      "visible": "True",
      "box": [
        253,
        232,
        454,
        223
      ]
    }
  ],
  "gsd": 0.426040828228,
  "img_width": 989,
  "img_height": 718,
  "mean_pixel_height": 4.541465181055e-06,
  "mean_pixel_width": 4.541533286148e-06,
  "utm": "31T",
  "country_code": "FRA",
  "cloud_cover": 25,
  "timestamp": "2009-10-15T10:47:32Z",
  "scan_direction": "Reverse",
  "approximate_wavelengths": [
    661,
    545,
    477
  ],
  "pan_resolution_dbl": 0.426040828228,
  "pan_resolution_start_dbl": 0.429738491774,
  "pan_resolution_end_dbl": 0.426974982023,
  "pan_resolution_min_dbl": 0.424337059259,
  "pan_resolution_max_dbl": 0.429738491774,
  "multi_resolution_dbl": 1.70446109772,
  "multi_resolution_start_dbl": 1.71913826466,
  "multi_resolution_end_dbl": 1.70843052864,
  "multi_resolution_min_dbl": 1.69761455059,
  "multi_resolution_max_dbl": 1.71913826466,
  "target_azimuth_dbl": 71.8069076538,
  "target_azimuth_start_dbl": 101.553199768,
  "target_azimuth_end_dbl": 44.8698654175,
  "target_azimuth_min_dbl": 44.8698654175,
  "target_azimuth_max_dbl": 101.553199768,
  "sun_azimuth_dbl": 167.497161865,
  "sun_azimuth_min_dbl": 166.946380615,
  "sun_azimuth_max_dbl": 168.143173218,
  "sun_elevation_dbl": 37.1377601624,
  "sun_elevation_min_dbl": 37.0639610291,
  "sun_elevation_max_dbl": 37.2218818665,
  "off_nadir_angle_dbl": 11.5276155472,
  "off_nadir_angle_start_dbl": 12.9276838303,
  "off_nadir_angle_end_dbl": 11.8279457092,
  "off_nadir_angle_min_dbl": 10.8806257248,
  "off_nadir_angle_max_dbl": 12.9276838303
}