{
  "img_filename": "crop_field_1119_7_rgb.jpg",
  "bounding_boxes": [
    {
      "category": "crop_field",
      "ID": 25149,
      "visible": "True",
      "box": [
        396,
        295,
        162,
        204
      ]
    }
  ],
  "gsd": 0.342249244452,
  "img_width": 964,
  "img_height": 757,
  "mean_pixel_height": 4.657950990755e-06,
  "mean_pixel_width": 4.659312240675e-06,
  "utm": "10S",
  "country_code": "USA",
  "cloud_cover": 63,
  "timestamp": "2014-10-17T19:03:41Z",
  "scan_direction": "Reverse",
  "approximate_wavelengths": [
    661,
    545,
    477
  ],
  "pan_resolution_dbl": 0.342249244452,
  "pan_resolution_start_dbl": 0.346371740103,
  "pan_resolution_end_dbl": 0.350314408541,
  "pan_resolution_min_dbl": 0.338209211826,
  "pan_resolution_max_dbl": 0.350314408541,
  "multi_resolution_dbl": 1.3692305088,
  "multi_resolution_start_dbl": 1.38664579391,
  "multi_resolution_end_dbl": 1.40063846111,
  "multi_resolution_min_dbl": 1.35309052467,
  "multi_resolution_max_dbl": 1.40063846111,
  "target_azimuth_dbl": 92.637336731,
  "target_azimuth_start_dbl": 124.55191803,
  "target_azimuth_end_dbl": 63.4774169922,
  "target_azimuth_min_dbl": 63.4774169922,
  "target_azimuth_max_dbl": 124.55191803,
  "sun_azimuth_dbl": 163.135040283,
  "sun_azimuth_min_dbl": 162.948059082,
  "sun_azimuth_max_dbl": 163.308029175,
  "sun_elevation_dbl": 40.7624855042,
  "sun_elevation_min_dbl": 40.2738647461,
  "sun_elevation_max_dbl": 41.2820510864,
  "off_nadir_angle_dbl": 19.4226074219,
  "off_nadir_angle_start_dbl": 20.6192913055,
  "off_nadir_angle_end_dbl": 21.383764267,
  "off_nadir_angle_min_dbl": 18.3464736938,
  "off_nadir_angle_max_dbl": 21.383764267
}