{
  "img_filename": "crop_field_1119_0_rgb.jpg",
  "bounding_boxes": [
    {
      "category": "crop_field",
      "ID": 25149,
      "visible": "True",
      "box": [
        420,
        313,
        173,
        216
      ]
    }
  ],
  "gsd": 0.493002027273,
  "img_width": 1023,
  "img_height": 803,
  "mean_pixel_height": 4.39111942715e-06,
  "mean_pixel_width": 4.390593352894e-06,
  "utm": "10S",
  "country_code": "USA",
  "cloud_cover": 1,
  "timestamp": "2010-06-11T19:23:48Z",
  "scan_direction": "Forward",
  "approximate_wavelengths": [
    661,
    545,
    477
  ],
  "pan_resolution_dbl": 0.493002027273,
  "pan_resolution_start_dbl": 0.485697299242,
  "pan_resolution_end_dbl": 0.500860214233,
  "pan_resolution_min_dbl": 0.485697299242,
  "pan_resolution_max_dbl": 0.500860214233,
  "multi_resolution_dbl": 1.97653532028,
  "multi_resolution_start_dbl": 1.94722485542,
  "multi_resolution_end_dbl": 2.00791168213,
  "multi_resolution_min_dbl": 1.94722485542,
  "multi_resolution_max_dbl": 2.00791168213,
  "target_azimuth_dbl": 108.017997742,
  "target_azimuth_start_dbl": 100.576118469,
  "target_azimuth_end_dbl": 113.938606262,
  "target_azimuth_min_dbl": 100.576118469,
  "target_azimuth_max_dbl": 113.938606262,
  "sun_azimuth_dbl": 142.731338501,
  "sun_azimuth_min_dbl": 141.207168579,
  "sun_azimuth_max_dbl": 144.310470581,
  "sun_elevation_dbl": 72.4206924438,
  "sun_elevation_min_dbl": 71.6722564697,
  "sun_elevation_max_dbl": 73.1001815796,
  "off_nadir_angle_dbl": 14.9342517853,
  "off_nadir_angle_start_dbl": 13.03977108,
  "off_nadir_angle_end_dbl": 16.7746200562,
  "off_nadir_angle_min_dbl": 13.03977108,
  "off_nadir_angle_max_dbl": 16.7746200562
}