{
  "img_filename": "crop_field_1119_6_msrgb.jpg",
  "bounding_boxes": [
    {
      "category": "crop_field",
      "ID": 25149,
      "visible": "True",
      "box": [
        90,
        68,
        37,
        46
      ]
    }
  ],
  "gsd": 2.27011609077,
  "img_width": 221,
  "img_height": 173,
  "mean_pixel_height": 2.0381901156076e-05,
  "mean_pixel_width": 2.0323877828101e-05,
  "utm": "10S",
  "country_code": "USA",
  "cloud_cover": 0,
  "timestamp": "2015-06-24T19:28:35Z",
  "scan_direction": "Reverse",
  "approximate_wavelengths": [
    661,
    545,
    477
  ],
  "pan_resolution_dbl": 0.569081306458,
  "pan_resolution_start_dbl": 0.572718858719,
  "pan_resolution_end_dbl": 0.571158468723,
  "pan_resolution_min_dbl": 0.567261099815,
  "pan_resolution_max_dbl": 0.572718858719,
  "multi_resolution_dbl": 2.27011609077,
  "multi_resolution_start_dbl": 2.28566169739,
  "multi_resolution_end_dbl": 2.27835488319,
  "multi_resolution_min_dbl": 2.26284003258,
  "multi_resolution_max_dbl": 2.28566169739,
  "target_azimuth_dbl": 94.373046875,
  "target_azimuth_start_dbl": 106.540039062,
  "target_azimuth_end_dbl": 82.7159805298,
  "target_azimuth_min_dbl": 82.7159805298,
  "target_azimuth_max_dbl": 106.540039062,
  "sun_azimuth_dbl": 144.886032104,
  "sun_azimuth_min_dbl": 143.997558594,
  "sun_azimuth_max_dbl": 145.710632324,
  "sun_elevation_dbl": 72.2300643921,
  "sun_elevation_min_dbl": 71.8760528564,
  "sun_elevation_max_dbl": 72.5997390747,
  "off_nadir_angle_dbl": 26.5433197021,
  "off_nadir_angle_start_dbl": 26.9216098785,
  "off_nadir_angle_end_dbl": 26.7504138947,
  "off_nadir_angle_min_dbl": 26.3558750153,
  "off_nadir_angle_max_dbl": 26.9216098785
}