{
  "img_filename": "golf_course_102_3_rgb.jpg",
  "bounding_boxes": [
    {
      "category": "golf_course",
      "ID": 17540,
      "visible": "True",
      "box": [
        124,
        7,
        837,
        647
      ]
    }
  ],
  "gsd": 0.431267380714,
  "img_width": 983,
  "img_height": 690,
  "mean_pixel_height": 4.56878565217e-06,
  "mean_pixel_width": 4.569253733468e-06,
  "utm": "32T",
  "country_code": "ITA",
  "cloud_cover": 0,
  "timestamp": "2016-08-06T10:30:38Z",
  "scan_direction": "Reverse",
  "approximate_wavelengths": [
    661,
    545,
    477
  ],
  "pan_resolution_dbl": 0.431267380714,
  "pan_resolution_start_dbl": 0.419582843781,
  "pan_resolution_end_dbl": 0.445859342813,
  "pan_resolution_min_dbl": 0.419582843781,
  "pan_resolution_max_dbl": 0.445859342813,
  "multi_resolution_dbl": 1.72530591488,
  "multi_resolution_start_dbl": 1.67868626118,
  "multi_resolution_end_dbl": 1.78358066082,
  "multi_resolution_min_dbl": 1.67868626118,
  "multi_resolution_max_dbl": 1.78358066082,
  "target_azimuth_dbl": 57.7084922791,
  "target_azimuth_start_dbl": 91.6300735474,
  "target_azimuth_end_dbl": 39.3212051392,
  "target_azimuth_min_dbl": 39.3212051392,
  "target_azimuth_max_dbl": 91.6300735474,
  "sun_azimuth_dbl": 152.741012573,
  "sun_azimuth_min_dbl": 152.428314209,
  "sun_azimuth_max_dbl": 152.989395142,
  "sun_elevation_dbl": 58.7014045715,
  "sun_elevation_min_dbl": 58.4747619629,
  "sun_elevation_max_dbl": 58.9825820923,
  "off_nadir_angle_dbl": 13.3104820251,
  "off_nadir_angle_start_dbl": 9.35101509094,
  "off_nadir_angle_end_dbl": 17.4960784912,
  "off_nadir_angle_min_dbl": 9.35101509094,
  "off_nadir_angle_max_dbl": 17.4960784912
}