{
  "img_filename": "golf_course_160_0_msrgb.jpg",
  "bounding_boxes": [
    {
      "category": "golf_course",
      "ID": 28409,
      "visible": "True",
      "box": [
        0,
        34,
        217,
        63
      ]
    }
  ],
  "gsd": 2.25108575821,
  "img_width": 220,
  "img_height": 138,
  "mean_pixel_height": 2.0470020289835e-05,
  "mean_pixel_width": 2.0416256454545e-05,
  "utm": "31U",
  "country_code": "BEL",
  "cloud_cover": 0,
  "timestamp": "2013-12-20T11:36:46Z",
  "scan_direction": "Forward",
  "approximate_wavelengths": [
    661,
    545,
    477
  ],
  "pan_resolution_dbl": 0.561283886433,
  "pan_resolution_start_dbl": 0.550221443176,
  "pan_resolution_end_dbl": 0.572789788246,
  "pan_resolution_min_dbl": 0.550221443176,
  "pan_resolution_max_dbl": 0.572789788246,
  "multi_resolution_dbl": 2.25108575821,
  "multi_resolution_start_dbl": 2.20645332336,
  "multi_resolution_end_dbl": 2.29750776291,
  "multi_resolution_min_dbl": 2.20645332336,
  "multi_resolution_max_dbl": 2.29750776291,
  "target_azimuth_dbl": 121.032150269,
  "target_azimuth_start_dbl": 119.277397156,
  "target_azimuth_end_dbl": 122.68586731,
  "target_azimuth_min_dbl": 119.277397156,
  "target_azimuth_max_dbl": 122.68586731,
  "sun_azimuth_dbl": 178.720962524,
  "sun_azimuth_min_dbl": 178.703033447,
  "sun_azimuth_max_dbl": 178.739059448,
  "sun_elevation_dbl": 15.3123674393,
  "sun_elevation_min_dbl": 14.8281812668,
  "sun_elevation_max_dbl": 15.7886619568,
  "off_nadir_angle_dbl": 25.5104560852,
  "off_nadir_angle_start_dbl": 24.2207202911,
  "off_nadir_angle_end_dbl": 26.7809772491,
  "off_nadir_angle_min_dbl": 24.2207202911,
  "off_nadir_angle_max_dbl": 26.7809772491
}