{
  "img_filename": "crop_field_1029_1_msrgb.jpg",
  "bounding_boxes": [
    {
      "category": "crop_field",
      "ID": 23356,
      "visible": "True",
      "box": [
        67,
        65,
        48,
        28
      ]
    }
  ],
  "gsd": 2.33068537712,
  "img_width": 217,
  "img_height": 166,
  "mean_pixel_height": 2.0751083132559e-05,
  "mean_pixel_width": 2.0698509216596e-05,
  "utm": "18T",
  "country_code": "USA",
  "cloud_cover": 0,
  "timestamp": "2015-06-22T15:41:54Z",
  "scan_direction": "Forward",
  "approximate_wavelengths": [
    661,
    545,
    477
  ],
  "pan_resolution_dbl": 0.581924319267,
  "pan_resolution_start_dbl": 0.594606161118,
  "pan_resolution_end_dbl": 0.571783840656,
  "pan_resolution_min_dbl": 0.571783840656,
  "pan_resolution_max_dbl": 0.594606161118,
  "multi_resolution_dbl": 2.33068537712,
  "multi_resolution_start_dbl": 2.38124346733,
  "multi_resolution_end_dbl": 2.29023003578,
  "multi_resolution_min_dbl": 2.29023003578,
  "multi_resolution_max_dbl": 2.38124346733,
  "target_azimuth_dbl": 304.729125977,
  "target_azimuth_start_dbl": 307.354675293,
  "target_azimuth_end_dbl": 302.439575195,
  "target_azimuth_min_dbl": 302.439575195,
  "target_azimuth_max_dbl": 307.354675293,
  "sun_azimuth_dbl": 129.848693848,
  "sun_azimuth_min_dbl": 128.98085022,
  "sun_azimuth_max_dbl": 130.855560303,
  "sun_elevation_dbl": 66.4859542847,
  "sun_elevation_min_dbl": 66.0850219727,
  "sun_elevation_max_dbl": 66.8229293823,
  "off_nadir_angle_dbl": 27.8056335449,
  "off_nadir_angle_start_dbl": 28.9699783325,
  "off_nadir_angle_end_dbl": 26.8329982758,
  "off_nadir_angle_min_dbl": 26.8329982758,
  "off_nadir_angle_max_dbl": 28.9699783325
}