{
  "img_filename": "crop_field_1029_0_msrgb.jpg",
  "bounding_boxes": [
    {
      "category": "crop_field",
      "ID": 23356,
      "visible": "True",
      "box": [
        58,
        57,
        43,
        23
      ]
    }
  ],
  "gsd": 2.57188487053,
  "img_width": 190,
  "img_height": 146,
  "mean_pixel_height": 2.3593697260306e-05,
  "mean_pixel_width": 2.3639876315796e-05,
  "utm": "18T",
  "country_code": "USA",
  "cloud_cover": 0,
  "timestamp": "2012-11-09T15:58:21Z",
  "scan_direction": "Forward",
  "approximate_wavelengths": [
    661,
    545,
    477
  ],
  "pan_resolution_dbl": 0.642571270466,
  "pan_resolution_start_dbl": 0.659370720387,
  "pan_resolution_end_dbl": 0.626996159554,
  "pan_resolution_min_dbl": 0.626996159554,
  "pan_resolution_max_dbl": 0.659370720387,
  "multi_resolution_dbl": 2.57188487053,
  "multi_resolution_start_dbl": 2.63894629478,
  "multi_resolution_end_dbl": 2.50970768929,
  "multi_resolution_min_dbl": 2.50970768929,
  "multi_resolution_max_dbl": 2.63894629478,
  "target_azimuth_dbl": 318.972686768,
  "target_azimuth_start_dbl": 320.567321777,
  "target_azimuth_end_dbl": 317.366027832,
  "target_azimuth_min_dbl": 317.366027832,
  "target_azimuth_max_dbl": 320.567321777,
  "sun_azimuth_dbl": 167.839706421,
  "sun_azimuth_min_dbl": 167.791793823,
  "sun_azimuth_max_dbl": 167.886764526,
  "sun_elevation_dbl": 32.4848403931,
  "sun_elevation_min_dbl": 32.000289917,
  "sun_elevation_max_dbl": 32.9593048096,
  "off_nadir_angle_dbl": 32.6089401245,
  "off_nadir_angle_start_dbl": 33.7112808228,
  "off_nadir_angle_end_dbl": 31.5359630585,
  "off_nadir_angle_min_dbl": 31.5359630585,
  "off_nadir_angle_max_dbl": 33.7112808228
}