{
  "img_filename": "crop_field_1024_0_rgb.jpg",
  "bounding_boxes": [
    {
      "category": "crop_field",
      "ID": 23236,
      "visible": "True",
      "box": [
        413,
        181,
        381,
        235
      ]
    }
  ],
  "gsd": 0.369357168674,
  "img_width": 1341,
  "img_height": 901,
  "mean_pixel_height": 3.349251831295e-06,
  "mean_pixel_width": 3.349423131991e-06,
  "utm": "32T",
  "country_code": "DEU",
  "cloud_cover": 4,
  "timestamp": "2014-10-14T10:10:41Z",
  "scan_direction": "Forward",
  "approximate_wavelengths": [
    661,
    545,
    477
  ],
  "pan_resolution_dbl": 0.369357168674,
  "pan_resolution_start_dbl": 0.374137461185,
  "pan_resolution_end_dbl": 0.364806771278,
  "pan_resolution_min_dbl": 0.364806771278,
  "pan_resolution_max_dbl": 0.374137461185,
  "multi_resolution_dbl": 1.47712421417,
  "multi_resolution_start_dbl": 1.49684727192,
  "multi_resolution_end_dbl": 1.45887982845,
  "multi_resolution_min_dbl": 1.45887982845,
  "multi_resolution_max_dbl": 1.49684727192,
  "target_azimuth_dbl": 322.900604248,
  "target_azimuth_start_dbl": 321.819732666,
  "target_azimuth_end_dbl": 324.053100586,
  "target_azimuth_min_dbl": 321.819732666,
  "target_azimuth_max_dbl": 324.053100586,
  "sun_azimuth_dbl": 160.996612549,
  "sun_azimuth_min_dbl": 160.922271729,
  "sun_azimuth_max_dbl": 161.072860718,
  "sun_elevation_dbl": 32.7083625793,
  "sun_elevation_min_dbl": 32.1586456299,
  "sun_elevation_max_dbl": 33.2323646545,
  "off_nadir_angle_dbl": 25.045501709,
  "off_nadir_angle_start_dbl": 25.9355201721,
  "off_nadir_angle_end_dbl": 24.2078132629,
  "off_nadir_angle_min_dbl": 24.2078132629,
  "off_nadir_angle_max_dbl": 25.9355201721
}