{
  "img_filename": "golf_course_145_2_rgb.jpg",
  "bounding_boxes": [
    {
      "category": "golf_course",
      "ID": 24946,
      "visible": "True",
      "box": [
        12,
        32,
        911,
        621
      ]
    }
  ],
  "gsd": 0.519598603249,
  "img_width": 954,
  "img_height": 668,
  "mean_pixel_height": 4.707934716215e-06,
  "mean_pixel_width": 4.707934716222e-06,
  "utm": "18T",
  "country_code": "CAN",
  "cloud_cover": 14,
  "timestamp": "2012-08-24T16:36:02Z",
  "scan_direction": "Forward",
  "approximate_wavelengths": [
    661,
    545,
    477
  ],
  "pan_resolution_dbl": 0.519598603249,
  "pan_resolution_start_dbl": 0.525615334511,
  "pan_resolution_end_dbl": 0.514536499977,
  "pan_resolution_min_dbl": 0.514536499977,
  "pan_resolution_max_dbl": 0.525615334511,
  "multi_resolution_dbl": 2.08121323586,
  "multi_resolution_start_dbl": 2.10555887222,
  "multi_resolution_end_dbl": 2.06115221977,
  "multi_resolution_min_dbl": 2.06115221977,
  "multi_resolution_max_dbl": 2.10555887222,
  "target_azimuth_dbl": 31.7489471436,
  "target_azimuth_start_dbl": 27.3479804993,
  "target_azimuth_end_dbl": 36.1204681396,
  "target_azimuth_min_dbl": 27.3479804993,
  "target_azimuth_max_dbl": 36.1204681396,
  "sun_azimuth_dbl": 166.637939453,
  "sun_azimuth_min_dbl": 166.496963501,
  "sun_azimuth_max_dbl": 166.78527832,
  "sun_elevation_dbl": 54.8804969788,
  "sun_elevation_min_dbl": 54.3144607544,
  "sun_elevation_max_dbl": 55.4115409851,
  "off_nadir_angle_dbl": 19.8831672668,
  "off_nadir_angle_start_dbl": 20.8592700958,
  "off_nadir_angle_end_dbl": 19.0498886108,
  "off_nadir_angle_min_dbl": 19.0498886108,
  "off_nadir_angle_max_dbl": 20.8592700958
}