{
  "img_filename": "crop_field_107_6_rgb.jpg",
  "bounding_boxes": [
    {
      "category": "crop_field",
      "ID": 2715,
      "visible": "True",
      "box": [
        219,
        185,
        288,
        197
      ]
    }
  ],
  "gsd": 0.685988426208,
  "img_width": 735,
  "img_height": 486,
  "mean_pixel_height": 6.11618251029e-06,
  "mean_pixel_width": 6.110988326531e-06,
  "utm": "31U",
  "country_code": "FRA",
  "cloud_cover": 0,
  "timestamp": "2010-09-03T11:42:55Z",
  "scan_direction": "Reverse",
  "approximate_wavelengths": [
    661,
    545,
    477
  ],
  "pan_resolution_dbl": 0.685988426208,
  "pan_resolution_start_dbl": 0.690522611141,
  "pan_resolution_end_dbl": 0.685723662376,
  "pan_resolution_min_dbl": 0.684345424175,
  "pan_resolution_max_dbl": 0.690522611141,
  "multi_resolution_dbl": 2.74259567261,
  "multi_resolution_start_dbl": 2.76096749306,
  "multi_resolution_end_dbl": 2.74092936516,
  "multi_resolution_min_dbl": 2.7357032299,
  "multi_resolution_max_dbl": 2.76096749306,
  "target_azimuth_dbl": 93.5601577759,
  "target_azimuth_start_dbl": 100.945396423,
  "target_azimuth_end_dbl": 86.8339614868,
  "target_azimuth_min_dbl": 86.8339614868,
  "target_azimuth_max_dbl": 100.945396423,
  "sun_azimuth_dbl": 176.969360352,
  "sun_azimuth_min_dbl": 176.918914795,
  "sun_azimuth_max_dbl": 177.012374878,
  "sun_elevation_dbl": 48.8577575684,
  "sun_elevation_min_dbl": 48.4715270996,
  "sun_elevation_max_dbl": 49.28465271,
  "off_nadir_angle_dbl": 35.4343757629,
  "off_nadir_angle_start_dbl": 35.6680755615,
  "off_nadir_angle_end_dbl": 35.4312324524,
  "off_nadir_angle_min_dbl": 35.3468551636,
  "off_nadir_angle_max_dbl": 35.6680755615
}