{
  "img_filename": "golf_course_131_1_rgb.jpg",
  "bounding_boxes": [
    {
      "category": "golf_course",
      "ID": 22527,
      "visible": "True",
      "box": [
        83,
        16,
        717,
        774
      ]
    }
  ],
  "gsd": 0.497728317976,
  "img_width": 983,
  "img_height": 860,
  "mean_pixel_height": 4.569306860467e-06,
  "mean_pixel_width": 4.569253713123e-06,
  "utm": "15R",
  "country_code": "USA",
  "cloud_cover": 0,
  "timestamp": "2015-02-12T17:28:06Z",
  "scan_direction": "Forward",
  "approximate_wavelengths": [
    661,
    545,
    477
  ],
  "pan_resolution_dbl": 0.497728317976,
  "pan_resolution_start_dbl": 0.491925358772,
  "pan_resolution_end_dbl": 0.50356143713,
  "pan_resolution_min_dbl": 0.491925358772,
  "pan_resolution_max_dbl": 0.50356143713,
  "multi_resolution_dbl": 1.99613010883,
  "multi_resolution_start_dbl": 1.97279906273,
  "multi_resolution_end_dbl": 2.01975774765,
  "multi_resolution_min_dbl": 1.97279906273,
  "multi_resolution_max_dbl": 2.01975774765,
  "target_azimuth_dbl": 119.636199951,
  "target_azimuth_start_dbl": 116.406677246,
  "target_azimuth_end_dbl": 122.435630798,
  "target_azimuth_min_dbl": 116.406677246,
  "target_azimuth_max_dbl": 122.435630798,
  "sun_azimuth_dbl": 156.669525146,
  "sun_azimuth_min_dbl": 156.499023438,
  "sun_azimuth_max_dbl": 156.847946167,
  "sun_elevation_dbl": 44.0120391846,
  "sun_elevation_min_dbl": 43.4897994995,
  "sun_elevation_max_dbl": 44.5013618469,
  "off_nadir_angle_dbl": 16.442855835,
  "off_nadir_angle_start_dbl": 15.1354694366,
  "off_nadir_angle_end_dbl": 17.6881008148,
  "off_nadir_angle_min_dbl": 15.1354694366,
  "off_nadir_angle_max_dbl": 17.6881008148
}