{
  "img_filename": "crop_field_1085_6_msrgb.jpg",
  "bounding_boxes": [
    {
      "category": "crop_field",
      "ID": 24554,
      "visible": "True",
      "box": [
        90,
        95,
        38,
        34
      ]
    }
  ],
  "gsd": 2.80200695992,
  "img_width": 238,
  "img_height": 231,
  "mean_pixel_height": 1.8900490043291e-05,
  "mean_pixel_width": 1.8872172268891e-05,
  "utm": "51P",
  "country_code": "PHL",
  "cloud_cover": 1,
  "timestamp": "2013-03-28T02:42:40Z",
  "scan_direction": "Reverse",
  "approximate_wavelengths": [
    661,
    545,
    477
  ],
  "pan_resolution_dbl": 0.462774604559,
  "pan_resolution_start_dbl": 0.4841825068,
  "pan_resolution_end_dbl": 0.447495222092,
  "pan_resolution_min_dbl": 0.447495222092,
  "pan_resolution_max_dbl": 0.4841825068,
  "multi_resolution_dbl": 2.80200695992,
  "multi_resolution_start_dbl": 2.94379711151,
  "multi_resolution_end_dbl": 2.6955332756,
  "multi_resolution_min_dbl": 2.6955332756,
  "multi_resolution_max_dbl": 2.94379711151,
  "target_azimuth_dbl": 93.8701553345,
  "target_azimuth_start_dbl": 100.736740112,
  "target_azimuth_end_dbl": 86.6806869507,
  "target_azimuth_min_dbl": 86.6806869507,
  "target_azimuth_max_dbl": 100.736740112,
  "sun_azimuth_dbl": 118.792068481,
  "sun_azimuth_min_dbl": 118.244087219,
  "sun_azimuth_max_dbl": 119.464660645,
  "sun_elevation_dbl": 66.8481063843,
  "sun_elevation_min_dbl": 66.4987945557,
  "sun_elevation_max_dbl": 67.268409729,
  "off_nadir_angle_dbl": 20.6627025604,
  "off_nadir_angle_start_dbl": 24.2842273712,
  "off_nadir_angle_end_dbl": 17.7166194916,
  "off_nadir_angle_min_dbl": 17.7166194916,
  "off_nadir_angle_max_dbl": 24.2842273712
}