{
  "img_filename": "crop_field_1085_0_rgb.jpg",
  "bounding_boxes": [
    {
      "category": "crop_field",
      "ID": 24554,
      "visible": "True",
      "box": [
        351,
        368,
        152,
        135
      ]
    }
  ],
  "gsd": 0.552060186863,
  "img_width": 925,
  "img_height": 899,
  "mean_pixel_height": 4.856521913237e-06,
  "mean_pixel_width": 4.855758918915e-06,
  "utm": "51P",
  "country_code": "PHL",
  "cloud_cover": 2,
  "timestamp": "2012-04-19T03:01:25Z",
  "scan_direction": "Forward",
  "approximate_wavelengths": [
    661,
    545,
    477
  ],
  "pan_resolution_dbl": 0.552060186863,
  "pan_resolution_start_dbl": 0.537925064564,
  "pan_resolution_end_dbl": 0.565374135971,
  "pan_resolution_min_dbl": 0.537925064564,
  "pan_resolution_max_dbl": 0.565374135971,
  "multi_resolution_dbl": 2.21648740768,
  "multi_resolution_start_dbl": 2.15968680382,
  "multi_resolution_end_dbl": 2.270226717,
  "multi_resolution_min_dbl": 2.15968680382,
  "multi_resolution_max_dbl": 2.270226717,
  "target_azimuth_dbl": 168.848358154,
  "target_azimuth_start_dbl": 169.389877319,
  "target_azimuth_end_dbl": 168.441040039,
  "target_azimuth_min_dbl": 168.441040039,
  "target_azimuth_max_dbl": 169.389877319,
  "sun_azimuth_dbl": 101.348060608,
  "sun_azimuth_min_dbl": 99.2734069824,
  "sun_azimuth_max_dbl": 103.670036316,
  "sun_elevation_dbl": 76.2614364624,
  "sun_elevation_min_dbl": 76.1141967773,
  "sun_elevation_max_dbl": 76.3801651001,
  "off_nadir_angle_dbl": 25.0392456055,
  "off_nadir_angle_start_dbl": 23.2989578247,
  "off_nadir_angle_end_dbl": 26.5826301575,
  "off_nadir_angle_min_dbl": 23.2989578247,
  "off_nadir_angle_max_dbl": 26.5826301575
}