{
  "img_filename": "golf_course_127_1_rgb.jpg",
  "bounding_boxes": [
    {
      "category": "golf_course",
      "ID": 21695,
      "visible": "True",
      "box": [
        3,
        7,
        863,
        376
      ]
    }
  ],
  "gsd": 0.572994351387,
  "img_width": 879,
  "img_height": 425,
  "mean_pixel_height": 5.101293647071e-06,
  "mean_pixel_width": 5.109870762233e-06,
  "utm": "35V",
  "country_code": "FIN",
  "cloud_cover": 20,
  "timestamp": "2015-10-11T09:05:47Z",
  "scan_direction": "Reverse",
  "approximate_wavelengths": [
    661,
    545,
    477
  ],
  "pan_resolution_dbl": 0.572994351387,
  "pan_resolution_start_dbl": 0.568053841591,
  "pan_resolution_end_dbl": 0.58583086729,
  "pan_resolution_min_dbl": 0.567578017712,
  "pan_resolution_max_dbl": 0.58583086729,
  "multi_resolution_dbl": 2.29116988182,
  "multi_resolution_start_dbl": 2.2723505497,
  "multi_resolution_end_dbl": 2.34153532982,
  "multi_resolution_min_dbl": 2.27021670341,
  "multi_resolution_max_dbl": 2.34153532982,
  "target_azimuth_dbl": 290.147125244,
  "target_azimuth_start_dbl": 276.346466064,
  "target_azimuth_end_dbl": 303.252502441,
  "target_azimuth_min_dbl": 276.346466064,
  "target_azimuth_max_dbl": 303.252502441,
  "sun_azimuth_dbl": 167.827209473,
  "sun_azimuth_min_dbl": 167.757675171,
  "sun_azimuth_max_dbl": 167.895446777,
  "sun_elevation_dbl": 21.1164855957,
  "sun_elevation_min_dbl": 20.5939903259,
  "sun_elevation_max_dbl": 21.6378059387,
  "off_nadir_angle_dbl": 26.7124881744,
  "off_nadir_angle_start_dbl": 26.2708969116,
  "off_nadir_angle_end_dbl": 27.9370517731,
  "off_nadir_angle_min_dbl": 26.1938323975,
  "off_nadir_angle_max_dbl": 27.9370517731
}