{
  "img_filename": "golf_course_127_0_rgb.jpg",
  "bounding_boxes": [
    {
      "category": "golf_course",
      "ID": 21695,
      "visible": "True",
      "box": [
        4,
        8,
        847,
        369
      ]
    }
  ],
  "gsd": 0.576988935471,
  "img_width": 863,
  "img_height": 417,
  "mean_pixel_height": 5.199160191859e-06,
  "mean_pixel_width": 5.204607647744e-06,
  "utm": "35V",
  "country_code": "FIN",
  "cloud_cover": 1,
  "timestamp": "2015-10-12T10:08:33Z",
  "scan_direction": "Reverse",
  "approximate_wavelengths": [
    661,
    545,
    477
  ],
  "pan_resolution_dbl": 0.576988935471,
  "pan_resolution_start_dbl": 0.58581662178,
  "pan_resolution_end_dbl": 0.575919449329,
  "pan_resolution_min_dbl": 0.573717951775,
  "pan_resolution_max_dbl": 0.58581662178,
  "multi_resolution_dbl": 2.30915880203,
  "multi_resolution_start_dbl": 2.34542155266,
  "multi_resolution_end_dbl": 2.30397462845,
  "multi_resolution_min_dbl": 2.29561901093,
  "multi_resolution_max_dbl": 2.34542155266,
  "target_azimuth_dbl": 98.7145385742,
  "target_azimuth_start_dbl": 111.992446899,
  "target_azimuth_end_dbl": 85.1455307007,
  "target_azimuth_min_dbl": 85.1455307007,
  "target_azimuth_max_dbl": 111.992446899,
  "sun_azimuth_dbl": 184.461959839,
  "sun_azimuth_min_dbl": 184.45451355,
  "sun_azimuth_max_dbl": 184.470336914,
  "sun_elevation_dbl": 21.2350902557,
  "sun_elevation_min_dbl": 20.7013168335,
  "sun_elevation_max_dbl": 21.7736492157,
  "off_nadir_angle_dbl": 27.169342041,
  "off_nadir_angle_start_dbl": 28.0214614868,
  "off_nadir_angle_end_dbl": 27.0759296417,
  "off_nadir_angle_min_dbl": 26.8530349731,
  "off_nadir_angle_max_dbl": 28.0214614868
}