{
  "img_filename": "golf_course_127_2_msrgb.jpg",
  "bounding_boxes": [
    {
      "category": "golf_course",
      "ID": 21695,
      "visible": "True",
      "box": [
        1,
        2,
        236,
        102
      ]
    }
  ],
  "gsd": 2.06717634201,
  "img_width": 240,
  "img_height": 116,
  "mean_pixel_height": 1.8690084482803e-05,
  "mean_pixel_width": 1.871490166668e-05,
  "utm": "35V",
  "country_code": "FIN",
  "cloud_cover": 14,
  "timestamp": "2015-09-26T09:58:06Z",
  "scan_direction": "Forward",
  "approximate_wavelengths": [
    661,
    545,
    477
  ],
  "pan_resolution_dbl": 0.515785396099,
  "pan_resolution_start_dbl": 0.507893562317,
  "pan_resolution_end_dbl": 0.523780941963,
  "pan_resolution_min_dbl": 0.507893562317,
  "pan_resolution_max_dbl": 0.523780941963,
  "multi_resolution_dbl": 2.06717634201,
  "multi_resolution_start_dbl": 2.0353243351,
  "multi_resolution_end_dbl": 2.09943938255,
  "multi_resolution_min_dbl": 2.0353243351,
  "multi_resolution_max_dbl": 2.09943938255,
  "target_azimuth_dbl": 102.231903076,
  "target_azimuth_start_dbl": 98.5232467651,
  "target_azimuth_end_dbl": 105.415138245,
  "target_azimuth_min_dbl": 98.5232467651,
  "target_azimuth_max_dbl": 105.415138245,
  "sun_azimuth_dbl": 180.58354187,
  "sun_azimuth_min_dbl": 180.551803589,
  "sun_azimuth_max_dbl": 180.613449097,
  "sun_elevation_dbl": 27.4852981567,
  "sun_elevation_min_dbl": 26.9365081787,
  "sun_elevation_max_dbl": 27.9985733032,
  "off_nadir_angle_dbl": 19.0211009979,
  "off_nadir_angle_start_dbl": 17.5577373505,
  "off_nadir_angle_end_dbl": 20.4118843079,
  "off_nadir_angle_min_dbl": 17.5577373505,
  "off_nadir_angle_max_dbl": 20.4118843079
}