{
  "img_filename": "golf_course_143_3_msrgb.jpg",
  "bounding_boxes": [
    {
      "category": "golf_course",
      "ID": 24417,
      "visible": "True",
      "box": [
        6,
        30,
        187,
        103
      ]
    }
  ],
  "gsd": 2.50278568268,
  "img_width": 202,
  "img_height": 147,
  "mean_pixel_height": 2.2289748979621e-05,
  "mean_pixel_width": 2.2235527227729e-05,
  "utm": "17T",
  "country_code": "CAN",
  "cloud_cover": 0,
  "timestamp": "2015-08-09T16:13:49Z",
  "scan_direction": "Reverse",
  "approximate_wavelengths": [
    661,
    545,
    477
  ],
  "pan_resolution_dbl": 0.629448413849,
  "pan_resolution_start_dbl": 0.614868223667,
  "pan_resolution_end_dbl": 0.643841803074,
  "pan_resolution_min_dbl": 0.614868223667,
  "pan_resolution_max_dbl": 0.643841803074,
  "multi_resolution_dbl": 2.50278568268,
  "multi_resolution_start_dbl": 2.44515705109,
  "multi_resolution_end_dbl": 2.56150150299,
  "multi_resolution_min_dbl": 2.44515705109,
  "multi_resolution_max_dbl": 2.56150150299,
  "target_azimuth_dbl": 343.029449463,
  "target_azimuth_start_dbl": 341.947509766,
  "target_azimuth_end_dbl": 344.022888184,
  "target_azimuth_min_dbl": 341.947509766,
  "target_azimuth_max_dbl": 344.022888184,
  "sun_azimuth_dbl": 144.684738159,
  "sun_azimuth_min_dbl": 144.541397095,
  "sun_azimuth_max_dbl": 144.822662354,
  "sun_elevation_dbl": 58.3569412231,
  "sun_elevation_min_dbl": 58.24559021,
  "sun_elevation_max_dbl": 58.4721221924,
  "off_nadir_angle_dbl": 31.5749149323,
  "off_nadir_angle_start_dbl": 30.4667854309,
  "off_nadir_angle_end_dbl": 32.628993988,
  "off_nadir_angle_min_dbl": 30.4667854309,
  "off_nadir_angle_max_dbl": 32.628993988
}