{
  "img_filename": "crop_field_1091_0_msrgb.jpg",
  "bounding_boxes": [
    {
      "category": "crop_field",
      "ID": 24646,
      "visible": "True",
      "box": [
        1,
        0,
        239,
        201
      ]
    }
  ],
  "gsd": 2.01591825485,
  "img_width": 245,
  "img_height": 203,
  "mean_pixel_height": 1.8323741379299e-05,
  "mean_pixel_width": 1.8332967346981e-05,
  "utm": "54H",
  "country_code": "AUS",
  "cloud_cover": 0,
  "timestamp": "2012-09-27T01:02:13Z",
  "scan_direction": "Reverse",
  "approximate_wavelengths": [
    661,
    545,
    477
  ],
  "pan_resolution_dbl": 0.505571007729,
  "pan_resolution_start_dbl": 0.511910200119,
  "pan_resolution_end_dbl": 0.49988296628,
  "pan_resolution_min_dbl": 0.49988296628,
  "pan_resolution_max_dbl": 0.511910200119,
  "multi_resolution_dbl": 2.01591825485,
  "multi_resolution_start_dbl": 2.04143738747,
  "multi_resolution_end_dbl": 1.99285554886,
  "multi_resolution_min_dbl": 1.99285554886,
  "multi_resolution_max_dbl": 2.04143738747,
  "target_azimuth_dbl": 297.110961914,
  "target_azimuth_start_dbl": 300.32220459,
  "target_azimuth_end_dbl": 293.725219727,
  "target_azimuth_min_dbl": 293.725219727,
  "target_azimuth_max_dbl": 300.32220459,
  "sun_azimuth_dbl": 38.5450286865,
  "sun_azimuth_min_dbl": 38.0930747986,
  "sun_azimuth_max_dbl": 39.0151557922,
  "sun_elevation_dbl": 50.871295929,
  "sun_elevation_min_dbl": 50.4583129883,
  "sun_elevation_max_dbl": 51.2948799133,
  "off_nadir_angle_dbl": 16.350189209,
  "off_nadir_angle_start_dbl": 17.6918296814,
  "off_nadir_angle_end_dbl": 15.0648193359,
  "off_nadir_angle_min_dbl": 15.0648193359,
  "off_nadir_angle_max_dbl": 17.6918296814
}