{
  "img_filename": "crop_field_1138_1_msrgb.jpg",
  "bounding_boxes": [
    {
      "category": "crop_field",
      "ID": 25517,
      "visible": "True",
      "box": [
        61,
        20,
        77,
        161
      ]
    }
  ],
  "gsd": 2.00777196884,
  "img_width": 250,
  "img_height": 182,
  "mean_pixel_height": 1.7978742954936e-05,
  "mean_pixel_width": 1.7978742954937e-05,
  "utm": "30T",
  "country_code": "FRA",
  "cloud_cover": 0,
  "timestamp": "2015-05-28T11:04:38Z",
  "scan_direction": "Reverse",
  "approximate_wavelengths": [
    661,
    545,
    477
  ],
  "pan_resolution_dbl": 0.504224538803,
  "pan_resolution_start_dbl": 0.493250519037,
  "pan_resolution_end_dbl": 0.513881742954,
  "pan_resolution_min_dbl": 0.493250519037,
  "pan_resolution_max_dbl": 0.513881742954,
  "multi_resolution_dbl": 2.00777196884,
  "multi_resolution_start_dbl": 1.96555054188,
  "multi_resolution_end_dbl": 2.04628419876,
  "multi_resolution_min_dbl": 1.96555054188,
  "multi_resolution_max_dbl": 2.04628419876,
  "target_azimuth_dbl": 1.92484307289,
  "target_azimuth_start_dbl": 1.33134949207,
  "target_azimuth_end_dbl": 2.34356498718,
  "target_azimuth_min_dbl": 1.33134949207,
  "target_azimuth_max_dbl": 2.34356498718,
  "sun_azimuth_dbl": 148.847549438,
  "sun_azimuth_min_dbl": 148.604873657,
  "sun_azimuth_max_dbl": 149.047027588,
  "sun_elevation_dbl": 65.6362838745,
  "sun_elevation_min_dbl": 65.502281189,
  "sun_elevation_max_dbl": 65.7982406616,
  "off_nadir_angle_dbl": 16.9364738464,
  "off_nadir_angle_start_dbl": 14.5577335358,
  "off_nadir_angle_end_dbl": 18.8629627228,
  "off_nadir_angle_min_dbl": 14.5577335358,
  "off_nadir_angle_max_dbl": 18.8629627228
}