{
  "img_filename": "crop_field_1067_3_rgb.jpg",
  "bounding_boxes": [
    {
      "category": "crop_field",
      "ID": 24173,
      "visible": "True",
      "box": [
        422,
        217,
        229,
        349
      ]
    }
  ],
  "gsd": 0.570965826511,
  "img_width": 873,
  "img_height": 627,
  "mean_pixel_height": 5.145200159495e-06,
  "mean_pixel_width": 5.144990183277e-06,
  "utm": "31T",
  "country_code": "FRA",
  "cloud_cover": 0,
  "timestamp": "2013-08-12T11:23:32Z",
  "scan_direction": "Forward",
  "approximate_wavelengths": [
    661,
    545,
    477
  ],
  "pan_resolution_dbl": 0.570965826511,
  "pan_resolution_start_dbl": 0.565778315067,
  "pan_resolution_end_dbl": 0.575965702534,
  "pan_resolution_min_dbl": 0.565778315067,
  "pan_resolution_max_dbl": 0.575965702534,
  "multi_resolution_dbl": 2.28768324852,
  "multi_resolution_start_dbl": 2.26694059372,
  "multi_resolution_end_dbl": 2.30749678612,
  "multi_resolution_min_dbl": 2.26694059372,
  "multi_resolution_max_dbl": 2.30749678612,
  "target_azimuth_dbl": 81.6033172607,
  "target_azimuth_start_dbl": 77.7694702148,
  "target_azimuth_end_dbl": 84.7844696045,
  "target_azimuth_min_dbl": 77.7694702148,
  "target_azimuth_max_dbl": 84.7844696045,
  "sun_azimuth_dbl": 168.994293213,
  "sun_azimuth_min_dbl": 168.873474121,
  "sun_azimuth_max_dbl": 169.132904053,
  "sun_elevation_dbl": 60.1968002319,
  "sun_elevation_min_dbl": 59.6181335449,
  "sun_elevation_max_dbl": 60.6891479492,
  "off_nadir_angle_dbl": 26.795124054,
  "off_nadir_angle_start_dbl": 26.2239456177,
  "off_nadir_angle_end_dbl": 27.3259449005,
  "off_nadir_angle_min_dbl": 26.2239456177,
  "off_nadir_angle_max_dbl": 27.3259449005
}