{
  "img_filename": "crop_field_1067_4_msrgb.jpg",
  "bounding_boxes": [
    {
      "category": "crop_field",
      "ID": 24173,
      "visible": "True",
      "box": [
        111,
        56,
        59,
        92
      ]
    }
  ],
  "gsd": 2.21574163437,
  "img_width": 228,
  "img_height": 164,
  "mean_pixel_height": 1.9670978658555e-05,
  "mean_pixel_width": 1.9699896622809e-05,
  "utm": "31T",
  "country_code": "FRA",
  "cloud_cover": 0,
  "timestamp": "2012-05-14T10:54:35Z",
  "scan_direction": "Forward",
  "approximate_wavelengths": [
    661,
    545,
    477
  ],
  "pan_resolution_dbl": 0.553475856781,
  "pan_resolution_start_dbl": 0.568363666534,
  "pan_resolution_end_dbl": 0.540844678879,
  "pan_resolution_min_dbl": 0.540844678879,
  "pan_resolution_max_dbl": 0.568363666534,
  "multi_resolution_dbl": 2.21574163437,
  "multi_resolution_start_dbl": 2.27512741089,
  "multi_resolution_end_dbl": 2.16535711288,
  "multi_resolution_min_dbl": 2.16535711288,
  "multi_resolution_max_dbl": 2.27512741089,
  "target_azimuth_dbl": 338.143005371,
  "target_azimuth_start_dbl": 338.74597168,
  "target_azimuth_end_dbl": 337.602508545,
  "target_azimuth_min_dbl": 337.602508545,
  "target_azimuth_max_dbl": 338.74597168,
  "sun_azimuth_dbl": 157.604629517,
  "sun_azimuth_min_dbl": 157.236160278,
  "sun_azimuth_max_dbl": 157.999664307,
  "sun_elevation_dbl": 63.0399551392,
  "sun_elevation_min_dbl": 62.4914093018,
  "sun_elevation_max_dbl": 63.5359764099,
  "off_nadir_angle_dbl": 24.6420650482,
  "off_nadir_angle_start_dbl": 26.3410243988,
  "off_nadir_angle_end_dbl": 23.1030864716,
  "off_nadir_angle_min_dbl": 23.1030864716,
  "off_nadir_angle_max_dbl": 26.3410243988
}