{
  "img_filename": "crop_field_1067_2_msrgb.jpg",
  "bounding_boxes": [
    {
      "category": "crop_field",
      "ID": 24173,
      "visible": "True",
      "box": [
        127,
        66,
        68,
        106
      ]
    }
  ],
  "gsd": 1.90359556675,
  "img_width": 264,
  "img_height": 190,
  "mean_pixel_height": 1.6979160526332e-05,
  "mean_pixel_width": 1.7013547083335e-05,
  "utm": "31T",
  "country_code": "FRA",
  "cloud_cover": 0,
  "timestamp": "2012-07-18T10:59:13Z",
  "scan_direction": "Reverse",
  "approximate_wavelengths": [
    661,
    545,
    477
  ],
  "pan_resolution_dbl": 0.477386981249,
  "pan_resolution_start_dbl": 0.479440480471,
  "pan_resolution_end_dbl": 0.484017938375,
  "pan_resolution_min_dbl": 0.474289923906,
  "pan_resolution_max_dbl": 0.484017938375,
  "multi_resolution_dbl": 1.90359556675,
  "multi_resolution_start_dbl": 1.91292846203,
  "multi_resolution_end_dbl": 1.92916512489,
  "multi_resolution_min_dbl": 1.89123642445,
  "multi_resolution_max_dbl": 1.92916512489,
  "target_azimuth_dbl": 283.818145752,
  "target_azimuth_start_dbl": 238.023956299,
  "target_azimuth_end_dbl": 322.817443848,
  "target_azimuth_min_dbl": 238.023956299,
  "target_azimuth_max_dbl": 322.817443848,
  "sun_azimuth_dbl": 153.489074707,
  "sun_azimuth_min_dbl": 152.902206421,
  "sun_azimuth_max_dbl": 154.026062012,
  "sun_elevation_dbl": 64.6101303101,
  "sun_elevation_min_dbl": 64.1438140869,
  "sun_elevation_max_dbl": 65.1045837402,
  "off_nadir_angle_dbl": 9.46188831329,
  "off_nadir_angle_start_dbl": 10.4500761032,
  "off_nadir_angle_end_dbl": 11.7976589203,
  "off_nadir_angle_min_dbl": 8.2292137146,
  "off_nadir_angle_max_dbl": 11.7976589203
}