{
  "img_filename": "golf_course_118_13_msrgb.jpg",
  "bounding_boxes": [
    {
      "category": "golf_course",
      "ID": 20423,
      "visible": "True",
      "box": [
        42,
        49,
        148,
        111
      ]
    }
  ],
  "gsd": 2.23947167397,
  "img_width": 224,
  "img_height": 200,
  "mean_pixel_height": 2.0043895101889e-05,
  "mean_pixel_width": 2.0043895101907e-05,
  "utm": "17R",
  "country_code": "USA",
  "cloud_cover": 6,
  "timestamp": "2011-02-27T16:17:02Z",
  "scan_direction": "Forward",
  "approximate_wavelengths": [
    661,
    545,
    477
  ],
  "pan_resolution_dbl": 0.558851957321,
  "pan_resolution_start_dbl": 0.566070556641,
  "pan_resolution_end_dbl": 0.553180336952,
  "pan_resolution_min_dbl": 0.553180336952,
  "pan_resolution_max_dbl": 0.566070556641,
  "multi_resolution_dbl": 2.23947167397,
  "multi_resolution_start_dbl": 2.26792764664,
  "multi_resolution_end_dbl": 2.21689200401,
  "multi_resolution_min_dbl": 2.21689200401,
  "multi_resolution_max_dbl": 2.26792764664,
  "target_azimuth_dbl": 283.79776001,
  "target_azimuth_start_dbl": 287.137878418,
  "target_azimuth_end_dbl": 280.856201172,
  "target_azimuth_min_dbl": 280.856201172,
  "target_azimuth_max_dbl": 287.137878418,
  "sun_azimuth_dbl": 146.752868652,
  "sun_azimuth_min_dbl": 146.462493896,
  "sun_azimuth_max_dbl": 147.085494995,
  "sun_elevation_dbl": 48.8088569641,
  "sun_elevation_min_dbl": 48.3030891418,
  "sun_elevation_max_dbl": 49.2414093018,
  "off_nadir_angle_dbl": 25.6613292694,
  "off_nadir_angle_start_dbl": 26.4368038177,
  "off_nadir_angle_end_dbl": 25.0277328491,
  "off_nadir_angle_min_dbl": 25.0277328491,
  "off_nadir_angle_max_dbl": 26.4368038177
}