{
  "img_filename": "golf_course_106_9_rgb.jpg",
  "bounding_boxes": [
    {
      "category": "golf_course",
      "ID": 18467,
      "visible": "True",
      "box": [
        14,
        43,
        931,
        649
      ]
    }
  ],
  "gsd": 0.497990965843,
  "img_width": 960,
  "img_height": 732,
  "mean_pixel_height": 4.679443442619e-06,
  "mean_pixel_width": 4.678725416666e-06,
  "utm": "18T",
  "country_code": "USA",
  "cloud_cover": 15,
  "timestamp": "2012-11-03T16:01:19Z",
  "scan_direction": "Reverse",
  "approximate_wavelengths": [
    661,
    545,
    477
  ],
  "pan_resolution_dbl": 0.497990965843,
  "pan_resolution_start_dbl": 0.512766599655,
  "pan_resolution_end_dbl": 0.488764047623,
  "pan_resolution_min_dbl": 0.488764047623,
  "pan_resolution_max_dbl": 0.512766599655,
  "multi_resolution_dbl": 3.01549959183,
  "multi_resolution_start_dbl": 3.12872743607,
  "multi_resolution_end_dbl": 2.94114875793,
  "multi_resolution_min_dbl": 2.94114875793,
  "multi_resolution_max_dbl": 3.12872743607,
  "target_azimuth_dbl": 55.3094139099,
  "target_azimuth_start_dbl": 64.5877990723,
  "target_azimuth_end_dbl": 46.9172286987,
  "target_azimuth_min_dbl": 46.9172286987,
  "target_azimuth_max_dbl": 64.5877990723,
  "sun_azimuth_dbl": 169.019805908,
  "sun_azimuth_min_dbl": 168.33001709,
  "sun_azimuth_max_dbl": 169.859832764,
  "sun_elevation_dbl": 33.5744514465,
  "sun_elevation_min_dbl": 33.5258750916,
  "sun_elevation_max_dbl": 33.6292991638,
  "off_nadir_angle_dbl": 26.4792003632,
  "off_nadir_angle_start_dbl": 28.2928504944,
  "off_nadir_angle_end_dbl": 25.284778595,
  "off_nadir_angle_min_dbl": 25.284778595,
  "off_nadir_angle_max_dbl": 28.2928504944
}