{
  "img_filename": "golf_course_106_14_msrgb.jpg",
  "bounding_boxes": [
    {
      "category": "golf_course",
      "ID": 18467,
      "visible": "True",
      "box": [
        2,
        7,
        164,
        114
      ]
    }
  ],
  "gsd": 3.02027583122,
  "img_width": 168,
  "img_height": 128,
  "mean_pixel_height": 2.6591401394438e-05,
  "mean_pixel_width": 2.6591401394478e-05,
  "utm": "18T",
  "country_code": "USA",
  "cloud_cover": 0,
  "timestamp": "2013-04-04T16:17:25Z",
  "scan_direction": "Forward",
  "approximate_wavelengths": [
    661,
    545,
    477
  ],
  "pan_resolution_dbl": 0.75537955761,
  "pan_resolution_start_dbl": 0.782854199409,
  "pan_resolution_end_dbl": 0.734272420406,
  "pan_resolution_min_dbl": 0.734272420406,
  "pan_resolution_max_dbl": 0.782854199409,
  "multi_resolution_dbl": 3.02027583122,
  "multi_resolution_start_dbl": 3.12958168983,
  "multi_resolution_end_dbl": 2.9355404377,
  "multi_resolution_min_dbl": 2.9355404377,
  "multi_resolution_max_dbl": 3.12958168983,
  "target_azimuth_dbl": 12.9807491302,
  "target_azimuth_start_dbl": 11.9138813019,
  "target_azimuth_end_dbl": 13.8870048523,
  "target_azimuth_min_dbl": 11.9138813019,
  "target_azimuth_max_dbl": 13.8870048523,
  "sun_azimuth_dbl": 162.268066406,
  "sun_azimuth_min_dbl": 162.125137329,
  "sun_azimuth_max_dbl": 162.442443848,
  "sun_elevation_dbl": 54.2408065796,
  "sun_elevation_min_dbl": 53.7932357788,
  "sun_elevation_max_dbl": 54.6034393311,
  "off_nadir_angle_dbl": 38.8576812744,
  "off_nadir_angle_start_dbl": 40.023815155,
  "off_nadir_angle_end_dbl": 37.9104423523,
  "off_nadir_angle_min_dbl": 37.9104423523,
  "off_nadir_angle_max_dbl": 40.023815155
}