{
  "img_filename": "crop_field_1132_0_rgb.jpg",
  "bounding_boxes": [
    {
      "category": "crop_field",
      "ID": 25444,
      "visible": "True",
      "box": [
        19,
        8,
        619,
        438
      ]
    }
  ],
  "gsd": 0.623975396156,
  "img_width": 808,
  "img_height": 476,
  "mean_pixel_height": 5.554292647058e-06,
  "mean_pixel_width": 5.558881683168e-06,
  "utm": "35U",
  "country_code": "BLR",
  "cloud_cover": 2,
  "timestamp": "2009-04-04T09:25:35Z",
  "scan_direction": "Forward",
  "approximate_wavelengths": [
    661,
    545,
    477
  ],
  "pan_resolution_dbl": 0.623975396156,
  "pan_resolution_start_dbl": 0.623975396156,
  "pan_resolution_end_dbl": 0.623975396156,
  "pan_resolution_min_dbl": 0.623975396156,
  "pan_resolution_max_dbl": 0.623975396156,
  "multi_resolution_dbl": 2.4948117733,
  "multi_resolution_start_dbl": 2.4948117733,
  "multi_resolution_end_dbl": 2.4948117733,
  "multi_resolution_min_dbl": 2.4948117733,
  "multi_resolution_max_dbl": 2.4948117733,
  "target_azimuth_dbl": 256.210479736,
  "target_azimuth_start_dbl": 244.533966064,
  "target_azimuth_end_dbl": 270.667236328,
  "target_azimuth_min_dbl": 244.533966064,
  "target_azimuth_max_dbl": 270.667236328,
  "sun_azimuth_dbl": 164.569061279,
  "sun_azimuth_min_dbl": 164.552322388,
  "sun_azimuth_max_dbl": 164.585891724,
  "sun_elevation_dbl": 41.1783866882,
  "sun_elevation_min_dbl": 41.0094871521,
  "sun_elevation_max_dbl": 41.3463287354,
  "off_nadir_angle_dbl": 5.58840703964,
  "off_nadir_angle_start_dbl": 6.95571899414,
  "off_nadir_angle_end_dbl": 4.34578895569,
  "off_nadir_angle_min_dbl": 4.34578895569,
  "off_nadir_angle_max_dbl": 6.95571899414
}