{
  "img_filename": "golf_course_119_2_rgb.jpg",
  "bounding_boxes": [
    {
      "category": "golf_course",
      "ID": 20486,
      "visible": "True",
      "box": [
        56,
        15,
        913,
        727
      ]
    }
  ],
  "gsd": 0.448873311281,
  "img_width": 977,
  "img_height": 818,
  "mean_pixel_height": 4.598699022002e-06,
  "mean_pixel_width": 4.597315250764e-06,
  "utm": "12S",
  "country_code": "USA",
  "cloud_cover": 0,
  "timestamp": "2009-01-29T18:26:26Z",
  "scan_direction": "Reverse",
  "approximate_wavelengths": [
    661,
    545,
    477
  ],
  "pan_resolution_dbl": 0.448873311281,
  "pan_resolution_start_dbl": 0.487032592297,
  "pan_resolution_end_dbl": 0.420186400414,
  "pan_resolution_min_dbl": 0.420186400414,
  "pan_resolution_max_dbl": 0.487032592297,
  "multi_resolution_dbl": 1.7956610918,
  "multi_resolution_start_dbl": 1.9479944706,
  "multi_resolution_end_dbl": 1.6808372736,
  "multi_resolution_min_dbl": 1.6808372736,
  "multi_resolution_max_dbl": 1.9479944706,
  "target_azimuth_dbl": 146.662841797,
  "target_azimuth_start_dbl": 150.346542358,
  "target_azimuth_end_dbl": 139.463180542,
  "target_azimuth_min_dbl": 139.463180542,
  "target_azimuth_max_dbl": 150.346542358,
  "sun_azimuth_dbl": 157.870803833,
  "sun_azimuth_min_dbl": 157.216949463,
  "sun_azimuth_max_dbl": 158.550643921,
  "sun_elevation_dbl": 35.9040985107,
  "sun_elevation_min_dbl": 35.7134933472,
  "sun_elevation_max_dbl": 36.0971488953,
  "off_nadir_angle_dbl": 18.0418014526,
  "off_nadir_angle_start_dbl": 25.3071804047,
  "off_nadir_angle_end_dbl": 10.4532957077,
  "off_nadir_angle_min_dbl": 10.4532957077,
  "off_nadir_angle_max_dbl": 25.3071804047
}