{
  "img_filename": "golf_course_119_9_msrgb.jpg",
  "bounding_boxes": [
    {
      "category": "golf_course",
      "ID": 20486,
      "visible": "True",
      "box": [
        14,
        4,
        228,
        181
      ]
    }
  ],
  "gsd": 1.85557246208,
  "img_width": 245,
  "img_height": 205,
  "mean_pixel_height": 1.8349930731696e-05,
  "mean_pixel_width": 1.8332967346923e-05,
  "utm": "12S",
  "country_code": "USA",
  "cloud_cover": 0,
  "timestamp": "2014-03-28T18:26:32Z",
  "scan_direction": "Reverse",
  "approximate_wavelengths": [
    661,
    545,
    477
  ],
  "pan_resolution_dbl": 0.463794708252,
  "pan_resolution_start_dbl": 0.454160094261,
  "pan_resolution_end_dbl": 0.473274737597,
  "pan_resolution_min_dbl": 0.454160094261,
  "pan_resolution_max_dbl": 0.473274737597,
  "multi_resolution_dbl": 1.85557246208,
  "multi_resolution_start_dbl": 1.81707918644,
  "multi_resolution_end_dbl": 1.89345252514,
  "multi_resolution_min_dbl": 1.81707918644,
  "multi_resolution_max_dbl": 1.89345252514,
  "target_azimuth_dbl": 47.6331863403,
  "target_azimuth_start_dbl": 52.9877738953,
  "target_azimuth_end_dbl": 43.2244224548,
  "target_azimuth_min_dbl": 43.2244224548,
  "target_azimuth_max_dbl": 52.9877738953,
  "sun_azimuth_dbl": 149.17098999,
  "sun_azimuth_min_dbl": 149.054641724,
  "sun_azimuth_max_dbl": 149.275741577,
  "sun_elevation_dbl": 56.0906181335,
  "sun_elevation_min_dbl": 55.9985733032,
  "sun_elevation_max_dbl": 56.1913795471,
  "off_nadir_angle_dbl": 19.99010849,
  "off_nadir_angle_start_dbl": 18.1397171021,
  "off_nadir_angle_end_dbl": 21.7023735046,
  "off_nadir_angle_min_dbl": 18.1397171021,
  "off_nadir_angle_max_dbl": 21.7023735046
}