{
  "img_filename": "golf_course_119_0_msrgb.jpg",
  "bounding_boxes": [
    {
      "category": "golf_course",
      "ID": 20486,
      "visible": "True",
      "box": [
        13,
        4,
        228,
        180
      ]
    }
  ],
  "gsd": 1.83253633976,
  "img_width": 244,
  "img_height": 204,
  "mean_pixel_height": 1.8439881372538e-05,
  "mean_pixel_width": 1.8408102459e-05,
  "utm": "12S",
  "country_code": "USA",
  "cloud_cover": 0,
  "timestamp": "2012-03-21T18:10:43Z",
  "scan_direction": "Reverse",
  "approximate_wavelengths": [
    661,
    545,
    477
  ],
  "pan_resolution_dbl": 0.458010971546,
  "pan_resolution_start_dbl": 0.462063729763,
  "pan_resolution_end_dbl": 0.454979538918,
  "pan_resolution_min_dbl": 0.454979538918,
  "pan_resolution_max_dbl": 0.462063729763,
  "multi_resolution_dbl": 1.83253633976,
  "multi_resolution_start_dbl": 1.84877920151,
  "multi_resolution_end_dbl": 1.82038557529,
  "multi_resolution_min_dbl": 1.82038557529,
  "multi_resolution_max_dbl": 1.84877920151,
  "target_azimuth_dbl": 216.214553833,
  "target_azimuth_start_dbl": 212.591247559,
  "target_azimuth_end_dbl": 219.180862427,
  "target_azimuth_min_dbl": 212.591247559,
  "target_azimuth_max_dbl": 219.180862427,
  "sun_azimuth_dbl": 144.382736206,
  "sun_azimuth_min_dbl": 144.252105713,
  "sun_azimuth_max_dbl": 144.547622681,
  "sun_elevation_dbl": 51.7743148804,
  "sun_elevation_min_dbl": 51.7291374207,
  "sun_elevation_max_dbl": 51.8311882019,
  "off_nadir_angle_dbl": 20.8668327332,
  "off_nadir_angle_start_dbl": 21.6068935394,
  "off_nadir_angle_end_dbl": 20.3024177551,
  "off_nadir_angle_min_dbl": 20.3024177551,
  "off_nadir_angle_max_dbl": 21.6068935394
}