{
  "img_filename": "golf_course_119_17_rgb.jpg",
  "bounding_boxes": [
    {
      "category": "golf_course",
      "ID": 20486,
      "visible": "True",
      "box": [
        53,
        13,
        891,
        710
      ]
    }
  ],
  "gsd": 0.527181208134,
  "img_width": 952,
  "img_height": 798,
  "mean_pixel_height": 4.716355681401e-06,
  "mean_pixel_width": 4.716355681395e-06,
  "utm": "12S",
  "country_code": "USA",
  "cloud_cover": 0,
  "timestamp": "2015-01-06T18:34:00Z",
  "scan_direction": "Reverse",
  "approximate_wavelengths": [
    661,
    545,
    477
  ],
  "pan_resolution_dbl": 0.527181208134,
  "pan_resolution_start_dbl": 0.492698043585,
  "pan_resolution_end_dbl": 0.564372897148,
  "pan_resolution_min_dbl": 0.492698043585,
  "pan_resolution_max_dbl": 0.564372897148,
  "multi_resolution_dbl": 2.1062746048,
  "multi_resolution_start_dbl": 1.96947228909,
  "multi_resolution_end_dbl": 2.25394701958,
  "multi_resolution_min_dbl": 1.96947228909,
  "multi_resolution_max_dbl": 2.25394701958,
  "target_azimuth_dbl": 28.6885414124,
  "target_azimuth_start_dbl": 38.9816474915,
  "target_azimuth_end_dbl": 22.3492565155,
  "target_azimuth_min_dbl": 22.3492565155,
  "target_azimuth_max_dbl": 38.9816474915,
  "sun_azimuth_dbl": 163.475448608,
  "sun_azimuth_min_dbl": 163.345993042,
  "sun_azimuth_max_dbl": 163.588424683,
  "sun_elevation_dbl": 32.3578796387,
  "sun_elevation_min_dbl": 31.8768672943,
  "sun_elevation_max_dbl": 32.8943443298,
  "off_nadir_angle_dbl": 20.9721412659,
  "off_nadir_angle_start_dbl": 15.0371751785,
  "off_nadir_angle_end_dbl": 26.1086235046,
  "off_nadir_angle_min_dbl": 15.0371751785,
  "off_nadir_angle_max_dbl": 26.1086235046
}