{
  "img_filename": "golf_course_119_8_rgb.jpg",
  "bounding_boxes": [
    {
      "category": "golf_course",
      "ID": 20486,
      "visible": "True",
      "box": [
        52,
        13,
        850,
        677
      ]
    }
  ],
  "gsd": 0.535859823227,
  "img_width": 910,
  "img_height": 762,
  "mean_pixel_height": 4.936661154853e-06,
  "mean_pixel_width": 4.935798901095e-06,
  "utm": "12S",
  "country_code": "USA",
  "cloud_cover": 0,
  "timestamp": "2014-03-28T18:25:07Z",
  "scan_direction": "Reverse",
  "approximate_wavelengths": [
    661,
    545,
    477
  ],
  "pan_resolution_dbl": 0.535859823227,
  "pan_resolution_start_dbl": 0.553990900517,
  "pan_resolution_end_dbl": 0.520850837231,
  "pan_resolution_min_dbl": 0.520850837231,
  "pan_resolution_max_dbl": 0.553990900517,
  "multi_resolution_dbl": 2.14604330063,
  "multi_resolution_start_dbl": 2.21961569786,
  "multi_resolution_end_dbl": 2.08441448212,
  "multi_resolution_min_dbl": 2.08441448212,
  "multi_resolution_max_dbl": 2.21961569786,
  "target_azimuth_dbl": 172.573135376,
  "target_azimuth_start_dbl": 173.649398804,
  "target_azimuth_end_dbl": 171.584411621,
  "target_azimuth_min_dbl": 171.584411621,
  "target_azimuth_max_dbl": 173.649398804,
  "sun_azimuth_dbl": 148.601547241,
  "sun_azimuth_min_dbl": 148.485778809,
  "sun_azimuth_max_dbl": 148.700073242,
  "sun_elevation_dbl": 55.9324951172,
  "sun_elevation_min_dbl": 55.8429450989,
  "sun_elevation_max_dbl": 56.0373649597,
  "off_nadir_angle_dbl": 29.917224884,
  "off_nadir_angle_start_dbl": 31.6660823822,
  "off_nadir_angle_end_dbl": 28.3923397064,
  "off_nadir_angle_min_dbl": 28.3923397064,
  "off_nadir_angle_max_dbl": 31.6660823822
}