{
  "img_filename": "crop_field_1114_0_rgb.jpg",
  "bounding_boxes": [
    {
      "category": "crop_field",
      "ID": 25071,
      "visible": "True",
      "box": [
        142,
        128,
        542,
        430
      ]
    }
  ],
  "gsd": 0.477386713028,
  "img_width": 928,
  "img_height": 666,
  "mean_pixel_height": 4.83931636637e-06,
  "mean_pixel_width": 4.840060797413e-06,
  "utm": "31T",
  "country_code": "FRA",
  "cloud_cover": 0,
  "timestamp": "2012-09-22T10:34:43Z",
  "scan_direction": "Reverse",
  "approximate_wavelengths": [
    661,
    545,
    477
  ],
  "pan_resolution_dbl": 0.477386713028,
  "pan_resolution_start_dbl": 0.502422511578,
  "pan_resolution_end_dbl": 0.457572579384,
  "pan_resolution_min_dbl": 0.457572579384,
  "pan_resolution_max_dbl": 0.502422511578,
  "multi_resolution_dbl": 1.91015017033,
  "multi_resolution_start_dbl": 2.01043605804,
  "multi_resolution_end_dbl": 1.83077049255,
  "multi_resolution_min_dbl": 1.83077049255,
  "multi_resolution_max_dbl": 2.01043605804,
  "target_azimuth_dbl": 197.058227539,
  "target_azimuth_start_dbl": 188.97354126,
  "target_azimuth_end_dbl": 206.455657959,
  "target_azimuth_min_dbl": 188.97354126,
  "target_azimuth_max_dbl": 206.455657959,
  "sun_azimuth_dbl": 160.331832886,
  "sun_azimuth_min_dbl": 159.681594849,
  "sun_azimuth_max_dbl": 161.031570435,
  "sun_elevation_dbl": 44.2510566711,
  "sun_elevation_min_dbl": 44.1346359253,
  "sun_elevation_max_dbl": 44.3754348755,
  "off_nadir_angle_dbl": 22.250951767,
  "off_nadir_angle_start_dbl": 26.0349750519,
  "off_nadir_angle_end_dbl": 18.7972278595,
  "off_nadir_angle_min_dbl": 18.7972278595,
  "off_nadir_angle_max_dbl": 26.0349750519
}