{
  "img_filename": "crop_field_1098_0_rgb.jpg",
  "bounding_boxes": [
    {
      "category": "crop_field",
      "ID": 24835,
      "visible": "True",
      "box": [
        0,
        165,
        1032,
        556
      ]
    }
  ],
  "gsd": 0.467310398817,
  "img_width": 1064,
  "img_height": 833,
  "mean_pixel_height": 4.22024417767e-06,
  "mean_pixel_width": 4.221406484957e-06,
  "utm": "36S",
  "country_code": "TUR",
  "cloud_cover": 0,
  "timestamp": "2014-08-23T08:53:40Z",
  "scan_direction": "Forward",
  "approximate_wavelengths": [
    661,
    545,
    477
  ],
  "pan_resolution_dbl": 0.467310398817,
  "pan_resolution_start_dbl": 0.4664234519,
  "pan_resolution_end_dbl": 0.468183338642,
  "pan_resolution_min_dbl": 0.4664234519,
  "pan_resolution_max_dbl": 0.468183338642,
  "multi_resolution_dbl": 1.87468290329,
  "multi_resolution_start_dbl": 1.87104356289,
  "multi_resolution_end_dbl": 1.87805902958,
  "multi_resolution_min_dbl": 1.87104356289,
  "multi_resolution_max_dbl": 1.87805902958,
  "target_azimuth_dbl": 125.767745972,
  "target_azimuth_start_dbl": 122.486976624,
  "target_azimuth_end_dbl": 128.237731934,
  "target_azimuth_min_dbl": 122.486976624,
  "target_azimuth_max_dbl": 128.237731934,
  "sun_azimuth_dbl": 154.645370483,
  "sun_azimuth_min_dbl": 154.491485596,
  "sun_azimuth_max_dbl": 154.823242188,
  "sun_elevation_dbl": 60.7030677795,
  "sun_elevation_min_dbl": 60.4567756653,
  "sun_elevation_max_dbl": 60.9133529663,
  "off_nadir_angle_dbl": 5.59463500977,
  "off_nadir_angle_start_dbl": 4.89622068405,
  "off_nadir_angle_end_dbl": 6.19942235947,
  "off_nadir_angle_min_dbl": 4.89622068405,
  "off_nadir_angle_max_dbl": 6.19942235947
}