{
  "img_filename": "golf_course_114_1_rgb.jpg",
  "bounding_boxes": [
    {
      "category": "golf_course",
      "ID": 19451,
      "visible": "True",
      "box": [
        127,
        308,
        764,
        311
      ]
    }
  ],
  "gsd": 0.475743353367,
  "img_width": 1051,
  "img_height": 951,
  "mean_pixel_height": 4.272504416402e-06,
  "mean_pixel_width": 4.273621693628e-06,
  "utm": "35J",
  "country_code": "ZAF",
  "cloud_cover": 1,
  "timestamp": "2016-07-29T08:21:27Z",
  "scan_direction": "Reverse",
  "approximate_wavelengths": [
    661,
    545,
    477
  ],
  "pan_resolution_dbl": 0.475743353367,
  "pan_resolution_start_dbl": 0.471575587988,
  "pan_resolution_end_dbl": 0.480518192053,
  "pan_resolution_min_dbl": 0.471575587988,
  "pan_resolution_max_dbl": 0.480518192053,
  "multi_resolution_dbl": 1.90277004242,
  "multi_resolution_start_dbl": 1.88619220257,
  "multi_resolution_end_dbl": 1.92177283764,
  "multi_resolution_min_dbl": 1.88619220257,
  "multi_resolution_max_dbl": 1.92177283764,
  "target_azimuth_dbl": 151.679870605,
  "target_azimuth_start_dbl": 151.153060913,
  "target_azimuth_end_dbl": 152.2006073,
  "target_azimuth_min_dbl": 151.153060913,
  "target_azimuth_max_dbl": 152.2006073,
  "sun_azimuth_dbl": 34.4143867493,
  "sun_azimuth_min_dbl": 34.4143867493,
  "sun_azimuth_max_dbl": 34.4143867493,
  "sun_elevation_dbl": 37.5769004822,
  "sun_elevation_min_dbl": 37.5769004822,
  "sun_elevation_max_dbl": 37.5769004822,
  "off_nadir_angle_dbl": 8.50651836395,
  "off_nadir_angle_start_dbl": 6.51340150833,
  "off_nadir_angle_end_dbl": 10.4915742874,
  "off_nadir_angle_min_dbl": 6.51340150833,
  "off_nadir_angle_max_dbl": 10.4915742874
}