{
  "img_filename": "golf_course_15_1_msrgb.jpg",
  "bounding_boxes": [
    {
      "category": "golf_course",
      "ID": 1858,
      "visible": "True",
      "box": [
        1,
        10,
        243,
        154
      ]
    }
  ],
  "gsd": 2.02273130417,
  "img_width": 246,
  "img_height": 173,
  "mean_pixel_height": 1.8187049132951e-05,
  "mean_pixel_width": 1.8258439024417e-05,
  "utm": "10T",
  "country_code": "USA",
  "cloud_cover": 10,
  "timestamp": "2015-05-09T19:27:24Z",
  "scan_direction": "Forward",
  "approximate_wavelengths": [
    661,
    545,
    477
  ],
  "pan_resolution_dbl": 0.504979968071,
  "pan_resolution_start_dbl": 0.51110625267,
  "pan_resolution_end_dbl": 0.500069797039,
  "pan_resolution_min_dbl": 0.500069797039,
  "pan_resolution_max_dbl": 0.51110625267,
  "multi_resolution_dbl": 2.02273130417,
  "multi_resolution_start_dbl": 2.04716920853,
  "multi_resolution_end_dbl": 2.00334978104,
  "multi_resolution_min_dbl": 2.00334978104,
  "multi_resolution_max_dbl": 2.04716920853,
  "target_azimuth_dbl": 22.6645259857,
  "target_azimuth_start_dbl": 18.3704967499,
  "target_azimuth_end_dbl": 26.7755050659,
  "target_azimuth_min_dbl": 18.3704967499,
  "target_azimuth_max_dbl": 26.7755050659,
  "sun_azimuth_dbl": 157.825271606,
  "sun_azimuth_min_dbl": 157.523757935,
  "sun_azimuth_max_dbl": 158.158355713,
  "sun_elevation_dbl": 60.619720459,
  "sun_elevation_min_dbl": 60.0806732178,
  "sun_elevation_max_dbl": 61.0966873169,
  "off_nadir_angle_dbl": 17.3709869385,
  "off_nadir_angle_start_dbl": 18.5468597412,
  "off_nadir_angle_end_dbl": 16.3950996399,
  "off_nadir_angle_min_dbl": 16.3950996399,
  "off_nadir_angle_max_dbl": 18.5468597412
}