{
  "img_filename": "golf_course_113_1_rgb.jpg",
  "bounding_boxes": [
    {
      "category": "golf_course",
      "ID": 19406,
      "visible": "True",
      "box": [
        331,
        116,
        363,
        488
      ]
    }
  ],
  "gsd": 0.491041630507,
  "img_width": 1023,
  "img_height": 875,
  "mean_pixel_height": 4.388418400002e-06,
  "mean_pixel_width": 4.390593352894e-06,
  "utm": "50R",
  "country_code": "CHN",
  "cloud_cover": 0,
  "timestamp": "2015-01-04T03:05:16Z",
  "scan_direction": "Forward",
  "approximate_wavelengths": [
    661,
    545,
    477
  ],
  "pan_resolution_dbl": 0.491041630507,
  "pan_resolution_start_dbl": 0.484870314598,
  "pan_resolution_end_dbl": 0.496832877398,
  "pan_resolution_min_dbl": 0.484870314598,
  "pan_resolution_max_dbl": 0.496832877398,
  "multi_resolution_dbl": 1.96862709522,
  "multi_resolution_start_dbl": 1.94368827343,
  "multi_resolution_end_dbl": 1.99202406406,
  "multi_resolution_min_dbl": 1.94368827343,
  "multi_resolution_max_dbl": 1.99202406406,
  "target_azimuth_dbl": 153.777908325,
  "target_azimuth_start_dbl": 153.844223022,
  "target_azimuth_end_dbl": 153.771438599,
  "target_azimuth_min_dbl": 153.754821777,
  "target_azimuth_max_dbl": 153.844223022,
  "sun_azimuth_dbl": 163.359039307,
  "sun_azimuth_min_dbl": 163.288299561,
  "sun_azimuth_max_dbl": 163.43913269,
  "sun_elevation_dbl": 34.0940856934,
  "sun_elevation_min_dbl": 33.5472602844,
  "sun_elevation_max_dbl": 34.5688743591,
  "off_nadir_angle_dbl": 14.7223796844,
  "off_nadir_angle_start_dbl": 13.0983381271,
  "off_nadir_angle_end_dbl": 16.1371955872,
  "off_nadir_angle_min_dbl": 13.0983381271,
  "off_nadir_angle_max_dbl": 16.1371955872
}