{
  "img_filename": "golf_course_113_0_rgb.jpg",
  "bounding_boxes": [
    {
      "category": "golf_course",
      "ID": 19406,
      "visible": "True",
      "box": [
        282,
        99,
        310,
        416
      ]
    }
  ],
  "gsd": 0.569070398808,
  "img_width": 872,
  "img_height": 745,
  "mean_pixel_height": 5.154182684566e-06,
  "mean_pixel_width": 5.150891055058e-06,
  "utm": "50R",
  "country_code": "CHN",
  "cloud_cover": 19,
  "timestamp": "2014-11-06T02:45:38Z",
  "scan_direction": "Reverse",
  "approximate_wavelengths": [
    661,
    545,
    477
  ],
  "pan_resolution_dbl": 0.569070398808,
  "pan_resolution_start_dbl": 0.560910463333,
  "pan_resolution_end_dbl": 0.585258901119,
  "pan_resolution_min_dbl": 0.560910463333,
  "pan_resolution_max_dbl": 0.585258901119,
  "multi_resolution_dbl": 2.27252054214,
  "multi_resolution_start_dbl": 2.24080228806,
  "multi_resolution_end_dbl": 2.33430576324,
  "multi_resolution_min_dbl": 2.24080228806,
  "multi_resolution_max_dbl": 2.33430576324,
  "target_azimuth_dbl": 288.913513184,
  "target_azimuth_start_dbl": 274.791900635,
  "target_azimuth_end_dbl": 301.973052979,
  "target_azimuth_min_dbl": 274.791900635,
  "target_azimuth_max_dbl": 301.973052979,
  "sun_azimuth_dbl": 161.382354736,
  "sun_azimuth_min_dbl": 161.205581665,
  "sun_azimuth_max_dbl": 161.555267334,
  "sun_elevation_dbl": 40.7131538391,
  "sun_elevation_min_dbl": 40.2143478394,
  "sun_elevation_max_dbl": 41.2137565613,
  "off_nadir_angle_dbl": 26.6957187653,
  "off_nadir_angle_start_dbl": 25.9152755737,
  "off_nadir_angle_end_dbl": 28.2348022461,
  "off_nadir_angle_min_dbl": 25.9152755737,
  "off_nadir_angle_max_dbl": 28.2348022461
}