{
  "img_filename": "golf_course_16_4_msrgb.jpg",
  "bounding_boxes": [
    {
      "category": "golf_course",
      "ID": 1888,
      "visible": "True",
      "box": [
        32,
        45,
        164,
        135
      ]
    }
  ],
  "gsd": 2.20533514023,
  "img_width": 230,
  "img_height": 200,
  "mean_pixel_height": 1.9540496499992e-05,
  "mean_pixel_width": 1.9528593478267e-05,
  "utm": "15R",
  "country_code": "USA",
  "cloud_cover": 0,
  "timestamp": "2015-10-04T16:53:56Z",
  "scan_direction": "Forward",
  "approximate_wavelengths": [
    661,
    545,
    477
  ],
  "pan_resolution_dbl": 0.550612568855,
  "pan_resolution_start_dbl": 0.563214540482,
  "pan_resolution_end_dbl": 0.539730787277,
  "pan_resolution_min_dbl": 0.539730787277,
  "pan_resolution_max_dbl": 0.563214540482,
  "multi_resolution_dbl": 2.20533514023,
  "multi_resolution_start_dbl": 2.25534653664,
  "multi_resolution_end_dbl": 2.16160559654,
  "multi_resolution_min_dbl": 2.16160559654,
  "multi_resolution_max_dbl": 2.25534653664,
  "target_azimuth_dbl": 320.67956543,
  "target_azimuth_start_dbl": 322.376464844,
  "target_azimuth_end_dbl": 319.045227051,
  "target_azimuth_min_dbl": 319.045227051,
  "target_azimuth_max_dbl": 322.376464844,
  "sun_azimuth_dbl": 150.857635498,
  "sun_azimuth_min_dbl": 150.566101074,
  "sun_azimuth_max_dbl": 151.166152954,
  "sun_elevation_dbl": 51.3312225342,
  "sun_elevation_min_dbl": 50.8248519897,
  "sun_elevation_max_dbl": 51.8014945984,
  "off_nadir_angle_dbl": 24.5633239746,
  "off_nadir_angle_start_dbl": 26.0055103302,
  "off_nadir_angle_end_dbl": 23.2276115417,
  "off_nadir_angle_min_dbl": 23.2276115417,
  "off_nadir_angle_max_dbl": 26.0055103302
}