{
  "img_filename": "golf_course_16_8_msrgb.jpg",
  "bounding_boxes": [
    {
      "category": "golf_course",
      "ID": 1888,
      "visible": "True",
      "box": [
        32,
        48,
        173,
        142
      ]
    }
  ],
  "gsd": 1.42159950733,
  "img_width": 242,
  "img_height": 210,
  "mean_pixel_height": 1.8609996666659e-05,
  "mean_pixel_width": 1.856023347108e-05,
  "utm": "15R",
  "country_code": "USA",
  "cloud_cover": 2,
  "timestamp": "2016-02-07T17:06:29Z",
  "scan_direction": "Reverse",
  "approximate_wavelengths": [
    661,
    545,
    477
  ],
  "pan_resolution_dbl": 0.355614691973,
  "pan_resolution_start_dbl": 0.346933960915,
  "pan_resolution_end_dbl": 0.366370975971,
  "pan_resolution_min_dbl": 0.346933960915,
  "pan_resolution_max_dbl": 0.366370975971,
  "multi_resolution_dbl": 1.42159950733,
  "multi_resolution_start_dbl": 1.38744902611,
  "multi_resolution_end_dbl": 1.46410512924,
  "multi_resolution_min_dbl": 1.38744902611,
  "multi_resolution_max_dbl": 1.46410512924,
  "target_azimuth_dbl": 299.798309326,
  "target_azimuth_start_dbl": 283.895080566,
  "target_azimuth_end_dbl": 312.067932129,
  "target_azimuth_min_dbl": 283.895080566,
  "target_azimuth_max_dbl": 312.067932129,
  "sun_azimuth_dbl": 152.891784668,
  "sun_azimuth_min_dbl": 152.73600769,
  "sun_azimuth_max_dbl": 153.026626587,
  "sun_elevation_dbl": 40.5861663818,
  "sun_elevation_min_dbl": 40.3364830017,
  "sun_elevation_max_dbl": 40.8710441589,
  "off_nadir_angle_dbl": 22.7412929535,
  "off_nadir_angle_start_dbl": 20.9540023804,
  "off_nadir_angle_end_dbl": 24.8890037537,
  "off_nadir_angle_min_dbl": 20.9540023804,
  "off_nadir_angle_max_dbl": 24.8890037537
}