{
  "img_filename": "golf_course_16_9_rgb.jpg",
  "bounding_boxes": [
    {
      "category": "golf_course",
      "ID": 1888,
      "visible": "True",
      "box": [
        187,
        276,
        980,
        806
      ]
    }
  ],
  "gsd": 0.366136789322,
  "img_width": 1374,
  "img_height": 1196,
  "mean_pixel_height": 3.267641555183e-06,
  "mean_pixel_width": 3.268978529841e-06,
  "utm": "15R",
  "country_code": "USA",
  "cloud_cover": 0,
  "timestamp": "2016-04-05T17:22:21Z",
  "scan_direction": "Forward",
  "approximate_wavelengths": [
    661,
    545,
    477
  ],
  "pan_resolution_dbl": 0.366136789322,
  "pan_resolution_start_dbl": 0.363644748926,
  "pan_resolution_end_dbl": 0.367973208427,
  "pan_resolution_min_dbl": 0.363644748926,
  "pan_resolution_max_dbl": 0.367973208427,
  "multi_resolution_dbl": 1.46532785892,
  "multi_resolution_start_dbl": 1.45533633232,
  "multi_resolution_end_dbl": 1.47269165516,
  "multi_resolution_min_dbl": 1.45533633232,
  "multi_resolution_max_dbl": 1.47269165516,
  "target_azimuth_dbl": 167.589920044,
  "target_azimuth_start_dbl": 168.958236694,
  "target_azimuth_end_dbl": 166.580490112,
  "target_azimuth_min_dbl": 166.580490112,
  "target_azimuth_max_dbl": 168.958236694,
  "sun_azimuth_dbl": 147.510894775,
  "sun_azimuth_min_dbl": 147.262237549,
  "sun_azimuth_max_dbl": 147.835998535,
  "sun_elevation_dbl": 63.2377853394,
  "sun_elevation_min_dbl": 62.9361534119,
  "sun_elevation_max_dbl": 63.465587616,
  "off_nadir_angle_dbl": 25.0045890808,
  "off_nadir_angle_start_dbl": 24.5600852966,
  "off_nadir_angle_end_dbl": 25.3493309021,
  "off_nadir_angle_min_dbl": 24.5600852966,
  "off_nadir_angle_max_dbl": 25.3493309021
}