{
  "img_filename": "golf_course_16_0_msrgb.jpg",
  "bounding_boxes": [
    {
      "category": "golf_course",
      "ID": 1888,
      "visible": "True",
      "box": [
        32,
        47,
        165,
        136
      ]
    }
  ],
  "gsd": 2.15963506699,
  "img_width": 232,
  "img_height": 202,
  "mean_pixel_height": 1.9347026237616e-05,
  "mean_pixel_width": 1.9360243534488e-05,
  "utm": "15R",
  "country_code": "USA",
  "cloud_cover": 3,
  "timestamp": "2012-03-24T17:16:44Z",
  "scan_direction": "Forward",
  "approximate_wavelengths": [
    661,
    545,
    477
  ],
  "pan_resolution_dbl": 0.538390159607,
  "pan_resolution_start_dbl": 0.536284804344,
  "pan_resolution_end_dbl": 0.540546059608,
  "pan_resolution_min_dbl": 0.536284804344,
  "pan_resolution_max_dbl": 0.540546059608,
  "multi_resolution_dbl": 2.15963506699,
  "multi_resolution_start_dbl": 2.15097260475,
  "multi_resolution_end_dbl": 2.16859960556,
  "multi_resolution_min_dbl": 2.15097260475,
  "multi_resolution_max_dbl": 2.16859960556,
  "target_azimuth_dbl": 233.025695801,
  "target_azimuth_start_dbl": 235.55619812,
  "target_azimuth_end_dbl": 230.680725098,
  "target_azimuth_min_dbl": 230.680725098,
  "target_azimuth_max_dbl": 235.55619812,
  "sun_azimuth_dbl": 147.84413147,
  "sun_azimuth_min_dbl": 147.591873169,
  "sun_azimuth_max_dbl": 148.109573364,
  "sun_elevation_dbl": 58.0363311768,
  "sun_elevation_min_dbl": 57.7378158569,
  "sun_elevation_max_dbl": 58.315826416,
  "off_nadir_angle_dbl": 23.1359119415,
  "off_nadir_angle_start_dbl": 22.847858429,
  "off_nadir_angle_end_dbl": 23.4308891296,
  "off_nadir_angle_min_dbl": 22.847858429,
  "off_nadir_angle_max_dbl": 23.4308891296
}