{
  "img_filename": "golf_course_16_6_rgb.jpg",
  "bounding_boxes": [
    {
      "category": "golf_course",
      "ID": 1888,
      "visible": "True",
      "box": [
        134,
        198,
        699,
        575
      ]
    }
  ],
  "gsd": 0.324912160635,
  "img_width": 981,
  "img_height": 854,
  "mean_pixel_height": 4.576228688523e-06,
  "mean_pixel_width": 4.578569317025e-06,
  "utm": "15R",
  "country_code": "USA",
  "cloud_cover": 4,
  "timestamp": "2015-10-16T17:06:11Z",
  "scan_direction": "Forward",
  "approximate_wavelengths": [
    661,
    545,
    477
  ],
  "pan_resolution_dbl": 0.324912160635,
  "pan_resolution_start_dbl": 0.328100681305,
  "pan_resolution_end_dbl": 0.322173714638,
  "pan_resolution_min_dbl": 0.322173714638,
  "pan_resolution_max_dbl": 0.328100681305,
  "multi_resolution_dbl": 1.29983901978,
  "multi_resolution_start_dbl": 1.31260251999,
  "multi_resolution_end_dbl": 1.28887724876,
  "multi_resolution_min_dbl": 1.28887724876,
  "multi_resolution_max_dbl": 1.31260251999,
  "target_azimuth_dbl": 252.755706787,
  "target_azimuth_start_dbl": 252.966186523,
  "target_azimuth_end_dbl": 252.624435425,
  "target_azimuth_min_dbl": 252.624435425,
  "target_azimuth_max_dbl": 252.966186523,
  "sun_azimuth_dbl": 158.663452148,
  "sun_azimuth_min_dbl": 158.501678467,
  "sun_azimuth_max_dbl": 158.83883667,
  "sun_elevation_dbl": 49.3718948364,
  "sun_elevation_min_dbl": 48.843372345,
  "sun_elevation_max_dbl": 49.8511199951,
  "off_nadir_angle_dbl": 14.1192646027,
  "off_nadir_angle_start_dbl": 15.3333997726,
  "off_nadir_angle_end_dbl": 12.997262001,
  "off_nadir_angle_min_dbl": 12.997262001,
  "off_nadir_angle_max_dbl": 15.3333997726
}