{
  "img_filename": "golf_course_16_1_rgb.jpg",
  "bounding_boxes": [
    {
      "category": "golf_course",
      "ID": 1888,
      "visible": "True",
      "box": [
        117,
        174,
        615,
        506
      ]
    }
  ],
  "gsd": 0.573588252068,
  "img_width": 863,
  "img_height": 751,
  "mean_pixel_height": 5.203860585883e-06,
  "mean_pixel_width": 5.204607763617e-06,
  "utm": "15R",
  "country_code": "USA",
  "cloud_cover": 0,
  "timestamp": "2013-01-03T17:14:07Z",
  "scan_direction": "Forward",
  "approximate_wavelengths": [
    661,
    545,
    477
  ],
  "pan_resolution_dbl": 0.573588252068,
  "pan_resolution_start_dbl": 0.582034707069,
  "pan_resolution_end_dbl": 0.566230773926,
  "pan_resolution_min_dbl": 0.566230773926,
  "pan_resolution_max_dbl": 0.582034707069,
  "multi_resolution_dbl": 2.29606723785,
  "multi_resolution_start_dbl": 2.32977628708,
  "multi_resolution_end_dbl": 2.26670455933,
  "multi_resolution_min_dbl": 2.26670455933,
  "multi_resolution_max_dbl": 2.32977628708,
  "target_azimuth_dbl": 318.458129883,
  "target_azimuth_start_dbl": 319.581298828,
  "target_azimuth_end_dbl": 317.414520264,
  "target_azimuth_min_dbl": 317.414520264,
  "target_azimuth_max_dbl": 319.581298828,
  "sun_azimuth_dbl": 161.106399536,
  "sun_azimuth_min_dbl": 161.046020508,
  "sun_azimuth_max_dbl": 161.171554565,
  "sun_elevation_dbl": 35.1492233276,
  "sun_elevation_min_dbl": 34.8194541931,
  "sun_elevation_max_dbl": 35.4475631714,
  "off_nadir_angle_dbl": 27.0424537659,
  "off_nadir_angle_start_dbl": 27.8730430603,
  "off_nadir_angle_end_dbl": 26.2961177826,
  "off_nadir_angle_min_dbl": 26.2961177826,
  "off_nadir_angle_max_dbl": 27.8730430603
}