{
  "img_filename": "golf_course_16_2_msrgb.jpg",
  "bounding_boxes": [
    {
      "category": "golf_course",
      "ID": 1888,
      "visible": "True",
      "box": [
        30,
        46,
        162,
        134
      ]
    }
  ],
  "gsd": 2.22696566582,
  "img_width": 229,
  "img_height": 199,
  "mean_pixel_height": 1.9638689949741e-05,
  "mean_pixel_width": 1.9613871179045e-05,
  "utm": "15R",
  "country_code": "USA",
  "cloud_cover": 1,
  "timestamp": "2014-09-22T17:10:35Z",
  "scan_direction": "Forward",
  "approximate_wavelengths": [
    661,
    545,
    477
  ],
  "pan_resolution_dbl": 0.555469512939,
  "pan_resolution_start_dbl": 0.573038697243,
  "pan_resolution_end_dbl": 0.543313503265,
  "pan_resolution_min_dbl": 0.543313503265,
  "pan_resolution_max_dbl": 0.573038697243,
  "multi_resolution_dbl": 2.22696566582,
  "multi_resolution_start_dbl": 2.29024457932,
  "multi_resolution_end_dbl": 2.1770362854,
  "multi_resolution_min_dbl": 2.1770362854,
  "multi_resolution_max_dbl": 2.29024457932,
  "target_azimuth_dbl": 339.824798584,
  "target_azimuth_start_dbl": 340.250274658,
  "target_azimuth_end_dbl": 339.472595215,
  "target_azimuth_min_dbl": 339.472595215,
  "target_azimuth_max_dbl": 340.250274658,
  "sun_azimuth_dbl": 152.627120972,
  "sun_azimuth_min_dbl": 152.302612305,
  "sun_azimuth_max_dbl": 152.995056152,
  "sun_elevation_dbl": 56.8159294128,
  "sun_elevation_min_dbl": 56.28698349,
  "sun_elevation_max_dbl": 57.2735290527,
  "off_nadir_angle_dbl": 25.2685966492,
  "off_nadir_angle_start_dbl": 26.9536762238,
  "off_nadir_angle_end_dbl": 23.8061141968,
  "off_nadir_angle_min_dbl": 23.8061141968,
  "off_nadir_angle_max_dbl": 26.9536762238
}