{
  "img_filename": "crop_field_1019_0_rgb.jpg",
  "bounding_boxes": [
    {
      "category": "crop_field",
      "ID": 23129,
      "visible": "True",
      "box": [
        439,
        345,
        142,
        124
      ]
    }
  ],
  "gsd": 0.542156636715,
  "img_width": 928,
  "img_height": 767,
  "mean_pixel_height": 4.83618096479e-06,
  "mean_pixel_width": 4.840060344819e-06,
  "utm": "53S",
  "country_code": "JPN",
  "cloud_cover": 0,
  "timestamp": "2010-01-04T01:59:12Z",
  "scan_direction": "Forward",
  "approximate_wavelengths": [
    661,
    545,
    477
  ],
  "pan_resolution_dbl": 0.542156636715,
  "pan_resolution_start_dbl": 0.531778812408,
  "pan_resolution_end_dbl": 0.55241984129,
  "pan_resolution_min_dbl": 0.531778812408,
  "pan_resolution_max_dbl": 0.55241984129,
  "multi_resolution_dbl": 2.17495703697,
  "multi_resolution_start_dbl": 2.13304877281,
  "multi_resolution_end_dbl": 2.2163977623,
  "multi_resolution_min_dbl": 2.13304877281,
  "multi_resolution_max_dbl": 2.2163977623,
  "target_azimuth_dbl": 195.675506592,
  "target_azimuth_start_dbl": 198.520431519,
  "target_azimuth_end_dbl": 193.280883789,
  "target_azimuth_min_dbl": 193.280883789,
  "target_azimuth_max_dbl": 198.520431519,
  "sun_azimuth_dbl": 161.098220825,
  "sun_azimuth_min_dbl": 161.0184021,
  "sun_azimuth_max_dbl": 161.184463501,
  "sun_elevation_dbl": 30.5768680573,
  "sun_elevation_min_dbl": 30.0172481537,
  "sun_elevation_max_dbl": 31.0848674774,
  "off_nadir_angle_dbl": 23.439163208,
  "off_nadir_angle_start_dbl": 22.0082931519,
  "off_nadir_angle_end_dbl": 24.7778110504,
  "off_nadir_angle_min_dbl": 22.0082931519,
  "off_nadir_angle_max_dbl": 24.7778110504
}