{
  "img_filename": "golf_course_104_10_rgb.jpg",
  "bounding_boxes": [
    {
      "category": "golf_course",
      "ID": 18123,
      "visible": "True",
      "box": [
        2,
        2,
        861,
        613
      ]
    }
  ],
  "gsd": 0.561546623707,
  "img_width": 882,
  "img_height": 662,
  "mean_pixel_height": 5.088642147204e-06,
  "mean_pixel_width": 5.088642147204e-06,
  "utm": "19T",
  "country_code": "USA",
  "cloud_cover": 0,
  "timestamp": "2015-08-02T15:31:28Z",
  "scan_direction": "Forward",
  "approximate_wavelengths": [
    661,
    545,
    477
  ],
  "pan_resolution_dbl": 0.561546623707,
  "pan_resolution_start_dbl": 0.57284617424,
  "pan_resolution_end_dbl": 0.551109910011,
  "pan_resolution_min_dbl": 0.551109910011,
  "pan_resolution_max_dbl": 0.57284617424,
  "multi_resolution_dbl": 2.24906897545,
  "multi_resolution_start_dbl": 2.2944483757,
  "multi_resolution_end_dbl": 2.20697426796,
  "multi_resolution_min_dbl": 2.20697426796,
  "multi_resolution_max_dbl": 2.2944483757,
  "target_azimuth_dbl": 309.318969727,
  "target_azimuth_start_dbl": 311.639526367,
  "target_azimuth_end_dbl": 306.94128418,
  "target_azimuth_min_dbl": 306.94128418,
  "target_azimuth_max_dbl": 311.639526367,
  "sun_azimuth_dbl": 137.770004272,
  "sun_azimuth_min_dbl": 137.140853882,
  "sun_azimuth_max_dbl": 138.395706177,
  "sun_elevation_dbl": 60.7183303833,
  "sun_elevation_min_dbl": 60.2912483215,
  "sun_elevation_max_dbl": 61.1376190186,
  "off_nadir_angle_dbl": 25.6221065521,
  "off_nadir_angle_start_dbl": 26.8342533112,
  "off_nadir_angle_end_dbl": 24.4388809204,
  "off_nadir_angle_min_dbl": 24.4388809204,
  "off_nadir_angle_max_dbl": 26.8342533112
}