{
  "img_filename": "golf_course_104_0_msrgb.jpg",
  "bounding_boxes": [
    {
      "category": "golf_course",
      "ID": 18123,
      "visible": "True",
      "box": [
        1,
        1,
        238,
        169
      ]
    }
  ],
  "gsd": 2.02154827118,
  "img_width": 245,
  "img_height": 184,
  "mean_pixel_height": 1.8283447826067e-05,
  "mean_pixel_width": 1.8332964897957e-05,
  "utm": "19T",
  "country_code": "USA",
  "cloud_cover": 1,
  "timestamp": "2010-02-08T15:44:54Z",
  "scan_direction": "Forward",
  "approximate_wavelengths": [
    661,
    545,
    477
  ],
  "pan_resolution_dbl": 0.504953622818,
  "pan_resolution_start_dbl": 0.513732373714,
  "pan_resolution_end_dbl": 0.497470408678,
  "pan_resolution_min_dbl": 0.497470408678,
  "pan_resolution_max_dbl": 0.513732373714,
  "multi_resolution_dbl": 2.02154827118,
  "multi_resolution_start_dbl": 2.05654740334,
  "multi_resolution_end_dbl": 1.99171876907,
  "multi_resolution_min_dbl": 1.99171876907,
  "multi_resolution_max_dbl": 2.05654740334,
  "target_azimuth_dbl": 347.918731689,
  "target_azimuth_start_dbl": 347.031646729,
  "target_azimuth_end_dbl": 348.898040771,
  "target_azimuth_min_dbl": 347.031646729,
  "target_azimuth_max_dbl": 348.898040771,
  "sun_azimuth_dbl": 158.691665649,
  "sun_azimuth_min_dbl": 158.596679688,
  "sun_azimuth_max_dbl": 158.792358398,
  "sun_elevation_dbl": 31.2264499664,
  "sun_elevation_min_dbl": 30.6784992218,
  "sun_elevation_max_dbl": 31.7322425842,
  "off_nadir_angle_dbl": 17.2478713989,
  "off_nadir_angle_start_dbl": 18.9285964966,
  "off_nadir_angle_end_dbl": 15.7074050903,
  "off_nadir_angle_min_dbl": 15.7074050903,
  "off_nadir_angle_max_dbl": 18.9285964966
}