{
  "img_filename": "golf_course_104_6_rgb.jpg",
  "bounding_boxes": [
    {
      "category": "golf_course",
      "ID": 18123,
      "visible": "True",
      "box": [
        2,
        2,
        887,
        631
      ]
    }
  ],
  "gsd": 0.548418223858,
  "img_width": 910,
  "img_height": 681,
  "mean_pixel_height": 4.940021145369e-06,
  "mean_pixel_width": 4.935798241758e-06,
  "utm": "19T",
  "country_code": "USA",
  "cloud_cover": 9,
  "timestamp": "2014-12-01T15:39:57Z",
  "scan_direction": "Forward",
  "approximate_wavelengths": [
    661,
    545,
    477
  ],
  "pan_resolution_dbl": 0.548418223858,
  "pan_resolution_start_dbl": 0.550422310829,
  "pan_resolution_end_dbl": 0.546894490719,
  "pan_resolution_min_dbl": 0.546894490719,
  "pan_resolution_max_dbl": 0.550422310829,
  "multi_resolution_dbl": 2.19759702682,
  "multi_resolution_start_dbl": 2.20550537109,
  "multi_resolution_end_dbl": 2.19161558151,
  "multi_resolution_min_dbl": 2.19161558151,
  "multi_resolution_max_dbl": 2.20550537109,
  "target_azimuth_dbl": 262.238067627,
  "target_azimuth_start_dbl": 266.005187988,
  "target_azimuth_end_dbl": 258.428039551,
  "target_azimuth_min_dbl": 258.428039551,
  "target_azimuth_max_dbl": 266.005187988,
  "sun_azimuth_dbl": 165.817779541,
  "sun_azimuth_min_dbl": 165.777481079,
  "sun_azimuth_max_dbl": 165.856262207,
  "sun_elevation_dbl": 25.5694942474,
  "sun_elevation_min_dbl": 25.0394859314,
  "sun_elevation_max_dbl": 26.0985240936,
  "off_nadir_angle_dbl": 24.2677745819,
  "off_nadir_angle_start_dbl": 24.5086784363,
  "off_nadir_angle_end_dbl": 24.0833835602,
  "off_nadir_angle_min_dbl": 24.0833835602,
  "off_nadir_angle_max_dbl": 24.5086784363
}