{
  "img_filename": "golf_course_104_9_rgb.jpg",
  "bounding_boxes": [
    {
      "category": "golf_course",
      "ID": 18123,
      "visible": "True",
      "box": [
        3,
        4,
        1289,
        918
      ]
    }
  ],
  "gsd": 0.379116207361,
  "img_width": 1323,
  "img_height": 991,
  "mean_pixel_height": 3.394706760844e-06,
  "mean_pixel_width": 3.394993499622e-06,
  "utm": "19T",
  "country_code": "USA",
  "cloud_cover": 2,
  "timestamp": "2016-08-29T16:16:48Z",
  "scan_direction": "Forward",
  "approximate_wavelengths": [
    661,
    545,
    477
  ],
  "pan_resolution_dbl": 0.379116207361,
  "pan_resolution_start_dbl": 0.374674111605,
  "pan_resolution_end_dbl": 0.383495897055,
  "pan_resolution_min_dbl": 0.374674111605,
  "pan_resolution_max_dbl": 0.383495897055,
  "multi_resolution_dbl": 1.5168081522,
  "multi_resolution_start_dbl": 1.49903035164,
  "multi_resolution_end_dbl": 1.53433656693,
  "multi_resolution_min_dbl": 1.49903035164,
  "multi_resolution_max_dbl": 1.53433656693,
  "target_azimuth_dbl": 96.2052154541,
  "target_azimuth_start_dbl": 96.2108001709,
  "target_azimuth_end_dbl": 96.227104187,
  "target_azimuth_min_dbl": 96.1953582764,
  "target_azimuth_max_dbl": 96.227104187,
  "sun_azimuth_dbl": 166.450927734,
  "sun_azimuth_min_dbl": 166.37071228,
  "sun_azimuth_max_dbl": 166.530731201,
  "sun_elevation_dbl": 56.8225288391,
  "sun_elevation_min_dbl": 56.4939956665,
  "sun_elevation_max_dbl": 57.1495323181,
  "off_nadir_angle_dbl": 26.908082962,
  "off_nadir_angle_start_dbl": 26.1773262024,
  "off_nadir_angle_end_dbl": 27.6285133362,
  "off_nadir_angle_min_dbl": 26.1773262024,
  "off_nadir_angle_max_dbl": 27.6285133362
}