{
  "img_filename": "golf_course_104_12_msrgb.jpg",
  "bounding_boxes": [
    {
      "category": "golf_course",
      "ID": 18123,
      "visible": "True",
      "box": [
        0,
        0,
        259,
        185
      ]
    }
  ],
  "gsd": 1.88350152969,
  "img_width": 266,
  "img_height": 200,
  "mean_pixel_height": 1.6862232198491e-05,
  "mean_pixel_width": 1.6862232198468e-05,
  "utm": "19T",
  "country_code": "USA",
  "cloud_cover": 0,
  "timestamp": "2013-05-04T16:10:53Z",
  "scan_direction": "Forward",
  "approximate_wavelengths": [
    661,
    545,
    477
  ],
  "pan_resolution_dbl": 0.469968885183,
  "pan_resolution_start_dbl": 0.469493180513,
  "pan_resolution_end_dbl": 0.470558285713,
  "pan_resolution_min_dbl": 0.469493180513,
  "pan_resolution_max_dbl": 0.470558285713,
  "multi_resolution_dbl": 1.88350152969,
  "multi_resolution_start_dbl": 1.88148283958,
  "multi_resolution_end_dbl": 1.88597893715,
  "multi_resolution_min_dbl": 1.88148283958,
  "multi_resolution_max_dbl": 1.88597893715,
  "target_azimuth_dbl": 79.3861541748,
  "target_azimuth_start_dbl": 71.0913085938,
  "target_azimuth_end_dbl": 86.7462768555,
  "target_azimuth_min_dbl": 71.0913085938,
  "target_azimuth_max_dbl": 86.7462768555,
  "sun_azimuth_dbl": 162.857971191,
  "sun_azimuth_min_dbl": 162.693481445,
  "sun_azimuth_max_dbl": 163.029663086,
  "sun_elevation_dbl": 63.6027908325,
  "sun_elevation_min_dbl": 63.2633628845,
  "sun_elevation_max_dbl": 63.9232025146,
  "off_nadir_angle_dbl": 6.75799179077,
  "off_nadir_angle_start_dbl": 6.42905092239,
  "off_nadir_angle_end_dbl": 7.14075088501,
  "off_nadir_angle_min_dbl": 6.42905092239,
  "off_nadir_angle_max_dbl": 7.14075088501
}