{
  "img_filename": "golf_course_104_15_msrgb.jpg",
  "bounding_boxes": [
    {
      "category": "golf_course",
      "ID": 18123,
      "visible": "True",
      "box": [
        0,
        0,
        228,
        162
      ]
    }
  ],
  "gsd": 2.12911510468,
  "img_width": 234,
  "img_height": 176,
  "mean_pixel_height": 1.91658117914e-05,
  "mean_pixel_width": 1.9165811791396e-05,
  "utm": "19T",
  "country_code": "USA",
  "cloud_cover": 0,
  "timestamp": "2012-10-13T15:52:46Z",
  "scan_direction": "Forward",
  "approximate_wavelengths": [
    661,
    545,
    477
  ],
  "pan_resolution_dbl": 0.531353056431,
  "pan_resolution_start_dbl": 0.538911163807,
  "pan_resolution_end_dbl": 0.524247348309,
  "pan_resolution_min_dbl": 0.524247348309,
  "pan_resolution_max_dbl": 0.538911163807,
  "multi_resolution_dbl": 2.12911510468,
  "multi_resolution_start_dbl": 2.15970015526,
  "multi_resolution_end_dbl": 2.10074281693,
  "multi_resolution_min_dbl": 2.10074281693,
  "multi_resolution_max_dbl": 2.15970015526,
  "target_azimuth_dbl": 297.306274414,
  "target_azimuth_start_dbl": 300.317138672,
  "target_azimuth_end_dbl": 294.160552979,
  "target_azimuth_min_dbl": 294.160552979,
  "target_azimuth_max_dbl": 300.317138672,
  "sun_azimuth_dbl": 167.33883667,
  "sun_azimuth_min_dbl": 167.267059326,
  "sun_azimuth_max_dbl": 167.40864563,
  "sun_elevation_dbl": 39.8013153076,
  "sun_elevation_min_dbl": 39.2556838989,
  "sun_elevation_max_dbl": 40.3455467224,
  "off_nadir_angle_dbl": 21.9861984253,
  "off_nadir_angle_start_dbl": 23.0399646759,
  "off_nadir_angle_end_dbl": 20.9635486603,
  "off_nadir_angle_min_dbl": 20.9635486603,
  "off_nadir_angle_max_dbl": 23.0399646759
}