{
  "img_filename": "golf_course_10_0_rgb.jpg",
  "bounding_boxes": [
    {
      "category": "golf_course",
      "ID": 1344,
      "visible": "True",
      "box": [
        0,
        104,
        851,
        470
      ]
    }
  ],
  "gsd": 0.576556444168,
  "img_width": 869,
  "img_height": 583,
  "mean_pixel_height": 5.168031389362e-06,
  "mean_pixel_width": 5.168672612199e-06,
  "utm": "32U",
  "country_code": "DEU",
  "cloud_cover": 0,
  "timestamp": "2012-03-27T10:21:13Z",
  "scan_direction": "Forward",
  "approximate_wavelengths": [
    661,
    545,
    477
  ],
  "pan_resolution_dbl": 0.576556444168,
  "pan_resolution_start_dbl": 0.582626700401,
  "pan_resolution_end_dbl": 0.571328818798,
  "pan_resolution_min_dbl": 0.571328818798,
  "pan_resolution_max_dbl": 0.582626700401,
  "multi_resolution_dbl": 2.30994796753,
  "multi_resolution_start_dbl": 2.33434700966,
  "multi_resolution_end_dbl": 2.28939700127,
  "multi_resolution_min_dbl": 2.28939700127,
  "multi_resolution_max_dbl": 2.33434700966,
  "target_azimuth_dbl": 301.411621094,
  "target_azimuth_start_dbl": 302.973144531,
  "target_azimuth_end_dbl": 300.019226074,
  "target_azimuth_min_dbl": 300.019226074,
  "target_azimuth_max_dbl": 302.973144531,
  "sun_azimuth_dbl": 160.184524536,
  "sun_azimuth_min_dbl": 160.107498169,
  "sun_azimuth_max_dbl": 160.271209717,
  "sun_elevation_dbl": 43.1504173279,
  "sun_elevation_min_dbl": 42.8401756287,
  "sun_elevation_max_dbl": 43.4220657349,
  "off_nadir_angle_dbl": 27.1676864624,
  "off_nadir_angle_start_dbl": 27.760225296,
  "off_nadir_angle_end_dbl": 26.657705307,
  "off_nadir_angle_min_dbl": 26.657705307,
  "off_nadir_angle_max_dbl": 27.760225296
}