{
  "img_filename": "golf_course_156_8_msrgb.jpg",
  "bounding_boxes": [
    {
      "category": "golf_course",
      "ID": 27680,
      "visible": "True",
      "box": [
        5,
        2,
        384,
        290
      ]
    }
  ],
  "gsd": 1.26637899876,
  "img_width": 395,
  "img_height": 297,
  "mean_pixel_height": 1.136603265994e-05,
  "mean_pixel_width": 1.137107949367e-05,
  "utm": "16T",
  "country_code": "USA",
  "cloud_cover": 4,
  "timestamp": "2015-11-04T17:02:29Z",
  "scan_direction": "Forward",
  "approximate_wavelengths": [
    661,
    545,
    477
  ],
  "pan_resolution_dbl": 0.316511482,
  "pan_resolution_start_dbl": 0.314830958843,
  "pan_resolution_end_dbl": 0.317989885807,
  "pan_resolution_min_dbl": 0.314830958843,
  "pan_resolution_max_dbl": 0.317989885807,
  "multi_resolution_dbl": 1.26637899876,
  "multi_resolution_start_dbl": 1.26056551933,
  "multi_resolution_end_dbl": 1.27219641209,
  "multi_resolution_min_dbl": 1.26056551933,
  "multi_resolution_max_dbl": 1.27219641209,
  "target_azimuth_dbl": 125.99861908,
  "target_azimuth_start_dbl": 134.323822021,
  "target_azimuth_end_dbl": 119.379730225,
  "target_azimuth_min_dbl": 119.379730225,
  "target_azimuth_max_dbl": 134.323822021,
  "sun_azimuth_dbl": 170.901046753,
  "sun_azimuth_min_dbl": 170.89225769,
  "sun_azimuth_max_dbl": 170.910079956,
  "sun_elevation_dbl": 32.3216056824,
  "sun_elevation_min_dbl": 31.7628326416,
  "sun_elevation_max_dbl": 32.8246994019,
  "off_nadir_angle_dbl": 9.35173511505,
  "off_nadir_angle_start_dbl": 8.42234420776,
  "off_nadir_angle_end_dbl": 10.2742357254,
  "off_nadir_angle_min_dbl": 8.42234420776,
  "off_nadir_angle_max_dbl": 10.2742357254
}