{
  "img_filename": "golf_course_156_6_msrgb.jpg",
  "bounding_boxes": [
    {
      "category": "golf_course",
      "ID": 27680,
      "visible": "True",
      "box": [
        3,
        1,
        229,
        175
      ]
    }
  ],
  "gsd": 2.10350823402,
  "img_width": 237,
  "img_height": 179,
  "mean_pixel_height": 1.8858724581018e-05,
  "mean_pixel_width": 1.8951799156116e-05,
  "utm": "16T",
  "country_code": "USA",
  "cloud_cover": 0,
  "timestamp": "2016-05-19T16:44:04Z",
  "scan_direction": "Forward",
  "approximate_wavelengths": [
    661,
    545,
    477
  ],
  "pan_resolution_dbl": 0.525317668915,
  "pan_resolution_start_dbl": 0.536379218102,
  "pan_resolution_end_dbl": 0.516812682152,
  "pan_resolution_min_dbl": 0.516812682152,
  "pan_resolution_max_dbl": 0.536379218102,
  "multi_resolution_dbl": 2.10350823402,
  "multi_resolution_start_dbl": 2.14776587486,
  "multi_resolution_end_dbl": 2.06951570511,
  "multi_resolution_min_dbl": 2.06951570511,
  "multi_resolution_max_dbl": 2.14776587486,
  "target_azimuth_dbl": 0.488105267286,
  "target_azimuth_start_dbl": 358.797210693,
  "target_azimuth_end_dbl": 2.03959465027,
  "target_azimuth_min_dbl": 0.0319704860449,
  "target_azimuth_max_dbl": 359.59854126,
  "sun_azimuth_dbl": 142.851394653,
  "sun_azimuth_min_dbl": 142.272506714,
  "sun_azimuth_max_dbl": 143.540054321,
  "sun_elevation_dbl": 64.7898635864,
  "sun_elevation_min_dbl": 64.3149642944,
  "sun_elevation_max_dbl": 65.179725647,
  "off_nadir_angle_dbl": 21.0537338257,
  "off_nadir_angle_start_dbl": 22.6917877197,
  "off_nadir_angle_end_dbl": 19.7205562592,
  "off_nadir_angle_min_dbl": 19.7205562592,
  "off_nadir_angle_max_dbl": 22.6917877197
}