{
  "img_filename": "crop_field_1001_0_rgb.jpg",
  "bounding_boxes": [
    {
      "category": "crop_field",
      "ID": 22811,
      "visible": "True",
      "box": [
        404,
        237,
        419,
        321
      ]
    }
  ],
  "gsd": 0.486699908972,
  "img_width": 1027,
  "img_height": 735,
  "mean_pixel_height": 4.368900544212e-06,
  "mean_pixel_width": 4.37349211295e-06,
  "utm": "32T",
  "country_code": "ITA",
  "cloud_cover": 0,
  "timestamp": "2013-04-16T10:31:58Z",
  "scan_direction": "Reverse",
  "approximate_wavelengths": [
    661,
    545,
    477
  ],
  "pan_resolution_dbl": 0.486699908972,
  "pan_resolution_start_dbl": 0.49314776063,
  "pan_resolution_end_dbl": 0.482815623283,
  "pan_resolution_min_dbl": 0.482815623283,
  "pan_resolution_max_dbl": 0.49314776063,
  "multi_resolution_dbl": 1.94226384163,
  "multi_resolution_start_dbl": 1.96867978573,
  "multi_resolution_end_dbl": 1.92636168003,
  "multi_resolution_min_dbl": 1.92636168003,
  "multi_resolution_max_dbl": 1.96867978573,
  "target_azimuth_dbl": 247.408401489,
  "target_azimuth_start_dbl": 234.775604248,
  "target_azimuth_end_dbl": 258.463195801,
  "target_azimuth_min_dbl": 234.775604248,
  "target_azimuth_max_dbl": 258.463195801,
  "sun_azimuth_dbl": 161.703598022,
  "sun_azimuth_min_dbl": 161.575759888,
  "sun_azimuth_max_dbl": 161.802124023,
  "sun_elevation_dbl": 54.6690826416,
  "sun_elevation_min_dbl": 54.4844818115,
  "sun_elevation_max_dbl": 54.9084358215,
  "off_nadir_angle_dbl": 12.5971469879,
  "off_nadir_angle_start_dbl": 14.430393219,
  "off_nadir_angle_end_dbl": 11.4066257477,
  "off_nadir_angle_min_dbl": 11.4066257477,
  "off_nadir_angle_max_dbl": 14.430393219
}