{
  "img_filename": "crop_field_1059_0_msrgb.jpg",
  "bounding_boxes": [
    {
      "category": "crop_field",
      "ID": 24036,
      "visible": "True",
      "box": [
        0,
        3,
        211,
        142
      ]
    }
  ],
  "gsd": 2.31692075729,
  "img_width": 218,
  "img_height": 169,
  "mean_pixel_height": 2.0575126035527e-05,
  "mean_pixel_width": 2.0603561559633e-05,
  "utm": "30S",
  "country_code": "ESP",
  "cloud_cover": 0,
  "timestamp": "2016-05-20T11:07:14Z",
  "scan_direction": "Forward",
  "approximate_wavelengths": [
    661,
    545,
    477
  ],
  "pan_resolution_dbl": 0.578737735748,
  "pan_resolution_start_dbl": 0.586921691895,
  "pan_resolution_end_dbl": 0.571654200554,
  "pan_resolution_min_dbl": 0.571654200554,
  "pan_resolution_max_dbl": 0.586921691895,
  "multi_resolution_dbl": 2.31692075729,
  "multi_resolution_start_dbl": 2.34956097603,
  "multi_resolution_end_dbl": 2.28857207298,
  "multi_resolution_min_dbl": 2.28857207298,
  "multi_resolution_max_dbl": 2.34956097603,
  "target_azimuth_dbl": 10.3036165237,
  "target_azimuth_start_dbl": 9.34905338287,
  "target_azimuth_end_dbl": 11.192150116,
  "target_azimuth_min_dbl": 9.34905338287,
  "target_azimuth_max_dbl": 11.192150116,
  "sun_azimuth_dbl": 140.773208618,
  "sun_azimuth_min_dbl": 140.407745361,
  "sun_azimuth_max_dbl": 141.175552368,
  "sun_elevation_dbl": 66.3432312012,
  "sun_elevation_min_dbl": 66.1089935303,
  "sun_elevation_max_dbl": 66.5527954102,
  "off_nadir_angle_dbl": 27.6339950562,
  "off_nadir_angle_start_dbl": 28.4302978516,
  "off_nadir_angle_end_dbl": 26.9227581024,
  "off_nadir_angle_min_dbl": 26.9227581024,
  "off_nadir_angle_max_dbl": 28.4302978516
}