{
  "img_filename": "golf_course_146_14_msrgb.jpg",
  "bounding_boxes": [
    {
      "category": "golf_course",
      "ID": 24989,
      "visible": "True",
      "box": [
        75,
        46,
        93,
        99
      ]
    }
  ],
  "gsd": 2.05939888954,
  "img_width": 244,
  "img_height": 188,
  "mean_pixel_height": 1.8438979321945e-05,
  "mean_pixel_width": 1.8438979321946e-05,
  "utm": "13S",
  "country_code": "USA",
  "cloud_cover": 1,
  "timestamp": "2012-08-08T18:06:58Z",
  "scan_direction": "Forward",
  "approximate_wavelengths": [
    661,
    545,
    477
  ],
  "pan_resolution_dbl": 0.513287365437,
  "pan_resolution_start_dbl": 0.513810873032,
  "pan_resolution_end_dbl": 0.51329678297,
  "pan_resolution_min_dbl": 0.513090014458,
  "pan_resolution_max_dbl": 0.513810873032,
  "multi_resolution_dbl": 2.05939888954,
  "multi_resolution_start_dbl": 2.06165504456,
  "multi_resolution_end_dbl": 2.05923461914,
  "multi_resolution_min_dbl": 2.0585873127,
  "multi_resolution_max_dbl": 2.06165504456,
  "target_azimuth_dbl": 250.907241821,
  "target_azimuth_start_dbl": 256.284820557,
  "target_azimuth_end_dbl": 246.201065063,
  "target_azimuth_min_dbl": 246.201065063,
  "target_azimuth_max_dbl": 256.284820557,
  "sun_azimuth_dbl": 148.192642212,
  "sun_azimuth_min_dbl": 147.676239014,
  "sun_azimuth_max_dbl": 148.771255493,
  "sun_elevation_dbl": 63.3007354736,
  "sun_elevation_min_dbl": 62.7670478821,
  "sun_elevation_max_dbl": 63.7632446289,
  "off_nadir_angle_dbl": 19.165933609,
  "off_nadir_angle_start_dbl": 19.2590560913,
  "off_nadir_angle_end_dbl": 19.1633644104,
  "off_nadir_angle_min_dbl": 19.1323051453,
  "off_nadir_angle_max_dbl": 19.2590560913
}