{
  "img_filename": "golf_course_146_0_msrgb.jpg",
  "bounding_boxes": [
    {
      "category": "golf_course",
      "ID": 24989,
      "visible": "True",
      "box": [
        61,
        36,
        74,
        78
      ]
    }
  ],
  "gsd": 2.65770411491,
  "img_width": 195,
  "img_height": 151,
  "mean_pixel_height": 2.302175894036e-05,
  "mean_pixel_width": 2.3033728205108e-05,
  "utm": "13S",
  "country_code": "USA",
  "cloud_cover": 0,
  "timestamp": "2009-03-08T18:04:10Z",
  "scan_direction": "Forward",
  "approximate_wavelengths": [
    661,
    545,
    477
  ],
  "pan_resolution_dbl": 0.664718389511,
  "pan_resolution_start_dbl": 0.664718389511,
  "pan_resolution_end_dbl": 0.664718389511,
  "pan_resolution_min_dbl": 0.664718389511,
  "pan_resolution_max_dbl": 0.664718389511,
  "multi_resolution_dbl": 2.65770411491,
  "multi_resolution_start_dbl": 2.65770411491,
  "multi_resolution_end_dbl": 2.65770411491,
  "multi_resolution_min_dbl": 2.65770411491,
  "multi_resolution_max_dbl": 2.65770411491,
  "target_azimuth_dbl": 156.175567627,
  "target_azimuth_start_dbl": 185.751144409,
  "target_azimuth_end_dbl": 101.830543518,
  "target_azimuth_min_dbl": 101.830543518,
  "target_azimuth_max_dbl": 185.751144409,
  "sun_azimuth_dbl": 157.056625366,
  "sun_azimuth_min_dbl": 156.808364868,
  "sun_azimuth_max_dbl": 157.303009033,
  "sun_elevation_dbl": 44.0207557678,
  "sun_elevation_min_dbl": 43.0461120605,
  "sun_elevation_max_dbl": 44.9567222595,
  "off_nadir_angle_dbl": 11.6562509537,
  "off_nadir_angle_start_dbl": 18.1770000458,
  "off_nadir_angle_end_dbl": 8.04006099701,
  "off_nadir_angle_min_dbl": 7.73978042603,
  "off_nadir_angle_max_dbl": 18.1770000458
}