{
  "img_filename": "golf_course_146_8_msrgb.jpg",
  "bounding_boxes": [
    {
      "category": "golf_course",
      "ID": 24989,
      "visible": "True",
      "box": [
        75,
        46,
        91,
        97
      ]
    }
  ],
  "gsd": 1.40007245541,
  "img_width": 240,
  "img_height": 186,
  "mean_pixel_height": 1.8689707526851e-05,
  "mean_pixel_width": 1.871490416665e-05,
  "utm": "13S",
  "country_code": "USA",
  "cloud_cover": 0,
  "timestamp": "2015-11-15T18:14:31Z",
  "scan_direction": "Reverse",
  "approximate_wavelengths": [
    661,
    545,
    477
  ],
  "pan_resolution_dbl": 0.349838912487,
  "pan_resolution_start_dbl": 0.364330500364,
  "pan_resolution_end_dbl": 0.347881197929,
  "pan_resolution_min_dbl": 0.344501465559,
  "pan_resolution_max_dbl": 0.364330500364,
  "multi_resolution_dbl": 1.40007245541,
  "multi_resolution_start_dbl": 1.45901203156,
  "multi_resolution_end_dbl": 1.39137434959,
  "multi_resolution_min_dbl": 1.37846446037,
  "multi_resolution_max_dbl": 1.45901203156,
  "target_azimuth_dbl": 106.934906006,
  "target_azimuth_start_dbl": 133.373748779,
  "target_azimuth_end_dbl": 78.7186126709,
  "target_azimuth_min_dbl": 78.7186126709,
  "target_azimuth_max_dbl": 133.373748779,
  "sun_azimuth_dbl": 171.990982056,
  "sun_azimuth_min_dbl": 171.900024414,
  "sun_azimuth_max_dbl": 172.077148438,
  "sun_elevation_dbl": 31.7816638947,
  "sun_elevation_min_dbl": 31.2733306885,
  "sun_elevation_max_dbl": 32.3241386414,
  "off_nadir_angle_dbl": 21.1040248871,
  "off_nadir_angle_start_dbl": 24.3252601624,
  "off_nadir_angle_end_dbl": 20.6530380249,
  "off_nadir_angle_min_dbl": 19.8598384857,
  "off_nadir_angle_max_dbl": 24.3252601624
}