{
  "img_filename": "golf_course_146_3_msrgb.jpg",
  "bounding_boxes": [
    {
      "category": "golf_course",
      "ID": 24989,
      "visible": "True",
      "box": [
        71,
        44,
        90,
        94
      ]
    }
  ],
  "gsd": 2.15272593498,
  "img_width": 233,
  "img_height": 180,
  "mean_pixel_height": 1.9312697777746e-05,
  "mean_pixel_width": 1.9277154506421e-05,
  "utm": "13S",
  "country_code": "USA",
  "cloud_cover": 1,
  "timestamp": "2013-10-19T18:03:59Z",
  "scan_direction": "Forward",
  "approximate_wavelengths": [
    661,
    545,
    477
  ],
  "pan_resolution_dbl": 0.537021934986,
  "pan_resolution_start_dbl": 0.547823190689,
  "pan_resolution_end_dbl": 0.52741342783,
  "pan_resolution_min_dbl": 0.52741342783,
  "pan_resolution_max_dbl": 0.547823190689,
  "multi_resolution_dbl": 2.15272593498,
  "multi_resolution_start_dbl": 2.19569635391,
  "multi_resolution_end_dbl": 2.11427140236,
  "multi_resolution_min_dbl": 2.11427140236,
  "multi_resolution_max_dbl": 2.19569635391,
  "target_azimuth_dbl": 317.485778809,
  "target_azimuth_start_dbl": 319.453155518,
  "target_azimuth_end_dbl": 315.515472412,
  "target_azimuth_min_dbl": 315.515472412,
  "target_azimuth_max_dbl": 319.453155518,
  "sun_azimuth_dbl": 167.24571228,
  "sun_azimuth_min_dbl": 167.172668457,
  "sun_azimuth_max_dbl": 167.320983887,
  "sun_elevation_dbl": 39.3758544922,
  "sun_elevation_min_dbl": 38.8186531067,
  "sun_elevation_max_dbl": 39.9089660645,
  "off_nadir_angle_dbl": 22.6975479126,
  "off_nadir_angle_start_dbl": 24.0979156494,
  "off_nadir_angle_end_dbl": 21.3700275421,
  "off_nadir_angle_min_dbl": 21.3700275421,
  "off_nadir_angle_max_dbl": 24.0979156494
}