{
  "img_filename": "golf_course_144_5_rgb.jpg",
  "bounding_boxes": [
    {
      "category": "golf_course",
      "ID": 24764,
      "visible": "True",
      "box": [
        21,
        7,
        908,
        576
      ]
    }
  ],
  "gsd": 0.531388103962,
  "img_width": 937,
  "img_height": 594,
  "mean_pixel_height": 4.790015319865e-06,
  "mean_pixel_width": 4.793571419424e-06,
  "utm": "30U",
  "country_code": "GBR",
  "cloud_cover": 8,
  "timestamp": "2016-07-18T11:27:17Z",
  "scan_direction": "Forward",
  "approximate_wavelengths": [
    661,
    545,
    477
  ],
  "pan_resolution_dbl": 0.531388103962,
  "pan_resolution_start_dbl": 0.53429543972,
  "pan_resolution_end_dbl": 0.529349982738,
  "pan_resolution_min_dbl": 0.529349982738,
  "pan_resolution_max_dbl": 0.53429543972,
  "multi_resolution_dbl": 2.12808537483,
  "multi_resolution_start_dbl": 2.13931775093,
  "multi_resolution_end_dbl": 2.11962580681,
  "multi_resolution_min_dbl": 2.11962580681,
  "multi_resolution_max_dbl": 2.13931775093,
  "target_azimuth_dbl": 21.7703800201,
  "target_azimuth_start_dbl": 20.5686397552,
  "target_azimuth_end_dbl": 22.7127780914,
  "target_azimuth_min_dbl": 20.5686397552,
  "target_azimuth_max_dbl": 22.7127780914,
  "sun_azimuth_dbl": 155.406829834,
  "sun_azimuth_min_dbl": 155.316055298,
  "sun_azimuth_max_dbl": 155.522354126,
  "sun_elevation_dbl": 58.4294815063,
  "sun_elevation_min_dbl": 58.2547721863,
  "sun_elevation_max_dbl": 58.5645637512,
  "off_nadir_angle_dbl": 21.6366519928,
  "off_nadir_angle_start_dbl": 22.0441761017,
  "off_nadir_angle_end_dbl": 21.3261413574,
  "off_nadir_angle_min_dbl": 21.3261413574,
  "off_nadir_angle_max_dbl": 22.0441761017
}