{
  "img_filename": "crop_field_1050_0_msrgb.jpg",
  "bounding_boxes": [
    {
      "category": "crop_field",
      "ID": 23823,
      "visible": "True",
      "box": [
        101,
        52,
        35,
        54
      ]
    }
  ],
  "gsd": 2.13115763664,
  "img_width": 230,
  "img_height": 161,
  "mean_pixel_height": 1.9563483229834e-05,
  "mean_pixel_width": 1.9528593043476e-05,
  "utm": "33T",
  "country_code": "ITA",
  "cloud_cover": 15,
  "timestamp": "2014-10-03T10:19:06Z",
  "scan_direction": "Reverse",
  "approximate_wavelengths": [
    661,
    545,
    477
  ],
  "pan_resolution_dbl": 0.534135401249,
  "pan_resolution_start_dbl": 0.499463558197,
  "pan_resolution_end_dbl": 0.573215484619,
  "pan_resolution_min_dbl": 0.499463558197,
  "pan_resolution_max_dbl": 0.573215484619,
  "multi_resolution_dbl": 2.13115763664,
  "multi_resolution_start_dbl": 1.99351370335,
  "multi_resolution_end_dbl": 2.28590297699,
  "multi_resolution_min_dbl": 1.99351370335,
  "multi_resolution_max_dbl": 2.28590297699,
  "target_azimuth_dbl": 337.853942871,
  "target_azimuth_start_dbl": 326.712890625,
  "target_azimuth_end_dbl": 344.97644043,
  "target_azimuth_min_dbl": 326.712890625,
  "target_azimuth_max_dbl": 344.97644043,
  "sun_azimuth_dbl": 166.496414185,
  "sun_azimuth_min_dbl": 166.351501465,
  "sun_azimuth_max_dbl": 166.628143311,
  "sun_elevation_dbl": 39.7872009277,
  "sun_elevation_min_dbl": 39.2724075317,
  "sun_elevation_max_dbl": 40.3408889771,
  "off_nadir_angle_dbl": 21.7508049011,
  "off_nadir_angle_start_dbl": 16.1363239288,
  "off_nadir_angle_end_dbl": 26.8509540558,
  "off_nadir_angle_min_dbl": 16.1363239288,
  "off_nadir_angle_max_dbl": 26.8509540558
}