{
  "img_filename": "golf_course_135_2_rgb.jpg",
  "bounding_boxes": [
    {
      "category": "golf_course",
      "ID": 23185,
      "visible": "True",
      "box": [
        164,
        109,
        503,
        584
      ]
    }
  ],
  "gsd": 0.533148825169,
  "img_width": 946,
  "img_height": 851,
  "mean_pixel_height": 4.749585428908e-06,
  "mean_pixel_width": 4.747966596194e-06,
  "utm": "17R",
  "country_code": "USA",
  "cloud_cover": 3,
  "timestamp": "2013-10-11T16:21:56Z",
  "scan_direction": "Reverse",
  "approximate_wavelengths": [
    661,
    545,
    477
  ],
  "pan_resolution_dbl": 0.533148825169,
  "pan_resolution_start_dbl": 0.495659351349,
  "pan_resolution_end_dbl": 0.572327911854,
  "pan_resolution_min_dbl": 0.495659351349,
  "pan_resolution_max_dbl": 0.572327911854,
  "multi_resolution_dbl": 2.12224650383,
  "multi_resolution_start_dbl": 1.97439479828,
  "multi_resolution_end_dbl": 2.2769677639,
  "multi_resolution_min_dbl": 1.97439479828,
  "multi_resolution_max_dbl": 2.2769677639,
  "target_azimuth_dbl": 347.678741455,
  "target_azimuth_start_dbl": 340.308166504,
  "target_azimuth_end_dbl": 352.071044922,
  "target_azimuth_min_dbl": 340.308166504,
  "target_azimuth_max_dbl": 352.071044922,
  "sun_azimuth_dbl": 160.451629639,
  "sun_azimuth_min_dbl": 160.130874634,
  "sun_azimuth_max_dbl": 160.728729248,
  "sun_elevation_dbl": 54.6371383667,
  "sun_elevation_min_dbl": 54.1672782898,
  "sun_elevation_max_dbl": 55.1679534912,
  "off_nadir_angle_dbl": 21.722442627,
  "off_nadir_angle_start_dbl": 15.4898929596,
  "off_nadir_angle_end_dbl": 26.9206924438,
  "off_nadir_angle_min_dbl": 15.4898929596,
  "off_nadir_angle_max_dbl": 26.9206924438
}