{
  "img_filename": "golf_course_135_7_msrgb.jpg",
  "bounding_boxes": [
    {
      "category": "golf_course",
      "ID": 23185,
      "visible": "True",
      "box": [
        39,
        26,
        119,
        138
      ]
    }
  ],
  "gsd": 2.24009943008,
  "img_width": 224,
  "img_height": 202,
  "mean_pixel_height": 2.000939207921e-05,
  "mean_pixel_width": 2.0051680357141e-05,
  "utm": "17R",
  "country_code": "USA",
  "cloud_cover": 15,
  "timestamp": "2014-06-29T16:06:13Z",
  "scan_direction": "Reverse",
  "approximate_wavelengths": [
    661,
    545,
    477
  ],
  "pan_resolution_dbl": 0.561764359474,
  "pan_resolution_start_dbl": 0.565295100212,
  "pan_resolution_end_dbl": 0.566436350346,
  "pan_resolution_min_dbl": 0.559270918369,
  "pan_resolution_max_dbl": 0.566436350346,
  "multi_resolution_dbl": 2.24009943008,
  "multi_resolution_start_dbl": 2.2555129528,
  "multi_resolution_end_dbl": 2.25764203072,
  "multi_resolution_min_dbl": 2.22955584526,
  "multi_resolution_max_dbl": 2.25764203072,
  "target_azimuth_dbl": 276.082702637,
  "target_azimuth_start_dbl": 261.552124023,
  "target_azimuth_end_dbl": 290.504608154,
  "target_azimuth_min_dbl": 261.552124023,
  "target_azimuth_max_dbl": 290.504608154,
  "sun_azimuth_dbl": 95.9322052002,
  "sun_azimuth_min_dbl": 94.2680664062,
  "sun_azimuth_max_dbl": 97.5839385986,
  "sun_elevation_dbl": 72.1307220459,
  "sun_elevation_min_dbl": 72.0895309448,
  "sun_elevation_max_dbl": 72.1629562378,
  "off_nadir_angle_dbl": 25.921710968,
  "off_nadir_angle_start_dbl": 26.3509159088,
  "off_nadir_angle_end_dbl": 26.3690738678,
  "off_nadir_angle_min_dbl": 25.6529312134,
  "off_nadir_angle_max_dbl": 26.3690738678
}