{
  "img_filename": "golf_course_135_16_rgb.jpg",
  "bounding_boxes": [
    {
      "category": "golf_course",
      "ID": 23185,
      "visible": "True",
      "box": [
        172,
        115,
        534,
        619
      ]
    }
  ],
  "gsd": 0.497922837734,
  "img_width": 1002,
  "img_height": 900,
  "mean_pixel_height": 4.486357552839e-06,
  "mean_pixel_width": 4.486357552837e-06,
  "utm": "17R",
  "country_code": "USA",
  "cloud_cover": 0,
  "timestamp": "2010-03-07T16:04:53Z",
  "scan_direction": "Forward",
  "approximate_wavelengths": [
    661,
    545,
    477
  ],
  "pan_resolution_dbl": 0.497922837734,
  "pan_resolution_start_dbl": 0.504361391068,
  "pan_resolution_end_dbl": 0.492216765881,
  "pan_resolution_min_dbl": 0.492216765881,
  "pan_resolution_max_dbl": 0.504361391068,
  "multi_resolution_dbl": 1.99465370178,
  "multi_resolution_start_dbl": 2.02000164986,
  "multi_resolution_end_dbl": 1.9718555212,
  "multi_resolution_min_dbl": 1.9718555212,
  "multi_resolution_max_dbl": 2.02000164986,
  "target_azimuth_dbl": 321.978729248,
  "target_azimuth_start_dbl": 323.407165527,
  "target_azimuth_end_dbl": 320.514343262,
  "target_azimuth_min_dbl": 320.514343262,
  "target_azimuth_max_dbl": 323.407165527,
  "sun_azimuth_dbl": 143.257492065,
  "sun_azimuth_min_dbl": 142.912643433,
  "sun_azimuth_max_dbl": 143.610305786,
  "sun_elevation_dbl": 52.2641639709,
  "sun_elevation_min_dbl": 51.8516426086,
  "sun_elevation_max_dbl": 52.6599617004,
  "off_nadir_angle_dbl": 16.184677124,
  "off_nadir_angle_start_dbl": 17.5179805756,
  "off_nadir_angle_end_dbl": 14.9087295532,
  "off_nadir_angle_min_dbl": 14.9087295532,
  "off_nadir_angle_max_dbl": 17.5179805756
}