{
  "img_filename": "golf_course_135_19_rgb.jpg",
  "bounding_boxes": [
    {
      "category": "golf_course",
      "ID": 23185,
      "visible": "True",
      "box": [
        278,
        185,
        862,
        998
      ]
    }
  ],
  "gsd": 0.314049452543,
  "img_width": 1614,
  "img_height": 1452,
  "mean_pixel_height": 2.783238744591e-06,
  "mean_pixel_width": 2.783238744596e-06,
  "utm": "17R",
  "country_code": "USA",
  "cloud_cover": 2,
  "timestamp": "2016-02-10T16:15:50Z",
  "scan_direction": "Reverse",
  "approximate_wavelengths": [
    661,
    545,
    477
  ],
  "pan_resolution_dbl": 0.314049452543,
  "pan_resolution_start_dbl": 0.321221470833,
  "pan_resolution_end_dbl": 0.319273203611,
  "pan_resolution_min_dbl": 0.309696376324,
  "pan_resolution_max_dbl": 0.321221470833,
  "multi_resolution_dbl": 1.25625765324,
  "multi_resolution_start_dbl": 1.28590071201,
  "multi_resolution_end_dbl": 1.27630889416,
  "multi_resolution_min_dbl": 1.23882317543,
  "multi_resolution_max_dbl": 1.28590071201,
  "target_azimuth_dbl": 277.410675049,
  "target_azimuth_start_dbl": 206.966369629,
  "target_azimuth_end_dbl": 344.045928955,
  "target_azimuth_min_dbl": 206.966369629,
  "target_azimuth_max_dbl": 344.045928955,
  "sun_azimuth_dbl": 152.619842529,
  "sun_azimuth_min_dbl": 152.307952881,
  "sun_azimuth_max_dbl": 152.891448975,
  "sun_elevation_dbl": 45.0065498352,
  "sun_elevation_min_dbl": 44.5821838379,
  "sun_elevation_max_dbl": 45.4867362976,
  "off_nadir_angle_dbl": 8.00057125092,
  "off_nadir_angle_start_dbl": 12.6488771439,
  "off_nadir_angle_end_dbl": 11.558057785,
  "off_nadir_angle_min_dbl": 4.492852211,
  "off_nadir_angle_max_dbl": 12.6488771439
}