{
  "img_filename": "golf_course_135_5_msrgb.jpg",
  "bounding_boxes": [
    {
      "category": "golf_course",
      "ID": 23185,
      "visible": "True",
      "box": [
        37,
        24,
        113,
        132
      ]
    }
  ],
  "gsd": 2.35984301567,
  "img_width": 213,
  "img_height": 192,
  "mean_pixel_height": 2.1051547916669e-05,
  "mean_pixel_width": 2.1087213145538e-05,
  "utm": "17R",
  "country_code": "USA",
  "cloud_cover": 11,
  "timestamp": "2014-04-05T16:40:38Z",
  "scan_direction": "Forward",
  "approximate_wavelengths": [
    661,
    545,
    477
  ],
  "pan_resolution_dbl": 0.588882684708,
  "pan_resolution_start_dbl": 0.582533240318,
  "pan_resolution_end_dbl": 0.594960212708,
  "pan_resolution_min_dbl": 0.582533240318,
  "pan_resolution_max_dbl": 0.594960212708,
  "multi_resolution_dbl": 2.35984301567,
  "multi_resolution_start_dbl": 2.33449339867,
  "multi_resolution_end_dbl": 2.38397336006,
  "multi_resolution_min_dbl": 2.33449339867,
  "multi_resolution_max_dbl": 2.38397336006,
  "target_azimuth_dbl": 90.5902252197,
  "target_azimuth_start_dbl": 87.2829666138,
  "target_azimuth_end_dbl": 93.4039535522,
  "target_azimuth_min_dbl": 87.2829666138,
  "target_azimuth_max_dbl": 93.4039535522,
  "sun_azimuth_dbl": 151.327774048,
  "sun_azimuth_min_dbl": 150.789276123,
  "sun_azimuth_max_dbl": 151.932006836,
  "sun_elevation_dbl": 67.6163864136,
  "sun_elevation_min_dbl": 67.0980911255,
  "sun_elevation_max_dbl": 68.0663223267,
  "off_nadir_angle_dbl": 28.8442764282,
  "off_nadir_angle_start_dbl": 28.2461795807,
  "off_nadir_angle_end_dbl": 29.3984146118,
  "off_nadir_angle_min_dbl": 28.2461795807,
  "off_nadir_angle_max_dbl": 29.3984146118
}