{
  "img_filename": "crop_field_108_0_rgb.jpg",
  "bounding_boxes": [
    {
      "category": "crop_field",
      "ID": 2717,
      "visible": "True",
      "box": [
        161,
        308,
        514,
        328
      ]
    }
  ],
  "gsd": 0.534617602825,
  "img_width": 928,
  "img_height": 770,
  "mean_pixel_height": 4.840441558445e-06,
  "mean_pixel_width": 4.840060775862e-06,
  "utm": "37S",
  "country_code": "LBN",
  "cloud_cover": 0,
  "timestamp": "2016-09-02T08:13:55Z",
  "scan_direction": "Forward",
  "approximate_wavelengths": [
    661,
    545,
    477
  ],
  "pan_resolution_dbl": 0.534617602825,
  "pan_resolution_start_dbl": 0.537503182888,
  "pan_resolution_end_dbl": 0.532626152039,
  "pan_resolution_min_dbl": 0.532626152039,
  "pan_resolution_max_dbl": 0.537503182888,
  "multi_resolution_dbl": 2.14312815666,
  "multi_resolution_start_dbl": 2.15453648567,
  "multi_resolution_end_dbl": 2.13503932953,
  "multi_resolution_min_dbl": 2.13503932953,
  "multi_resolution_max_dbl": 2.15453648567,
  "target_azimuth_dbl": 307.393676758,
  "target_azimuth_start_dbl": 308.164337158,
  "target_azimuth_end_dbl": 306.834838867,
  "target_azimuth_min_dbl": 306.834838867,
  "target_azimuth_max_dbl": 308.164337158,
  "sun_azimuth_dbl": 140.325195312,
  "sun_azimuth_min_dbl": 140.210235596,
  "sun_azimuth_max_dbl": 140.487289429,
  "sun_elevation_dbl": 57.8556938171,
  "sun_elevation_min_dbl": 57.7155265808,
  "sun_elevation_max_dbl": 57.9582214355,
  "off_nadir_angle_dbl": 22.599571228,
  "off_nadir_angle_start_dbl": 22.9837207794,
  "off_nadir_angle_end_dbl": 22.3243350983,
  "off_nadir_angle_min_dbl": 22.3243350983,
  "off_nadir_angle_max_dbl": 22.9837207794
}