{
  "img_filename": "crop_field_105_6_msrgb.jpg",
  "bounding_boxes": [
    {
      "category": "crop_field",
      "ID": 2597,
      "visible": "True",
      "box": [
        135,
        94,
        109,
        75
      ]
    }
  ],
  "gsd": 1.31385457516,
  "img_width": 382,
  "img_height": 267,
  "mean_pixel_height": 1.1749538202236e-05,
  "mean_pixel_width": 1.175805366492e-05,
  "utm": "33T",
  "country_code": "ITA",
  "cloud_cover": 4,
  "timestamp": "2016-06-18T10:20:03Z",
  "scan_direction": "Forward",
  "approximate_wavelengths": [
    661,
    545,
    477
  ],
  "pan_resolution_dbl": 0.328435897827,
  "pan_resolution_start_dbl": 0.329289019108,
  "pan_resolution_end_dbl": 0.327678382397,
  "pan_resolution_min_dbl": 0.327678382397,
  "pan_resolution_max_dbl": 0.329289019108,
  "multi_resolution_dbl": 1.31385457516,
  "multi_resolution_start_dbl": 1.31726861,
  "multi_resolution_end_dbl": 1.31082320213,
  "multi_resolution_min_dbl": 1.31082320213,
  "multi_resolution_max_dbl": 1.31726861,
  "target_azimuth_dbl": 272.607574463,
  "target_azimuth_start_dbl": 272.320587158,
  "target_azimuth_end_dbl": 272.905517578,
  "target_azimuth_min_dbl": 272.320587158,
  "target_azimuth_max_dbl": 272.905517578,
  "sun_azimuth_dbl": 150.584945679,
  "sun_azimuth_min_dbl": 150.453994751,
  "sun_azimuth_max_dbl": 150.719558716,
  "sun_elevation_dbl": 65.379737854,
  "sun_elevation_min_dbl": 65.2555007935,
  "sun_elevation_max_dbl": 65.5039901733,
  "off_nadir_angle_dbl": 14.7598295212,
  "off_nadir_angle_start_dbl": 15.0681610107,
  "off_nadir_angle_end_dbl": 14.4524450302,
  "off_nadir_angle_min_dbl": 14.4524450302,
  "off_nadir_angle_max_dbl": 15.0681610107
}