{
  "img_filename": "golf_course_138_4_rgb.jpg",
  "bounding_boxes": [
    {
      "category": "golf_course",
      "ID": 23570,
      "visible": "True",
      "box": [
        257,
        192,
        1147,
        767
      ]
    }
  ],
  "gsd": 0.352818727493,
  "img_width": 1421,
  "img_height": 1054,
  "mean_pixel_height": 3.161088804558e-06,
  "mean_pixel_width": 3.160856016889e-06,
  "utm": "17T",
  "country_code": "USA",
  "cloud_cover": 0,
  "timestamp": "2016-09-13T16:58:11Z",
  "scan_direction": "Reverse",
  "approximate_wavelengths": [
    661,
    545,
    477
  ],
  "pan_resolution_dbl": 0.352818727493,
  "pan_resolution_start_dbl": 0.374789506197,
  "pan_resolution_end_dbl": 0.338715523481,
  "pan_resolution_min_dbl": 0.338715523481,
  "pan_resolution_max_dbl": 0.374789506197,
  "multi_resolution_dbl": 1.41276073456,
  "multi_resolution_start_dbl": 1.5014449358,
  "multi_resolution_end_dbl": 1.35570752621,
  "multi_resolution_min_dbl": 1.35570752621,
  "multi_resolution_max_dbl": 1.5014449358,
  "target_azimuth_dbl": 133.424850464,
  "target_azimuth_start_dbl": 148.09664917,
  "target_azimuth_end_dbl": 117.329856873,
  "target_azimuth_min_dbl": 117.329856873,
  "target_azimuth_max_dbl": 148.09664917,
  "sun_azimuth_dbl": 168.393661499,
  "sun_azimuth_min_dbl": 168.248291016,
  "sun_azimuth_max_dbl": 168.516784668,
  "sun_elevation_dbl": 50.650718689,
  "sun_elevation_min_dbl": 50.3082084656,
  "sun_elevation_max_dbl": 51.0553779602,
  "off_nadir_angle_dbl": 21.5494213104,
  "off_nadir_angle_start_dbl": 26.1854991913,
  "off_nadir_angle_end_dbl": 18.1363201141,
  "off_nadir_angle_min_dbl": 18.1363201141,
  "off_nadir_angle_max_dbl": 26.1854991913
}