{
  "img_filename": "golf_course_138_3_msrgb.jpg",
  "bounding_boxes": [
    {
      "category": "golf_course",
      "ID": 23570,
      "visible": "True",
      "box": [
        64,
        48,
        285,
        191
      ]
    }
  ],
  "gsd": 1.42080187798,
  "img_width": 354,
  "img_height": 263,
  "mean_pixel_height": 1.2668393916365e-05,
  "mean_pixel_width": 1.2688068926552e-05,
  "utm": "17T",
  "country_code": "USA",
  "cloud_cover": 0,
  "timestamp": "2016-06-17T16:33:42Z",
  "scan_direction": "Forward",
  "approximate_wavelengths": [
    661,
    545,
    477
  ],
  "pan_resolution_dbl": 0.355161547661,
  "pan_resolution_start_dbl": 0.357248902321,
  "pan_resolution_end_dbl": 0.353282243013,
  "pan_resolution_min_dbl": 0.353282243013,
  "pan_resolution_max_dbl": 0.357248902321,
  "multi_resolution_dbl": 1.42080187798,
  "multi_resolution_start_dbl": 1.4291536808,
  "multi_resolution_end_dbl": 1.4132822752,
  "multi_resolution_min_dbl": 1.4132822752,
  "multi_resolution_max_dbl": 1.4291536808,
  "target_azimuth_dbl": 269.806060791,
  "target_azimuth_start_dbl": 269.865325928,
  "target_azimuth_end_dbl": 269.764007568,
  "target_azimuth_min_dbl": 269.764007568,
  "target_azimuth_max_dbl": 269.865325928,
  "sun_azimuth_dbl": 142.375320435,
  "sun_azimuth_min_dbl": 142.048843384,
  "sun_azimuth_max_dbl": 142.723373413,
  "sun_elevation_dbl": 67.4489822388,
  "sun_elevation_min_dbl": 67.2317581177,
  "sun_elevation_max_dbl": 67.6502456665,
  "off_nadir_angle_dbl": 22.4684181213,
  "off_nadir_angle_start_dbl": 22.9243164062,
  "off_nadir_angle_end_dbl": 22.0418643951,
  "off_nadir_angle_min_dbl": 22.0418643951,
  "off_nadir_angle_max_dbl": 22.9243164062
}