{
  "img_filename": "golf_course_138_0_rgb.jpg",
  "bounding_boxes": [
    {
      "category": "golf_course",
      "ID": 23570,
      "visible": "True",
      "box": [
        160,
        119,
        716,
        478
      ]
    }
  ],
  "gsd": 0.560274958611,
  "img_width": 887,
  "img_height": 658,
  "mean_pixel_height": 5.063506990888e-06,
  "mean_pixel_width": 5.06378399098e-06,
  "utm": "17T",
  "country_code": "USA",
  "cloud_cover": 2,
  "timestamp": "2014-06-28T16:37:51Z",
  "scan_direction": "Forward",
  "approximate_wavelengths": [
    661,
    545,
    477
  ],
  "pan_resolution_dbl": 0.560274958611,
  "pan_resolution_start_dbl": 0.552742183208,
  "pan_resolution_end_dbl": 0.5678794384,
  "pan_resolution_min_dbl": 0.552742183208,
  "pan_resolution_max_dbl": 0.5678794384,
  "multi_resolution_dbl": 2.24830055237,
  "multi_resolution_start_dbl": 2.21834874153,
  "multi_resolution_end_dbl": 2.27867770195,
  "multi_resolution_min_dbl": 2.21834874153,
  "multi_resolution_max_dbl": 2.27867770195,
  "target_azimuth_dbl": 220.428329468,
  "target_azimuth_start_dbl": 224.05796814,
  "target_azimuth_end_dbl": 217.230636597,
  "target_azimuth_min_dbl": 217.230636597,
  "target_azimuth_max_dbl": 224.05796814,
  "sun_azimuth_dbl": 143.677810669,
  "sun_azimuth_min_dbl": 142.971389771,
  "sun_azimuth_max_dbl": 144.430114746,
  "sun_elevation_dbl": 67.5971908569,
  "sun_elevation_min_dbl": 67.1292037964,
  "sun_elevation_max_dbl": 68.0227661133,
  "off_nadir_angle_dbl": 25.6635704041,
  "off_nadir_angle_start_dbl": 24.8056278229,
  "off_nadir_angle_end_dbl": 26.5052051544,
  "off_nadir_angle_min_dbl": 24.8056278229,
  "off_nadir_angle_max_dbl": 26.5052051544
}