{
  "img_filename": "golf_course_138_6_msrgb.jpg",
  "bounding_boxes": [
    {
      "category": "golf_course",
      "ID": 23570,
      "visible": "True",
      "box": [
        59,
        44,
        267,
        178
      ]
    }
  ],
  "gsd": 1.51212143898,
  "img_width": 332,
  "img_height": 246,
  "mean_pixel_height": 1.3543852032537e-05,
  "mean_pixel_width": 1.3528844578312e-05,
  "utm": "17T",
  "country_code": "USA",
  "cloud_cover": 0,
  "timestamp": "2016-10-07T16:47:00Z",
  "scan_direction": "Forward",
  "approximate_wavelengths": [
    661,
    545,
    477
  ],
  "pan_resolution_dbl": 0.37776106596,
  "pan_resolution_start_dbl": 0.375805318356,
  "pan_resolution_end_dbl": 0.37980401516,
  "pan_resolution_min_dbl": 0.375805318356,
  "pan_resolution_max_dbl": 0.37980401516,
  "multi_resolution_dbl": 1.51212143898,
  "multi_resolution_start_dbl": 1.50485491753,
  "multi_resolution_end_dbl": 1.5204231739,
  "multi_resolution_min_dbl": 1.50485491753,
  "multi_resolution_max_dbl": 1.5204231739,
  "target_azimuth_dbl": 197.978637695,
  "target_azimuth_start_dbl": 200.579086304,
  "target_azimuth_end_dbl": 195.424453735,
  "target_azimuth_min_dbl": 195.424453735,
  "target_azimuth_max_dbl": 200.579086304,
  "sun_azimuth_dbl": 169.164169312,
  "sun_azimuth_min_dbl": 169.116882324,
  "sun_azimuth_max_dbl": 169.210388184,
  "sun_elevation_dbl": 41.2698364258,
  "sun_elevation_min_dbl": 40.7476043701,
  "sun_elevation_max_dbl": 41.7906227112,
  "off_nadir_angle_dbl": 26.689863205,
  "off_nadir_angle_start_dbl": 26.3650970459,
  "off_nadir_angle_end_dbl": 27.060760498,
  "off_nadir_angle_min_dbl": 26.3650970459,
  "off_nadir_angle_max_dbl": 27.060760498
}