{
  "img_filename": "golf_course_159_6_msrgb.jpg",
  "bounding_boxes": [
    {
      "category": "golf_course",
      "ID": 27995,
      "visible": "True",
      "box": [
        5,
        6,
        234,
        148
      ]
    }
  ],
  "gsd": 2.77382087708,
  "img_width": 244,
  "img_height": 160,
  "mean_pixel_height": 1.8349763749992e-05,
  "mean_pixel_width": 1.8408102459e-05,
  "utm": "10U",
  "country_code": "CAN",
  "cloud_cover": 0,
  "timestamp": "2013-10-29T19:30:10Z",
  "scan_direction": "Reverse",
  "approximate_wavelengths": [
    661,
    545,
    477
  ],
  "pan_resolution_dbl": 0.466897726059,
  "pan_resolution_start_dbl": 0.483706235886,
  "pan_resolution_end_dbl": 0.453794747591,
  "pan_resolution_min_dbl": 0.453794747591,
  "pan_resolution_max_dbl": 0.483706235886,
  "multi_resolution_dbl": 2.77382087708,
  "multi_resolution_start_dbl": 2.86994576454,
  "multi_resolution_end_dbl": 2.69504666328,
  "multi_resolution_min_dbl": 2.69504666328,
  "multi_resolution_max_dbl": 2.86994576454,
  "target_azimuth_dbl": 140.45249939,
  "target_azimuth_start_dbl": 139.249481201,
  "target_azimuth_end_dbl": 141.532089233,
  "target_azimuth_min_dbl": 139.249481201,
  "target_azimuth_max_dbl": 141.532089233,
  "sun_azimuth_dbl": 173.130371094,
  "sun_azimuth_min_dbl": 172.688217163,
  "sun_azimuth_max_dbl": 173.660873413,
  "sun_elevation_dbl": 26.9411964417,
  "sun_elevation_min_dbl": 26.9076347351,
  "sun_elevation_max_dbl": 26.97864151,
  "off_nadir_angle_dbl": 21.8272590637,
  "off_nadir_angle_start_dbl": 24.5095787048,
  "off_nadir_angle_end_dbl": 19.5290870667,
  "off_nadir_angle_min_dbl": 19.5290870667,
  "off_nadir_angle_max_dbl": 24.5095787048
}