{
  "img_filename": "golf_course_159_7_rgb.jpg",
  "bounding_boxes": [
    {
      "category": "golf_course",
      "ID": 27995,
      "visible": "True",
      "box": [
        23,
        23,
        926,
        590
      ]
    }
  ],
  "gsd": 0.483180195093,
  "img_width": 968,
  "img_height": 633,
  "mean_pixel_height": 4.638170932067e-06,
  "mean_pixel_width": 4.640058884293e-06,
  "utm": "10U",
  "country_code": "CAN",
  "cloud_cover": 0,
  "timestamp": "2013-10-29T19:31:04Z",
  "scan_direction": "Reverse",
  "approximate_wavelengths": [
    661,
    545,
    477
  ],
  "pan_resolution_dbl": 0.483180195093,
  "pan_resolution_start_dbl": 0.49119502306,
  "pan_resolution_end_dbl": 0.477928221226,
  "pan_resolution_min_dbl": 0.477928221226,
  "pan_resolution_max_dbl": 0.49119502306,
  "multi_resolution_dbl": 2.92108225822,
  "multi_resolution_start_dbl": 2.98420763016,
  "multi_resolution_end_dbl": 2.87584066391,
  "multi_resolution_min_dbl": 2.87584066391,
  "multi_resolution_max_dbl": 2.98420763016,
  "target_azimuth_dbl": 60.8531455994,
  "target_azimuth_start_dbl": 67.294670105,
  "target_azimuth_end_dbl": 55.6004562378,
  "target_azimuth_min_dbl": 55.6004562378,
  "target_azimuth_max_dbl": 67.294670105,
  "sun_azimuth_dbl": 173.357299805,
  "sun_azimuth_min_dbl": 172.935317993,
  "sun_azimuth_max_dbl": 173.9034729,
  "sun_elevation_dbl": 26.9571399689,
  "sun_elevation_min_dbl": 26.9258213043,
  "sun_elevation_max_dbl": 26.9967422485,
  "off_nadir_angle_dbl": 24.3020839691,
  "off_nadir_angle_start_dbl": 25.4550609589,
  "off_nadir_angle_end_dbl": 23.5210514069,
  "off_nadir_angle_min_dbl": 23.5210514069,
  "off_nadir_angle_max_dbl": 25.4550609589
}