{
  "img_filename": "golf_course_159_10_msrgb.jpg",
  "bounding_boxes": [
    {
      "category": "golf_course",
      "ID": 27995,
      "visible": "True",
      "box": [
        6,
        6,
        236,
        150
      ]
    }
  ],
  "gsd": 1.86398291588,
  "img_width": 246,
  "img_height": 162,
  "mean_pixel_height": 1.8217643592865e-05,
  "mean_pixel_width": 1.8217643592893e-05,
  "utm": "10U",
  "country_code": "CAN",
  "cloud_cover": 1,
  "timestamp": "2014-02-28T19:28:42Z",
  "scan_direction": "Reverse",
  "approximate_wavelengths": [
    661,
    545,
    477
  ],
  "pan_resolution_dbl": 0.465867102146,
  "pan_resolution_start_dbl": 0.501082003117,
  "pan_resolution_end_dbl": 0.438081383705,
  "pan_resolution_min_dbl": 0.438081383705,
  "pan_resolution_max_dbl": 0.501082003117,
  "multi_resolution_dbl": 1.86398291588,
  "multi_resolution_start_dbl": 2.00502800941,
  "multi_resolution_end_dbl": 1.75268411636,
  "multi_resolution_min_dbl": 1.75268411636,
  "multi_resolution_max_dbl": 2.00502800941,
  "target_azimuth_dbl": 143.931610107,
  "target_azimuth_start_dbl": 147.564086914,
  "target_azimuth_end_dbl": 138.694946289,
  "target_azimuth_min_dbl": 138.694946289,
  "target_azimuth_max_dbl": 147.564086914,
  "sun_azimuth_dbl": 164.416244507,
  "sun_azimuth_min_dbl": 163.687103271,
  "sun_azimuth_max_dbl": 165.205383301,
  "sun_elevation_dbl": 31.8764629364,
  "sun_elevation_min_dbl": 31.760766983,
  "sun_elevation_max_dbl": 31.9991874695,
  "off_nadir_angle_dbl": 21.0398921967,
  "off_nadir_angle_start_dbl": 26.5932750702,
  "off_nadir_angle_end_dbl": 15.5386018753,
  "off_nadir_angle_min_dbl": 15.5386018753,
  "off_nadir_angle_max_dbl": 26.5932750702
}