{
  "img_filename": "golf_course_123_5_msrgb.jpg",
  "bounding_boxes": [
    {
      "category": "golf_course",
      "ID": 21095,
      "visible": "True",
      "box": [
        1,
        5,
        233,
        219
      ]
    }
  ],
  "gsd": 1.32455384731,
  "img_width": 380,
  "img_height": 228,
  "mean_pixel_height": 1.179889989058e-05,
  "mean_pixel_width": 1.1798899890578e-05,
  "utm": "30U",
  "country_code": "GBR",
  "cloud_cover": 10,
  "timestamp": "2016-09-17T11:30:28Z",
  "scan_direction": "Forward",
  "approximate_wavelengths": [
    661,
    545,
    477
  ],
  "pan_resolution_dbl": 0.331129074097,
  "pan_resolution_start_dbl": 0.333672106266,
  "pan_resolution_end_dbl": 0.328672021627,
  "pan_resolution_min_dbl": 0.328672021627,
  "pan_resolution_max_dbl": 0.333672106266,
  "multi_resolution_dbl": 1.32455384731,
  "multi_resolution_start_dbl": 1.33535861969,
  "multi_resolution_end_dbl": 1.31465578079,
  "multi_resolution_min_dbl": 1.31465578079,
  "multi_resolution_max_dbl": 1.33535861969,
  "target_azimuth_dbl": 305.518341064,
  "target_azimuth_start_dbl": 302.463165283,
  "target_azimuth_end_dbl": 308.593078613,
  "target_azimuth_min_dbl": 302.463165283,
  "target_azimuth_max_dbl": 308.593078613,
  "sun_azimuth_dbl": 169.275588989,
  "sun_azimuth_min_dbl": 169.246231079,
  "sun_azimuth_max_dbl": 169.308441162,
  "sun_elevation_dbl": 38.2171211243,
  "sun_elevation_min_dbl": 37.6655464172,
  "sun_elevation_max_dbl": 38.7172889709,
  "off_nadir_angle_dbl": 15.1808385849,
  "off_nadir_angle_start_dbl": 16.1934185028,
  "off_nadir_angle_end_dbl": 14.2855386734,
  "off_nadir_angle_min_dbl": 14.2855386734,
  "off_nadir_angle_max_dbl": 16.1934185028
}