{
  "img_filename": "crop_field_1105_0_rgb.jpg",
  "bounding_boxes": [
    {
      "category": "crop_field",
      "ID": 24964,
      "visible": "True",
      "box": [
        64,
        214,
        910,
        460
      ]
    }
  ],
  "gsd": 0.503555297852,
  "img_width": 988,
  "img_height": 764,
  "mean_pixel_height": 4.54857420273e-06,
  "mean_pixel_width": 4.548574202734e-06,
  "utm": "18S",
  "country_code": "USA",
  "cloud_cover": 2,
  "timestamp": "2011-07-30T16:20:29Z",
  "scan_direction": "Forward",
  "approximate_wavelengths": [
    661,
    545,
    477
  ],
  "pan_resolution_dbl": 0.503555297852,
  "pan_resolution_start_dbl": 0.51157104969,
  "pan_resolution_end_dbl": 0.497197896242,
  "pan_resolution_min_dbl": 0.497197896242,
  "pan_resolution_max_dbl": 0.51157104969,
  "multi_resolution_dbl": 2.01677894592,
  "multi_resolution_start_dbl": 2.04858016968,
  "multi_resolution_end_dbl": 1.99113476276,
  "multi_resolution_min_dbl": 1.99113476276,
  "multi_resolution_max_dbl": 2.04858016968,
  "target_azimuth_dbl": 2.18703818321,
  "target_azimuth_start_dbl": 359.823516846,
  "target_azimuth_end_dbl": 4.51656866074,
  "target_azimuth_min_dbl": 0.361488729715,
  "target_azimuth_max_dbl": 359.823516846,
  "sun_azimuth_dbl": 147.626174927,
  "sun_azimuth_min_dbl": 147.048080444,
  "sun_azimuth_max_dbl": 148.269882202,
  "sun_elevation_dbl": 66.3076629639,
  "sun_elevation_min_dbl": 65.8089904785,
  "sun_elevation_max_dbl": 66.7430801392,
  "off_nadir_angle_dbl": 17.0601482391,
  "off_nadir_angle_start_dbl": 18.619096756,
  "off_nadir_angle_end_dbl": 15.7204122543,
  "off_nadir_angle_min_dbl": 15.7204122543,
  "off_nadir_angle_max_dbl": 18.619096756
}