{
  "img_filename": "crop_field_1105_6_msrgb.jpg",
  "bounding_boxes": [
    {
      "category": "crop_field",
      "ID": 24964,
      "visible": "True",
      "box": [
        14,
        49,
        209,
        106
      ]
    }
  ],
  "gsd": 2.16276288033,
  "img_width": 228,
  "img_height": 176,
  "mean_pixel_height": 1.9723361681252e-05,
  "mean_pixel_width": 1.9723361681282e-05,
  "utm": "18S",
  "country_code": "USA",
  "cloud_cover": 21,
  "timestamp": "2016-08-31T16:07:33Z",
  "scan_direction": "Forward",
  "approximate_wavelengths": [
    661,
    545,
    477
  ],
  "pan_resolution_dbl": 0.540115892887,
  "pan_resolution_start_dbl": 0.552629470825,
  "pan_resolution_end_dbl": 0.529581189156,
  "pan_resolution_min_dbl": 0.529581189156,
  "pan_resolution_max_dbl": 0.552629470825,
  "multi_resolution_dbl": 2.16276288033,
  "multi_resolution_start_dbl": 2.21321797371,
  "multi_resolution_end_dbl": 2.12059950829,
  "multi_resolution_min_dbl": 2.12059950829,
  "multi_resolution_max_dbl": 2.21321797371,
  "target_azimuth_dbl": 28.0454311371,
  "target_azimuth_start_dbl": 23.1491127014,
  "target_azimuth_end_dbl": 33.2589912415,
  "target_azimuth_min_dbl": 23.1491127014,
  "target_azimuth_max_dbl": 33.2589912415,
  "sun_azimuth_dbl": 152.556854248,
  "sun_azimuth_min_dbl": 152.04888916,
  "sun_azimuth_max_dbl": 153.062393188,
  "sun_elevation_dbl": 56.8141517639,
  "sun_elevation_min_dbl": 56.0818557739,
  "sun_elevation_max_dbl": 57.5272102356,
  "off_nadir_angle_dbl": 23.1502170563,
  "off_nadir_angle_start_dbl": 24.7582569122,
  "off_nadir_angle_end_dbl": 21.7213420868,
  "off_nadir_angle_min_dbl": 21.7213420868,
  "off_nadir_angle_max_dbl": 24.7582569122
}