{
  "img_filename": "crop_field_1_4_msrgb.jpg",
  "bounding_boxes": [
    {
      "category": "crop_field",
      "ID": 45,
      "visible": "True",
      "box": [
        93,
        90,
        57,
        47
      ]
    }
  ],
  "gsd": 2.23757648468,
  "img_width": 221,
  "img_height": 220,
  "mean_pixel_height": 2.0357371727271e-05,
  "mean_pixel_width": 2.0323873303133e-05,
  "utm": "49M",
  "country_code": "IDN",
  "cloud_cover": 8,
  "timestamp": "2014-08-19T03:12:34Z",
  "scan_direction": "Reverse",
  "approximate_wavelengths": [
    661,
    545,
    477
  ],
  "pan_resolution_dbl": 0.561518132687,
  "pan_resolution_start_dbl": 0.552554786205,
  "pan_resolution_end_dbl": 0.570568919182,
  "pan_resolution_min_dbl": 0.552554786205,
  "pan_resolution_max_dbl": 0.570568919182,
  "multi_resolution_dbl": 2.23757648468,
  "multi_resolution_start_dbl": 2.20195198059,
  "multi_resolution_end_dbl": 2.27309346199,
  "multi_resolution_min_dbl": 2.20195198059,
  "multi_resolution_max_dbl": 2.27309346199,
  "target_azimuth_dbl": 212.652587891,
  "target_azimuth_start_dbl": 216.007629395,
  "target_azimuth_end_dbl": 209.702713013,
  "target_azimuth_min_dbl": 209.702713013,
  "target_azimuth_max_dbl": 216.007629395,
  "sun_azimuth_dbl": 48.1350288391,
  "sun_azimuth_min_dbl": 47.4418258667,
  "sun_azimuth_max_dbl": 48.8971328735,
  "sun_elevation_dbl": 59.681892395,
  "sun_elevation_min_dbl": 59.3426818848,
  "sun_elevation_max_dbl": 60.0414848328,
  "off_nadir_angle_dbl": 25.651506424,
  "off_nadir_angle_start_dbl": 24.6368579865,
  "off_nadir_angle_end_dbl": 26.637468338,
  "off_nadir_angle_min_dbl": 24.6368579865,
  "off_nadir_angle_max_dbl": 26.637468338
}