{
  "img_filename": "crop_field_1_1_rgb.jpg",
  "bounding_boxes": [
    {
      "category": "crop_field",
      "ID": 45,
      "visible": "True",
      "box": [
        423,
        411,
        262,
        217
      ]
    }
  ],
  "gsd": 0.497537702322,
  "img_width": 1005,
  "img_height": 1002,
  "mean_pixel_height": 4.469682415169e-06,
  "mean_pixel_width": 4.469229850739e-06,
  "utm": "49M",
  "country_code": "IDN",
  "cloud_cover": 30,
  "timestamp": "2012-07-28T03:24:44Z",
  "scan_direction": "Reverse",
  "approximate_wavelengths": [
    661,
    545,
    477
  ],
  "pan_resolution_dbl": 0.497537702322,
  "pan_resolution_start_dbl": 0.501535773277,
  "pan_resolution_end_dbl": 0.494660884142,
  "pan_resolution_min_dbl": 0.494660884142,
  "pan_resolution_max_dbl": 0.501535773277,
  "multi_resolution_dbl": 1.98368501663,
  "multi_resolution_start_dbl": 1.99978148937,
  "multi_resolution_end_dbl": 1.97242975235,
  "multi_resolution_min_dbl": 1.97242975235,
  "multi_resolution_max_dbl": 1.99978148937,
  "target_azimuth_dbl": 357.844940186,
  "target_azimuth_start_dbl": 356.638885498,
  "target_azimuth_end_dbl": 358.796905518,
  "target_azimuth_min_dbl": 356.638885498,
  "target_azimuth_max_dbl": 358.796905518,
  "sun_azimuth_dbl": 36.7366027832,
  "sun_azimuth_min_dbl": 36.4962081909,
  "sun_azimuth_max_dbl": 37.0591964722,
  "sun_elevation_dbl": 56.6355705261,
  "sun_elevation_min_dbl": 56.4415168762,
  "sun_elevation_max_dbl": 56.8931732178,
  "off_nadir_angle_dbl": 15.6835250854,
  "off_nadir_angle_start_dbl": 16.5873031616,
  "off_nadir_angle_end_dbl": 15.011882782,
  "off_nadir_angle_min_dbl": 15.011882782,
  "off_nadir_angle_max_dbl": 16.5873031616
}