{
  "img_filename": "golf_course_0_9_rgb.jpg",
  "bounding_boxes": [
    {
      "category": "golf_course",
      "ID": 11,
      "visible": "True",
      "box": [
        329,
        1,
        913,
        1012
      ]
    }
  ],
  "gsd": 0.364156424999,
  "img_width": 1378,
  "img_height": 1161,
  "mean_pixel_height": 3.259040310077e-06,
  "mean_pixel_width": 3.259489114653e-06,
  "utm": "11S",
  "country_code": "USA",
  "cloud_cover": 0,
  "timestamp": "2016-03-23T18:54:16Z",
  "scan_direction": "Forward",
  "approximate_wavelengths": [
    661,
    545,
    477
  ],
  "pan_resolution_dbl": 0.364156424999,
  "pan_resolution_start_dbl": 0.364256292582,
  "pan_resolution_end_dbl": 0.363905102015,
  "pan_resolution_min_dbl": 0.363905102015,
  "pan_resolution_max_dbl": 0.364631414413,
  "multi_resolution_dbl": 1.45626544952,
  "multi_resolution_start_dbl": 1.45704245567,
  "multi_resolution_end_dbl": 1.45521807671,
  "multi_resolution_min_dbl": 1.45521807671,
  "multi_resolution_max_dbl": 1.45809876919,
  "target_azimuth_dbl": 20.793844223,
  "target_azimuth_start_dbl": 18.5404891968,
  "target_azimuth_end_dbl": 22.9878425598,
  "target_azimuth_min_dbl": 18.5404891968,
  "target_azimuth_max_dbl": 22.9878425598,
  "sun_azimuth_dbl": 152.945739746,
  "sun_azimuth_min_dbl": 152.706069946,
  "sun_azimuth_max_dbl": 153.191375732,
  "sun_elevation_dbl": 55.3409042358,
  "sun_elevation_min_dbl": 54.9349098206,
  "sun_elevation_max_dbl": 55.7332992554,
  "off_nadir_angle_dbl": 24.3797187805,
  "off_nadir_angle_start_dbl": 24.464471817,
  "off_nadir_angle_end_dbl": 24.3267097473,
  "off_nadir_angle_min_dbl": 24.3267097473,
  "off_nadir_angle_max_dbl": 24.464471817
}