{
  "img_filename": "golf_course_0_10_rgb.jpg",
  "bounding_boxes": [
    {
      "category": "golf_course",
      "ID": 11,
      "visible": "True",
      "box": [
        225,
        0,
        628,
        697
      ]
    }
  ],
  "gsd": 0.500085830688,
  "img_width": 946,
  "img_height": 798,
  "mean_pixel_height": 4.745293960556e-06,
  "mean_pixel_width": 4.745293960552e-06,
  "utm": "11S",
  "country_code": "USA",
  "cloud_cover": 1,
  "timestamp": "2014-01-18T18:56:06Z",
  "scan_direction": "Reverse",
  "approximate_wavelengths": [
    661,
    545,
    477
  ],
  "pan_resolution_dbl": 0.500085830688,
  "pan_resolution_start_dbl": 0.472740679979,
  "pan_resolution_end_dbl": 0.530831456184,
  "pan_resolution_min_dbl": 0.472740679979,
  "pan_resolution_max_dbl": 0.530831456184,
  "multi_resolution_dbl": 1.99836301804,
  "multi_resolution_start_dbl": 1.89003372192,
  "multi_resolution_end_dbl": 2.12027025223,
  "multi_resolution_min_dbl": 1.89003372192,
  "multi_resolution_max_dbl": 2.12027025223,
  "target_azimuth_dbl": 1.34076559544,
  "target_azimuth_start_dbl": 358.509521484,
  "target_azimuth_end_dbl": 2.67016983032,
  "target_azimuth_min_dbl": 0.673678874969,
  "target_azimuth_max_dbl": 359.801513672,
  "sun_azimuth_dbl": 162.016159058,
  "sun_azimuth_min_dbl": 161.861434937,
  "sun_azimuth_max_dbl": 162.150695801,
  "sun_elevation_dbl": 35.1171112061,
  "sun_elevation_min_dbl": 34.6445579529,
  "sun_elevation_max_dbl": 35.6496543884,
  "off_nadir_angle_dbl": 15.975730896,
  "off_nadir_angle_start_dbl": 8.73056125641,
  "off_nadir_angle_end_dbl": 22.0076179504,
  "off_nadir_angle_min_dbl": 8.73056125641,
  "off_nadir_angle_max_dbl": 22.0076179504
}