{
  "img_filename": "golf_course_0_0_msrgb.jpg",
  "bounding_boxes": [
    {
      "category": "golf_course",
      "ID": 11,
      "visible": "True",
      "box": [
        44,
        0,
        125,
        137
      ]
    }
  ],
  "gsd": 2.67385149002,
  "img_width": 188,
  "img_height": 158,
  "mean_pixel_height": 2.3947758227847e-05,
  "mean_pixel_width": 2.3891361702087e-05,
  "utm": "11S",
  "country_code": "USA",
  "cloud_cover": 2,
  "timestamp": "2003-01-27T18:37:11Z",
  "scan_direction": "Forward",
  "approximate_wavelengths": [
    661,
    545,
    477
  ],
  "pan_resolution_dbl": 0.668873131275,
  "pan_resolution_start_dbl": 0.668873131275,
  "pan_resolution_end_dbl": 0.668873131275,
  "pan_resolution_min_dbl": 0.668873131275,
  "pan_resolution_max_dbl": 0.668873131275,
  "multi_resolution_dbl": 2.67385149002,
  "multi_resolution_start_dbl": 2.67385149002,
  "multi_resolution_end_dbl": 2.67385149002,
  "multi_resolution_min_dbl": 2.67385149002,
  "multi_resolution_max_dbl": 2.67385149002,
  "target_azimuth_dbl": 91.0204986572,
  "target_azimuth_start_dbl": 97.4697113037,
  "target_azimuth_end_dbl": 85.0038146973,
  "target_azimuth_min_dbl": 85.0038146973,
  "target_azimuth_max_dbl": 97.4697113037,
  "sun_azimuth_dbl": 155.451760864,
  "sun_azimuth_min_dbl": 155.40184021,
  "sun_azimuth_max_dbl": 155.501144409,
  "sun_elevation_dbl": 35.1849502563,
  "sun_elevation_min_dbl": 34.9243545532,
  "sun_elevation_max_dbl": 35.4457893372,
  "off_nadir_angle_dbl": 19.9264537811,
  "off_nadir_angle_start_dbl": 18.860906601,
  "off_nadir_angle_end_dbl": 21.0912914276,
  "off_nadir_angle_min_dbl": 18.860906601,
  "off_nadir_angle_max_dbl": 21.0912914276
}