{
  "img_filename": "golf_course_109_13_rgb.jpg",
  "bounding_boxes": [
    {
      "category": "golf_course",
      "ID": 18812,
      "visible": "True",
      "box": [
        291,
        147,
        353,
        415
      ]
    }
  ],
  "gsd": 0.507321000099,
  "img_width": 978,
  "img_height": 664,
  "mean_pixel_height": 4.593245021667e-06,
  "mean_pixel_width": 4.59324502167e-06,
  "utm": "10T",
  "country_code": "USA",
  "cloud_cover": 0,
  "timestamp": "2011-08-26T19:47:26Z",
  "scan_direction": "Forward",
  "approximate_wavelengths": [
    661,
    545,
    477
  ],
  "pan_resolution_dbl": 0.507321000099,
  "pan_resolution_start_dbl": 0.49744078517,
  "pan_resolution_end_dbl": 0.516652345657,
  "pan_resolution_min_dbl": 0.49744078517,
  "pan_resolution_max_dbl": 0.516652345657,
  "multi_resolution_dbl": 2.03471112251,
  "multi_resolution_start_dbl": 1.99518358707,
  "multi_resolution_end_dbl": 2.07233214378,
  "multi_resolution_min_dbl": 1.99518358707,
  "multi_resolution_max_dbl": 2.07233214378,
  "target_azimuth_dbl": 120.945884705,
  "target_azimuth_start_dbl": 117.163299561,
  "target_azimuth_end_dbl": 123.871513367,
  "target_azimuth_min_dbl": 117.163299561,
  "target_azimuth_max_dbl": 123.871513367,
  "sun_azimuth_dbl": 170.497344971,
  "sun_azimuth_min_dbl": 170.406890869,
  "sun_azimuth_max_dbl": 170.600189209,
  "sun_elevation_dbl": 52.5862998962,
  "sun_elevation_min_dbl": 51.8294868469,
  "sun_elevation_max_dbl": 53.238571167,
  "off_nadir_angle_dbl": 17.6355304718,
  "off_nadir_angle_start_dbl": 15.5924320221,
  "off_nadir_angle_end_dbl": 19.4198150635,
  "off_nadir_angle_min_dbl": 15.5924320221,
  "off_nadir_angle_max_dbl": 19.4198150635
}