{
  "img_filename": "golf_course_109_1_rgb.jpg",
  "bounding_boxes": [
    {
      "category": "golf_course",
      "ID": 18812,
      "visible": "True",
      "box": [
        293,
        148,
        354,
        415
      ]
    }
  ],
  "gsd": 0.510463893414,
  "img_width": 981,
  "img_height": 666,
  "mean_pixel_height": 4.580817267263e-06,
  "mean_pixel_width": 4.578569826718e-06,
  "utm": "10T",
  "country_code": "USA",
  "cloud_cover": 8,
  "timestamp": "2011-06-03T19:24:32Z",
  "scan_direction": "Forward",
  "approximate_wavelengths": [
    661,
    545,
    477
  ],
  "pan_resolution_dbl": 0.510463893414,
  "pan_resolution_start_dbl": 0.505684733391,
  "pan_resolution_end_dbl": 0.517220079899,
  "pan_resolution_min_dbl": 0.505684733391,
  "pan_resolution_max_dbl": 0.517220079899,
  "multi_resolution_dbl": 2.04727602005,
  "multi_resolution_start_dbl": 2.02782249451,
  "multi_resolution_end_dbl": 2.07444787025,
  "multi_resolution_min_dbl": 2.02782249451,
  "multi_resolution_max_dbl": 2.07444787025,
  "target_azimuth_dbl": 226.781158447,
  "target_azimuth_start_dbl": 236.821731567,
  "target_azimuth_end_dbl": 217.655761719,
  "target_azimuth_min_dbl": 217.655761719,
  "target_azimuth_max_dbl": 236.821731567,
  "sun_azimuth_dbl": 156.96812439,
  "sun_azimuth_min_dbl": 156.20539856,
  "sun_azimuth_max_dbl": 157.709884644,
  "sun_elevation_dbl": 64.0879211426,
  "sun_elevation_min_dbl": 63.0898590088,
  "sun_elevation_max_dbl": 65.05443573,
  "off_nadir_angle_dbl": 18.3913173676,
  "off_nadir_angle_start_dbl": 17.4528102875,
  "off_nadir_angle_end_dbl": 19.6342258453,
  "off_nadir_angle_min_dbl": 17.4528102875,
  "off_nadir_angle_max_dbl": 19.6342258453
}