{
  "img_filename": "golf_course_109_7_msrgb.jpg",
  "bounding_boxes": [
    {
      "category": "golf_course",
      "ID": 18812,
      "visible": "True",
      "box": [
        74,
        38,
        89,
        104
      ]
    }
  ],
  "gsd": 1.70762276649,
  "img_width": 248,
  "img_height": 169,
  "mean_pixel_height": 1.8052214792883e-05,
  "mean_pixel_width": 1.8111197580686e-05,
  "utm": "10T",
  "country_code": "USA",
  "cloud_cover": 0,
  "timestamp": "2016-05-01T19:18:37Z",
  "scan_direction": "Reverse",
  "approximate_wavelengths": [
    661,
    545,
    477
  ],
  "pan_resolution_dbl": 0.42685854435,
  "pan_resolution_start_dbl": 0.421982079744,
  "pan_resolution_end_dbl": 0.450560033321,
  "pan_resolution_min_dbl": 0.415763884783,
  "pan_resolution_max_dbl": 0.450560033321,
  "multi_resolution_dbl": 1.70762276649,
  "multi_resolution_start_dbl": 1.68832159042,
  "multi_resolution_end_dbl": 1.80225324631,
  "multi_resolution_min_dbl": 1.66333854198,
  "multi_resolution_max_dbl": 1.80225324631,
  "target_azimuth_dbl": 71.1439971924,
  "target_azimuth_start_dbl": 143.650039673,
  "target_azimuth_end_dbl": 31.9944076538,
  "target_azimuth_min_dbl": 31.9944076538,
  "target_azimuth_max_dbl": 143.650039673,
  "sun_azimuth_dbl": 159.019042969,
  "sun_azimuth_min_dbl": 159.019042969,
  "sun_azimuth_max_dbl": 159.019042969,
  "sun_elevation_dbl": 56.5772323608,
  "sun_elevation_min_dbl": 56.5772323608,
  "sun_elevation_max_dbl": 56.5772323608,
  "off_nadir_angle_dbl": 11.8582754135,
  "off_nadir_angle_start_dbl": 10.8765325546,
  "off_nadir_angle_end_dbl": 18.6954650879,
  "off_nadir_angle_min_dbl": 7.80164766312,
  "off_nadir_angle_max_dbl": 18.6954650879
}