{
  "img_filename": "crop_field_1069_2_msrgb.jpg",
  "bounding_boxes": [
    {
      "category": "crop_field",
      "ID": 24239,
      "visible": "True",
      "box": [
        77,
        64,
        65,
        58
      ]
    }
  ],
  "gsd": 2.28889560699,
  "img_width": 218,
  "img_height": 187,
  "mean_pixel_height": 2.0592981283425e-05,
  "mean_pixel_width": 2.0603561467888e-05,
  "utm": "19J",
  "country_code": "ARG",
  "cloud_cover": 0,
  "timestamp": "2016-08-31T14:47:15Z",
  "scan_direction": "Reverse",
  "approximate_wavelengths": [
    661,
    545,
    477
  ],
  "pan_resolution_dbl": 0.572565555573,
  "pan_resolution_start_dbl": 0.583998262882,
  "pan_resolution_end_dbl": 0.563025772572,
  "pan_resolution_min_dbl": 0.563025772572,
  "pan_resolution_max_dbl": 0.583998262882,
  "multi_resolution_dbl": 2.28889560699,
  "multi_resolution_start_dbl": 2.33444023132,
  "multi_resolution_end_dbl": 2.25046133995,
  "multi_resolution_min_dbl": 2.25046133995,
  "multi_resolution_max_dbl": 2.33444023132,
  "target_azimuth_dbl": 30.9004001617,
  "target_azimuth_start_dbl": 27.8568916321,
  "target_azimuth_end_dbl": 33.8228645325,
  "target_azimuth_min_dbl": 27.8568916321,
  "target_azimuth_max_dbl": 33.8228645325,
  "sun_azimuth_dbl": 37.228553772,
  "sun_azimuth_min_dbl": 36.9088745117,
  "sun_azimuth_max_dbl": 37.5830764771,
  "sun_elevation_dbl": 42.8177032471,
  "sun_elevation_min_dbl": 42.406463623,
  "sun_elevation_max_dbl": 43.2668151855,
  "off_nadir_angle_dbl": 26.4020767212,
  "off_nadir_angle_start_dbl": 27.6042881012,
  "off_nadir_angle_end_dbl": 25.3521556854,
  "off_nadir_angle_min_dbl": 25.3521556854,
  "off_nadir_angle_max_dbl": 27.6042881012
}