{
  "img_filename": "crop_field_1069_8_rgb.jpg",
  "bounding_boxes": [
    {
      "category": "crop_field",
      "ID": 24239,
      "visible": "True",
      "box": [
        351,
        289,
        290,
        263
      ]
    }
  ],
  "gsd": 0.474623978138,
  "img_width": 979,
  "img_height": 839,
  "mean_pixel_height": 4.589853992849e-06,
  "mean_pixel_width": 4.587922778345e-06,
  "utm": "19J",
  "country_code": "ARG",
  "cloud_cover": 0,
  "timestamp": "2015-07-16T14:56:35Z",
  "scan_direction": "Reverse",
  "approximate_wavelengths": [
    661,
    545,
    477
  ],
  "pan_resolution_dbl": 0.474623978138,
  "pan_resolution_start_dbl": 0.474545329809,
  "pan_resolution_end_dbl": 0.477605044842,
  "pan_resolution_min_dbl": 0.473629444838,
  "pan_resolution_max_dbl": 0.477605044842,
  "multi_resolution_dbl": 1.89903473854,
  "multi_resolution_start_dbl": 1.89868783951,
  "multi_resolution_end_dbl": 1.91107583046,
  "multi_resolution_min_dbl": 1.89504218102,
  "multi_resolution_max_dbl": 1.91107583046,
  "target_azimuth_dbl": 129.258895874,
  "target_azimuth_start_dbl": 132.321609497,
  "target_azimuth_end_dbl": 126.843261719,
  "target_azimuth_min_dbl": 126.843261719,
  "target_azimuth_max_dbl": 132.321609497,
  "sun_azimuth_dbl": 28.5021114349,
  "sun_azimuth_min_dbl": 28.4236717224,
  "sun_azimuth_max_dbl": 28.6031970978,
  "sun_elevation_dbl": 31.7340087891,
  "sun_elevation_min_dbl": 31.5666923523,
  "sun_elevation_max_dbl": 31.9481105804,
  "off_nadir_angle_dbl": 21.5546169281,
  "off_nadir_angle_start_dbl": 21.655620575,
  "off_nadir_angle_end_dbl": 21.492515564,
  "off_nadir_angle_min_dbl": 21.492515564,
  "off_nadir_angle_max_dbl": 21.655620575
}