{
  "img_filename": "crop_field_1130_2_msrgb.jpg",
  "bounding_boxes": [
    {
      "category": "crop_field",
      "ID": 25417,
      "visible": "True",
      "box": [
        104,
        66,
        24,
        25
      ]
    }
  ],
  "gsd": 2.17259597778,
  "img_width": 231,
  "img_height": 163,
  "mean_pixel_height": 1.9422323926387e-05,
  "mean_pixel_width": 1.9444053679659e-05,
  "utm": "32T",
  "country_code": "ITA",
  "cloud_cover": 0,
  "timestamp": "2016-06-07T10:01:09Z",
  "scan_direction": "Forward",
  "approximate_wavelengths": [
    661,
    545,
    477
  ],
  "pan_resolution_dbl": 0.542455077171,
  "pan_resolution_start_dbl": 0.546399474144,
  "pan_resolution_end_dbl": 0.539472818375,
  "pan_resolution_min_dbl": 0.539472818375,
  "pan_resolution_max_dbl": 0.546399474144,
  "multi_resolution_dbl": 2.17259597778,
  "multi_resolution_start_dbl": 2.18859267235,
  "multi_resolution_end_dbl": 2.16019225121,
  "multi_resolution_min_dbl": 2.16019225121,
  "multi_resolution_max_dbl": 2.18859267235,
  "target_azimuth_dbl": 325.692749023,
  "target_azimuth_start_dbl": 326.16317749,
  "target_azimuth_end_dbl": 325.316955566,
  "target_azimuth_min_dbl": 325.316955566,
  "target_azimuth_max_dbl": 326.16317749,
  "sun_azimuth_dbl": 141.405517578,
  "sun_azimuth_min_dbl": 141.231826782,
  "sun_azimuth_max_dbl": 141.624023438,
  "sun_elevation_dbl": 63.3267974854,
  "sun_elevation_min_dbl": 63.175743103,
  "sun_elevation_max_dbl": 63.4458007812,
  "off_nadir_angle_dbl": 23.3184185028,
  "off_nadir_angle_start_dbl": 23.8297958374,
  "off_nadir_angle_end_dbl": 22.9156951904,
  "off_nadir_angle_min_dbl": 22.9156951904,
  "off_nadir_angle_max_dbl": 23.8297958374
}