{
  "img_filename": "golf_course_111_2_rgb.jpg",
  "bounding_boxes": [
    {
      "category": "golf_course",
      "ID": 19191,
      "visible": "True",
      "box": [
        99,
        20,
        567,
        635
      ]
    }
  ],
  "gsd": 0.431413590908,
  "img_width": 995,
  "img_height": 791,
  "mean_pixel_height": 4.515631099871e-06,
  "mean_pixel_width": 4.514147738689e-06,
  "utm": "52S",
  "country_code": "KOR",
  "cloud_cover": 0,
  "timestamp": "2013-03-25T02:27:40Z",
  "scan_direction": "Reverse",
  "approximate_wavelengths": [
    661,
    545,
    477
  ],
  "pan_resolution_dbl": 0.431413590908,
  "pan_resolution_start_dbl": 0.429870933294,
  "pan_resolution_end_dbl": 0.432576745749,
  "pan_resolution_min_dbl": 0.429870933294,
  "pan_resolution_max_dbl": 0.432576745749,
  "multi_resolution_dbl": 1.72629630566,
  "multi_resolution_start_dbl": 1.72004652023,
  "multi_resolution_end_dbl": 1.73100328445,
  "multi_resolution_min_dbl": 1.72004652023,
  "multi_resolution_max_dbl": 1.73100328445,
  "target_azimuth_dbl": 46.4871368408,
  "target_azimuth_start_dbl": 52.4905662537,
  "target_azimuth_end_dbl": 42.4727478027,
  "target_azimuth_min_dbl": 42.4727478027,
  "target_azimuth_max_dbl": 52.4905662537,
  "sun_azimuth_dbl": 151.308731079,
  "sun_azimuth_min_dbl": 151.196456909,
  "sun_azimuth_max_dbl": 151.472625732,
  "sun_elevation_dbl": 50.9175605774,
  "sun_elevation_min_dbl": 50.8881759644,
  "sun_elevation_max_dbl": 50.9603729248,
  "off_nadir_angle_dbl": 13.5695009232,
  "off_nadir_angle_start_dbl": 13.0955123901,
  "off_nadir_angle_end_dbl": 13.9232816696,
  "off_nadir_angle_min_dbl": 13.0955123901,
  "off_nadir_angle_max_dbl": 13.9232816696
}