{
  "img_filename": "golf_course_154_0_rgb.jpg",
  "bounding_boxes": [
    {
      "category": "golf_course",
      "ID": 27564,
      "visible": "True",
      "box": [
        105,
        198,
        807,
        719
      ]
    }
  ],
  "gsd": 0.534552514553,
  "img_width": 926,
  "img_height": 929,
  "mean_pixel_height": 4.850168439182e-06,
  "mean_pixel_width": 4.850514470842e-06,
  "utm": "18N",
  "country_code": "COL",
  "cloud_cover": 1,
  "timestamp": "2016-01-18T15:13:34Z",
  "scan_direction": "Forward",
  "approximate_wavelengths": [
    661,
    545,
    477
  ],
  "pan_resolution_dbl": 0.534552514553,
  "pan_resolution_start_dbl": 0.540080904961,
  "pan_resolution_end_dbl": 0.530291259289,
  "pan_resolution_min_dbl": 0.530291259289,
  "pan_resolution_max_dbl": 0.540080904961,
  "multi_resolution_dbl": 2.14347934723,
  "multi_resolution_start_dbl": 2.16556429863,
  "multi_resolution_end_dbl": 2.12644958496,
  "multi_resolution_min_dbl": 2.12644958496,
  "multi_resolution_max_dbl": 2.16556429863,
  "target_azimuth_dbl": 307.246673584,
  "target_azimuth_start_dbl": 308.593322754,
  "target_azimuth_end_dbl": 306.154907227,
  "target_azimuth_min_dbl": 306.154907227,
  "target_azimuth_max_dbl": 308.593322754,
  "sun_azimuth_dbl": 133.274765015,
  "sun_azimuth_min_dbl": 133.039245605,
  "sun_azimuth_max_dbl": 133.569213867,
  "sun_elevation_dbl": 52.5367164612,
  "sun_elevation_min_dbl": 52.3029594421,
  "sun_elevation_max_dbl": 52.7215270996,
  "off_nadir_angle_dbl": 22.7836761475,
  "off_nadir_angle_start_dbl": 23.5250225067,
  "off_nadir_angle_end_dbl": 22.1976642609,
  "off_nadir_angle_min_dbl": 22.1976642609,
  "off_nadir_angle_max_dbl": 23.5250225067
}