{
  "img_filename": "golf_course_154_4_msrgb.jpg",
  "bounding_boxes": [
    {
      "category": "golf_course",
      "ID": 27564,
      "visible": "True",
      "box": [
        27,
        51,
        209,
        185
      ]
    }
  ],
  "gsd": 2.02684283257,
  "img_width": 240,
  "img_height": 240,
  "mean_pixel_height": 1.8774193666667e-05,
  "mean_pixel_width": 1.8714901666665e-05,
  "utm": "18N",
  "country_code": "COL",
  "cloud_cover": 0,
  "timestamp": "2015-12-26T15:24:46Z",
  "scan_direction": "Reverse",
  "approximate_wavelengths": [
    661,
    545,
    477
  ],
  "pan_resolution_dbl": 0.506336152554,
  "pan_resolution_start_dbl": 0.514148056507,
  "pan_resolution_end_dbl": 0.498422712088,
  "pan_resolution_min_dbl": 0.498422712088,
  "pan_resolution_max_dbl": 0.514148056507,
  "multi_resolution_dbl": 2.02684283257,
  "multi_resolution_start_dbl": 2.0587220192,
  "multi_resolution_end_dbl": 1.99423897266,
  "multi_resolution_min_dbl": 1.99423897266,
  "multi_resolution_max_dbl": 2.0587220192,
  "target_azimuth_dbl": 212.788070679,
  "target_azimuth_start_dbl": 211.737335205,
  "target_azimuth_end_dbl": 213.862609863,
  "target_azimuth_min_dbl": 211.737335205,
  "target_azimuth_max_dbl": 213.862609863,
  "sun_azimuth_dbl": 142.405517578,
  "sun_azimuth_min_dbl": 142.349502563,
  "sun_azimuth_max_dbl": 142.461151123,
  "sun_elevation_dbl": 54.0584526062,
  "sun_elevation_min_dbl": 54.0151939392,
  "sun_elevation_max_dbl": 54.1019897461,
  "off_nadir_angle_dbl": 27.7010860443,
  "off_nadir_angle_start_dbl": 28.5787658691,
  "off_nadir_angle_end_dbl": 26.8225021362,
  "off_nadir_angle_min_dbl": 26.8225021362,
  "off_nadir_angle_max_dbl": 28.5787658691
}