{
  "img_filename": "golf_course_133_8_msrgb.jpg",
  "bounding_boxes": [
    {
      "category": "golf_course",
      "ID": 22838,
      "visible": "True",
      "box": [
        13,
        4,
        292,
        195
      ]
    }
  ],
  "gsd": 1.54040718079,
  "img_width": 329,
  "img_height": 205,
  "mean_pixel_height": 1.3631806829243e-05,
  "mean_pixel_width": 1.3652207963526e-05,
  "utm": "30U",
  "country_code": "GBR",
  "cloud_cover": 1,
  "timestamp": "2014-12-03T11:34:11Z",
  "scan_direction": "Forward",
  "approximate_wavelengths": [
    661,
    545,
    477
  ],
  "pan_resolution_dbl": 0.384984791279,
  "pan_resolution_start_dbl": 0.376480311155,
  "pan_resolution_end_dbl": 0.39354172349,
  "pan_resolution_min_dbl": 0.376480311155,
  "pan_resolution_max_dbl": 0.39354172349,
  "multi_resolution_dbl": 1.54040718079,
  "multi_resolution_start_dbl": 1.50636315346,
  "multi_resolution_end_dbl": 1.57466256619,
  "multi_resolution_min_dbl": 1.50636315346,
  "multi_resolution_max_dbl": 1.57466256619,
  "target_azimuth_dbl": 101.567741394,
  "target_azimuth_start_dbl": 101.812637329,
  "target_azimuth_end_dbl": 101.422653198,
  "target_azimuth_min_dbl": 101.422653198,
  "target_azimuth_max_dbl": 101.812637329,
  "sun_azimuth_dbl": 173.270019531,
  "sun_azimuth_min_dbl": 173.253128052,
  "sun_azimuth_max_dbl": 173.285110474,
  "sun_elevation_dbl": 16.3172683716,
  "sun_elevation_min_dbl": 15.7839899063,
  "sun_elevation_max_dbl": 16.8392448425,
  "off_nadir_angle_dbl": 27.7237491608,
  "off_nadir_angle_start_dbl": 26.3632640839,
  "off_nadir_angle_end_dbl": 29.0310840607,
  "off_nadir_angle_min_dbl": 26.3632640839,
  "off_nadir_angle_max_dbl": 29.0310840607
}