{
  "img_filename": "crop_field_1107_2_rgb.jpg",
  "bounding_boxes": [
    {
      "category": "crop_field",
      "ID": 24979,
      "visible": "True",
      "box": [
        33,
        17,
        588,
        356
      ]
    }
  ],
  "gsd": 0.756232500076,
  "img_width": 656,
  "img_height": 418,
  "mean_pixel_height": 6.844090191399e-06,
  "mean_pixel_width": 6.846915243902e-06,
  "utm": "33U",
  "country_code": "CZE",
  "cloud_cover": 3,
  "timestamp": "2006-05-03T10:39:58Z",
  "scan_direction": "Forward",
  "approximate_wavelengths": [
    661,
    545,
    477
  ],
  "pan_resolution_dbl": 0.756232500076,
  "pan_resolution_start_dbl": 0.756232500076,
  "pan_resolution_end_dbl": 0.756232500076,
  "pan_resolution_min_dbl": 0.756232500076,
  "pan_resolution_max_dbl": 0.756232500076,
  "multi_resolution_dbl": 3.02271795273,
  "multi_resolution_start_dbl": 3.02271795273,
  "multi_resolution_end_dbl": 3.02271795273,
  "multi_resolution_min_dbl": 3.02271795273,
  "multi_resolution_max_dbl": 3.02271795273,
  "target_azimuth_dbl": 90.8446245193,
  "target_azimuth_start_dbl": 93.2961959839,
  "target_azimuth_end_dbl": 88.3952026367,
  "target_azimuth_min_dbl": 88.3952026367,
  "target_azimuth_max_dbl": 93.2961959839,
  "sun_azimuth_dbl": 171.537338257,
  "sun_azimuth_min_dbl": 171.528442383,
  "sun_azimuth_max_dbl": 171.545974731,
  "sun_elevation_dbl": 55.0114450455,
  "sun_elevation_min_dbl": 54.8061943054,
  "sun_elevation_max_dbl": 55.2215919495,
  "off_nadir_angle_dbl": 28.5143995285,
  "off_nadir_angle_start_dbl": 27.6675872803,
  "off_nadir_angle_end_dbl": 29.3872909546,
  "off_nadir_angle_min_dbl": 27.6675872803,
  "off_nadir_angle_max_dbl": 29.3872909546
}