{
  "img_filename": "crop_field_1110_2_rgb.jpg",
  "bounding_boxes": [
    {
      "category": "crop_field",
      "ID": 24996,
      "visible": "True",
      "box": [
        17,
        186,
        1320,
        561
      ]
    }
  ],
  "gsd": 0.368694424629,
  "img_width": 1359,
  "img_height": 1096,
  "mean_pixel_height": 3.305764781019e-06,
  "mean_pixel_width": 3.305060338481e-06,
  "utm": "11S",
  "country_code": "USA",
  "cloud_cover": 0,
  "timestamp": "2014-10-22T18:44:36Z",
  "scan_direction": "Forward",
  "approximate_wavelengths": [
    661,
    545,
    477
  ],
  "pan_resolution_dbl": 0.368694424629,
  "pan_resolution_start_dbl": 0.369960397482,
  "pan_resolution_end_dbl": 0.36791524291,
  "pan_resolution_min_dbl": 0.36791524291,
  "pan_resolution_max_dbl": 0.369960397482,
  "multi_resolution_dbl": 1.47430324554,
  "multi_resolution_start_dbl": 1.47934055328,
  "multi_resolution_end_dbl": 1.47120773792,
  "multi_resolution_min_dbl": 1.47120773792,
  "multi_resolution_max_dbl": 1.47934055328,
  "target_azimuth_dbl": 19.3341293335,
  "target_azimuth_start_dbl": 16.4191741943,
  "target_azimuth_end_dbl": 21.9256153107,
  "target_azimuth_min_dbl": 16.4191741943,
  "target_azimuth_max_dbl": 21.9256153107,
  "sun_azimuth_dbl": 160.698974609,
  "sun_azimuth_min_dbl": 160.591598511,
  "sun_azimuth_max_dbl": 160.818771362,
  "sun_elevation_dbl": 40.4863090515,
  "sun_elevation_min_dbl": 39.9243888855,
  "sun_elevation_max_dbl": 40.9810218811,
  "off_nadir_angle_dbl": 25.2610225677,
  "off_nadir_angle_start_dbl": 25.4775447845,
  "off_nadir_angle_end_dbl": 25.1163330078,
  "off_nadir_angle_min_dbl": 25.1163330078,
  "off_nadir_angle_max_dbl": 25.4775447845
}