{
  "img_filename": "crop_field_1110_4_msrgb.jpg",
  "bounding_boxes": [
    {
      "category": "crop_field",
      "ID": 24996,
      "visible": "True",
      "box": [
        3,
        45,
        324,
        138
      ]
    }
  ],
  "gsd": 1.518851161,
  "img_width": 334,
  "img_height": 269,
  "mean_pixel_height": 1.3468840892181e-05,
  "mean_pixel_width": 1.3447835329329e-05,
  "utm": "11S",
  "country_code": "USA",
  "cloud_cover": 0,
  "timestamp": "2016-09-16T19:24:25Z",
  "scan_direction": "Reverse",
  "approximate_wavelengths": [
    661,
    545,
    477
  ],
  "pan_resolution_dbl": 0.379646658897,
  "pan_resolution_start_dbl": 0.380735784769,
  "pan_resolution_end_dbl": 0.390168190002,
  "pan_resolution_min_dbl": 0.375588923693,
  "pan_resolution_max_dbl": 0.390168190002,
  "multi_resolution_dbl": 1.518851161,
  "multi_resolution_start_dbl": 1.52409076691,
  "multi_resolution_end_dbl": 1.56007945538,
  "multi_resolution_min_dbl": 1.50282752514,
  "multi_resolution_max_dbl": 1.56007945538,
  "target_azimuth_dbl": 90.4546508789,
  "target_azimuth_start_dbl": 111.492347717,
  "target_azimuth_end_dbl": 70.3329696655,
  "target_azimuth_min_dbl": 70.3329696655,
  "target_azimuth_max_dbl": 111.492347717,
  "sun_azimuth_dbl": 166.884338379,
  "sun_azimuth_min_dbl": 166.644943237,
  "sun_azimuth_max_dbl": 167.117538452,
  "sun_elevation_dbl": 55.2346839905,
  "sun_elevation_min_dbl": 54.7210121155,
  "sun_elevation_max_dbl": 55.7507553101,
  "off_nadir_angle_dbl": 27.0565624237,
  "off_nadir_angle_start_dbl": 27.309885025,
  "off_nadir_angle_end_dbl": 28.6280612946,
  "off_nadir_angle_min_dbl": 26.4058818817,
  "off_nadir_angle_max_dbl": 28.6280612946
}