{
  "img_filename": "crop_field_1066_1_rgb.jpg",
  "bounding_boxes": [
    {
      "category": "crop_field",
      "ID": 24144,
      "visible": "True",
      "box": [
        285,
        123,
        325,
        292
      ]
    }
  ],
  "gsd": 0.571412503719,
  "img_width": 881,
  "img_height": 516,
  "mean_pixel_height": 5.100449418599e-06,
  "mean_pixel_width": 5.098270624291e-06,
  "utm": "30U",
  "country_code": "GBR",
  "cloud_cover": 7,
  "timestamp": "2013-11-04T11:30:24Z",
  "scan_direction": "Forward",
  "approximate_wavelengths": [
    661,
    545,
    477
  ],
  "pan_resolution_dbl": 0.571412503719,
  "pan_resolution_start_dbl": 0.586104154587,
  "pan_resolution_end_dbl": 0.558689534664,
  "pan_resolution_min_dbl": 0.558689534664,
  "pan_resolution_max_dbl": 0.586104154587,
  "multi_resolution_dbl": 2.28772163391,
  "multi_resolution_start_dbl": 2.34638667107,
  "multi_resolution_end_dbl": 2.23691678047,
  "multi_resolution_min_dbl": 2.23691678047,
  "multi_resolution_max_dbl": 2.34638667107,
  "target_azimuth_dbl": 320.910461426,
  "target_azimuth_start_dbl": 322.607635498,
  "target_azimuth_end_dbl": 319.29699707,
  "target_azimuth_min_dbl": 319.29699707,
  "target_azimuth_max_dbl": 322.607635498,
  "sun_azimuth_dbl": 173.172424316,
  "sun_azimuth_min_dbl": 173.155990601,
  "sun_azimuth_max_dbl": 173.185958862,
  "sun_elevation_dbl": 19.9749336243,
  "sun_elevation_min_dbl": 19.4098243713,
  "sun_elevation_max_dbl": 20.4942455292,
  "off_nadir_angle_dbl": 26.410905838,
  "off_nadir_angle_start_dbl": 27.885515213,
  "off_nadir_angle_end_dbl": 25.05727005,
  "off_nadir_angle_min_dbl": 25.05727005,
  "off_nadir_angle_max_dbl": 27.885515213
}