{
  "img_filename": "golf_course_125_9_msrgb.jpg",
  "bounding_boxes": [
    {
      "category": "golf_course",
      "ID": 21426,
      "visible": "True",
      "box": [
        18,
        7,
        354,
        294
      ]
    }
  ],
  "gsd": 1.30333936214,
  "img_width": 385,
  "img_height": 328,
  "mean_pixel_height": 1.1680430487802e-05,
  "mean_pixel_width": 1.1666431168811e-05,
  "utm": "50J",
  "country_code": "AUS",
  "cloud_cover": 0,
  "timestamp": "2016-06-18T02:35:55Z",
  "scan_direction": "Reverse",
  "approximate_wavelengths": [
    661,
    545,
    477
  ],
  "pan_resolution_dbl": 0.325793206692,
  "pan_resolution_start_dbl": 0.32828065753,
  "pan_resolution_end_dbl": 0.323540300131,
  "pan_resolution_min_dbl": 0.323540300131,
  "pan_resolution_max_dbl": 0.32828065753,
  "multi_resolution_dbl": 1.30333936214,
  "multi_resolution_start_dbl": 1.31329333782,
  "multi_resolution_end_dbl": 1.2943239212,
  "multi_resolution_min_dbl": 1.2943239212,
  "multi_resolution_max_dbl": 1.31329333782,
  "target_azimuth_dbl": 262.412628174,
  "target_azimuth_start_dbl": 261.882659912,
  "target_azimuth_end_dbl": 263.076934814,
  "target_azimuth_min_dbl": 261.882659912,
  "target_azimuth_max_dbl": 263.076934814,
  "sun_azimuth_dbl": 26.8164310455,
  "sun_azimuth_min_dbl": 26.6571445465,
  "sun_azimuth_max_dbl": 26.9786472321,
  "sun_elevation_dbl": 29.735824585,
  "sun_elevation_min_dbl": 29.3133106232,
  "sun_elevation_max_dbl": 30.16264534,
  "off_nadir_angle_dbl": 12.2005882263,
  "off_nadir_angle_start_dbl": 13.4046010971,
  "off_nadir_angle_end_dbl": 10.9992666245,
  "off_nadir_angle_min_dbl": 10.9992666245,
  "off_nadir_angle_max_dbl": 13.4046010971
}