{
  "img_filename": "golf_course_125_2_msrgb.jpg",
  "bounding_boxes": [
    {
      "category": "golf_course",
      "ID": 21426,
      "visible": "True",
      "box": [
        9,
        3,
        193,
        160
      ]
    }
  ],
  "gsd": 2.36089706421,
  "img_width": 209,
  "img_height": 178,
  "mean_pixel_height": 2.1523489887634e-05,
  "mean_pixel_width": 2.1490794258337e-05,
  "utm": "50J",
  "country_code": "AUS",
  "cloud_cover": 0,
  "timestamp": "2014-01-04T02:48:10Z",
  "scan_direction": "Reverse",
  "approximate_wavelengths": [
    661,
    545,
    477
  ],
  "pan_resolution_dbl": 0.591739296913,
  "pan_resolution_start_dbl": 0.6060141325,
  "pan_resolution_end_dbl": 0.579978346825,
  "pan_resolution_min_dbl": 0.579978346825,
  "pan_resolution_max_dbl": 0.6060141325,
  "multi_resolution_dbl": 2.36089706421,
  "multi_resolution_start_dbl": 2.41857790947,
  "multi_resolution_end_dbl": 2.31395196915,
  "multi_resolution_min_dbl": 2.31395196915,
  "multi_resolution_max_dbl": 2.41857790947,
  "target_azimuth_dbl": 26.6715335846,
  "target_azimuth_start_dbl": 23.9947185516,
  "target_azimuth_end_dbl": 29.1925487518,
  "target_azimuth_min_dbl": 23.9947185516,
  "target_azimuth_max_dbl": 29.1925487518,
  "sun_azimuth_dbl": 71.4524459839,
  "sun_azimuth_min_dbl": 70.2423095703,
  "sun_azimuth_max_dbl": 72.8190917969,
  "sun_elevation_dbl": 67.4100265503,
  "sun_elevation_min_dbl": 67.2568435669,
  "sun_elevation_max_dbl": 67.5739212036,
  "off_nadir_angle_dbl": 28.1302947998,
  "off_nadir_angle_start_dbl": 29.4563293457,
  "off_nadir_angle_end_dbl": 26.9822330475,
  "off_nadir_angle_min_dbl": 26.9822330475,
  "off_nadir_angle_max_dbl": 29.4563293457
}