{
  "img_filename": "golf_course_125_0_msrgb.jpg",
  "bounding_boxes": [
    {
      "category": "golf_course",
      "ID": 21426,
      "visible": "True",
      "box": [
        12,
        5,
        242,
        202
      ]
    }
  ],
  "gsd": 1.89857363701,
  "img_width": 263,
  "img_height": 224,
  "mean_pixel_height": 1.7103487499995e-05,
  "mean_pixel_width": 1.7078235741416e-05,
  "utm": "50J",
  "country_code": "AUS",
  "cloud_cover": 0,
  "timestamp": "2010-01-23T02:25:55Z",
  "scan_direction": "Reverse",
  "approximate_wavelengths": [
    661,
    545,
    477
  ],
  "pan_resolution_dbl": 0.476218014956,
  "pan_resolution_start_dbl": 0.474817484617,
  "pan_resolution_end_dbl": 0.47790363431,
  "pan_resolution_min_dbl": 0.474817484617,
  "pan_resolution_max_dbl": 0.47790363431,
  "multi_resolution_dbl": 1.89857363701,
  "multi_resolution_start_dbl": 1.89335787296,
  "multi_resolution_end_dbl": 1.90501201153,
  "multi_resolution_min_dbl": 1.89335787296,
  "multi_resolution_max_dbl": 1.90501201153,
  "target_azimuth_dbl": 214.065414429,
  "target_azimuth_start_dbl": 228.108444214,
  "target_azimuth_end_dbl": 203.038848877,
  "target_azimuth_min_dbl": 203.038848877,
  "target_azimuth_max_dbl": 228.108444214,
  "sun_azimuth_dbl": 72.8851623535,
  "sun_azimuth_min_dbl": 71.9309463501,
  "sun_azimuth_max_dbl": 73.9611663818,
  "sun_elevation_dbl": 59.9016723633,
  "sun_elevation_min_dbl": 59.7567062378,
  "sun_elevation_max_dbl": 60.0580673218,
  "off_nadir_angle_dbl": 7.062063694,
  "off_nadir_angle_start_dbl": 6.36866903305,
  "off_nadir_angle_end_dbl": 7.87398815155,
  "off_nadir_angle_min_dbl": 6.36866903305,
  "off_nadir_angle_max_dbl": 7.87398815155
}