{
  "img_filename": "golf_course_125_7_msrgb.jpg",
  "bounding_boxes": [
    {
      "category": "golf_course",
      "ID": 21426,
      "visible": "True",
      "box": [
        10,
        4,
        205,
        169
      ]
    }
  ],
  "gsd": 2.26169729233,
  "img_width": 222,
  "img_height": 189,
  "mean_pixel_height": 2.0270799999994e-05,
  "mean_pixel_width": 2.023232432429e-05,
  "utm": "50J",
  "country_code": "AUS",
  "cloud_cover": 0,
  "timestamp": "2016-07-14T02:35:32Z",
  "scan_direction": "Reverse",
  "approximate_wavelengths": [
    661,
    545,
    477
  ],
  "pan_resolution_dbl": 0.565696775913,
  "pan_resolution_start_dbl": 0.559769690037,
  "pan_resolution_end_dbl": 0.571695446968,
  "pan_resolution_min_dbl": 0.559769690037,
  "pan_resolution_max_dbl": 0.571695446968,
  "multi_resolution_dbl": 2.26169729233,
  "multi_resolution_start_dbl": 2.23806357384,
  "multi_resolution_end_dbl": 2.28560423851,
  "multi_resolution_min_dbl": 2.23806357384,
  "multi_resolution_max_dbl": 2.28560423851,
  "target_azimuth_dbl": 133.007507324,
  "target_azimuth_start_dbl": 131.911422729,
  "target_azimuth_end_dbl": 134.080856323,
  "target_azimuth_min_dbl": 131.911422729,
  "target_azimuth_max_dbl": 134.080856323,
  "sun_azimuth_dbl": 29.0249881744,
  "sun_azimuth_min_dbl": 28.9328765869,
  "sun_azimuth_max_dbl": 29.1181163788,
  "sun_elevation_dbl": 30.7657794952,
  "sun_elevation_min_dbl": 30.5252342224,
  "sun_elevation_max_dbl": 31.0067443848,
  "off_nadir_angle_dbl": 25.5881843567,
  "off_nadir_angle_start_dbl": 24.9444046021,
  "off_nadir_angle_end_dbl": 26.2329273224,
  "off_nadir_angle_min_dbl": 24.9444046021,
  "off_nadir_angle_max_dbl": 26.2329273224
}