{
  "img_filename": "golf_course_125_1_rgb.jpg",
  "bounding_boxes": [
    {
      "category": "golf_course",
      "ID": 21426,
      "visible": "True",
      "box": [
        48,
        19,
        949,
        790
      ]
    }
  ],
  "gsd": 0.482194453478,
  "img_width": 1029,
  "img_height": 878,
  "mean_pixel_height": 4.36353211845e-06,
  "mean_pixel_width": 4.364991253637e-06,
  "utm": "50J",
  "country_code": "AUS",
  "cloud_cover": 0,
  "timestamp": "2010-07-23T02:31:21Z",
  "scan_direction": "Reverse",
  "approximate_wavelengths": [
    661,
    545,
    477
  ],
  "pan_resolution_dbl": 0.482194453478,
  "pan_resolution_start_dbl": 0.487061172724,
  "pan_resolution_end_dbl": 0.478489637375,
  "pan_resolution_min_dbl": 0.478489637375,
  "pan_resolution_max_dbl": 0.487061172724,
  "multi_resolution_dbl": 1.9294128418,
  "multi_resolution_start_dbl": 1.94897794724,
  "multi_resolution_end_dbl": 1.91451120377,
  "multi_resolution_min_dbl": 1.91451120377,
  "multi_resolution_max_dbl": 1.94897794724,
  "target_azimuth_dbl": 345.434448242,
  "target_azimuth_start_dbl": 343.306945801,
  "target_azimuth_end_dbl": 347.763153076,
  "target_azimuth_min_dbl": 343.306945801,
  "target_azimuth_max_dbl": 347.763153076,
  "sun_azimuth_dbl": 30.9735794067,
  "sun_azimuth_min_dbl": 30.7741680145,
  "sun_azimuth_max_dbl": 31.2052345276,
  "sun_elevation_dbl": 31.4130249023,
  "sun_elevation_min_dbl": 30.9498939514,
  "sun_elevation_max_dbl": 31.9446125031,
  "off_nadir_angle_dbl": 9.85064888,
  "off_nadir_angle_start_dbl": 11.6551246643,
  "off_nadir_angle_end_dbl": 8.29500961304,
  "off_nadir_angle_min_dbl": 8.29500961304,
  "off_nadir_angle_max_dbl": 11.6551246643
}