{
  "img_filename": "golf_course_125_11_msrgb.jpg",
  "bounding_boxes": [
    {
      "category": "golf_course",
      "ID": 21426,
      "visible": "True",
      "box": [
        17,
        6,
        338,
        281
      ]
    }
  ],
  "gsd": 1.36997127533,
  "img_width": 366,
  "img_height": 312,
  "mean_pixel_height": 1.2275164180003e-05,
  "mean_pixel_width": 1.2275164179993e-05,
  "utm": "50J",
  "country_code": "AUS",
  "cloud_cover": 5,
  "timestamp": "2016-02-19T02:38:32Z",
  "scan_direction": "Reverse",
  "approximate_wavelengths": [
    661,
    545,
    477
  ],
  "pan_resolution_dbl": 0.34253975749,
  "pan_resolution_start_dbl": 0.342518895864,
  "pan_resolution_end_dbl": 0.342688947916,
  "pan_resolution_min_dbl": 0.342428654432,
  "pan_resolution_max_dbl": 0.342688947916,
  "multi_resolution_dbl": 1.36997127533,
  "multi_resolution_start_dbl": 1.36989295483,
  "multi_resolution_end_dbl": 1.37056326866,
  "multi_resolution_min_dbl": 1.3695294857,
  "multi_resolution_max_dbl": 1.37056326866,
  "target_azimuth_dbl": 187.366882324,
  "target_azimuth_start_dbl": 189.203079224,
  "target_azimuth_end_dbl": 185.76940918,
  "target_azimuth_min_dbl": 185.76940918,
  "target_azimuth_max_dbl": 189.203079224,
  "sun_azimuth_dbl": 57.8217582703,
  "sun_azimuth_min_dbl": 57.4818572998,
  "sun_azimuth_max_dbl": 58.2131271362,
  "sun_elevation_dbl": 57.2926902771,
  "sun_elevation_min_dbl": 57.1742973328,
  "sun_elevation_max_dbl": 57.4274940491,
  "off_nadir_angle_dbl": 18.2193584442,
  "off_nadir_angle_start_dbl": 18.2018909454,
  "off_nadir_angle_end_dbl": 18.2434158325,
  "off_nadir_angle_min_dbl": 18.2018909454,
  "off_nadir_angle_max_dbl": 18.2434158325
}