{
  "img_filename": "golf_course_125_5_msrgb.jpg",
  "bounding_boxes": [
    {
      "category": "golf_course",
      "ID": 21426,
      "visible": "True",
      "box": [
        12,
        5,
        240,
        200
      ]
    }
  ],
  "gsd": 1.92254805565,
  "img_width": 261,
  "img_height": 223,
  "mean_pixel_height": 1.7180184753358e-05,
  "mean_pixel_width": 1.7209103448247e-05,
  "utm": "50J",
  "country_code": "AUS",
  "cloud_cover": 0,
  "timestamp": "2016-02-11T02:16:48Z",
  "scan_direction": "Reverse",
  "approximate_wavelengths": [
    661,
    545,
    477
  ],
  "pan_resolution_dbl": 0.482077896595,
  "pan_resolution_start_dbl": 0.486317276955,
  "pan_resolution_end_dbl": 0.478675276041,
  "pan_resolution_min_dbl": 0.478675276041,
  "pan_resolution_max_dbl": 0.486317276955,
  "multi_resolution_dbl": 1.92254805565,
  "multi_resolution_start_dbl": 1.93955767155,
  "multi_resolution_end_dbl": 1.90920495987,
  "multi_resolution_min_dbl": 1.90920495987,
  "multi_resolution_max_dbl": 1.93955767155,
  "target_azimuth_dbl": 340.406524658,
  "target_azimuth_start_dbl": 339.245574951,
  "target_azimuth_end_dbl": 341.704986572,
  "target_azimuth_min_dbl": 339.245574951,
  "target_azimuth_max_dbl": 341.704986572,
  "sun_azimuth_dbl": 68.3437805176,
  "sun_azimuth_min_dbl": 68.3437805176,
  "sun_azimuth_max_dbl": 68.3437805176,
  "sun_elevation_dbl": 55.0435142517,
  "sun_elevation_min_dbl": 55.0435142517,
  "sun_elevation_max_dbl": 55.0435142517,
  "off_nadir_angle_dbl": 9.81968975067,
  "off_nadir_angle_start_dbl": 11.4297971725,
  "off_nadir_angle_end_dbl": 8.38558673859,
  "off_nadir_angle_min_dbl": 8.38558673859,
  "off_nadir_angle_max_dbl": 11.4297971725
}