{
  "img_filename": "golf_course_125_19_msrgb.jpg",
  "bounding_boxes": [
    {
      "category": "golf_course",
      "ID": 21426,
      "visible": "True",
      "box": [
        14,
        5,
        290,
        241
      ]
    }
  ],
  "gsd": 1.61008429527,
  "img_width": 314,
  "img_height": 268,
  "mean_pixel_height": 1.4300619302037e-05,
  "mean_pixel_width": 1.4300619302054e-05,
  "utm": "50J",
  "country_code": "AUS",
  "cloud_cover": 0,
  "timestamp": "2016-07-20T02:52:12Z",
  "scan_direction": "Reverse",
  "approximate_wavelengths": [
    661,
    545,
    477
  ],
  "pan_resolution_dbl": 0.402700841427,
  "pan_resolution_start_dbl": 0.398706406355,
  "pan_resolution_end_dbl": 0.406366586685,
  "pan_resolution_min_dbl": 0.398706406355,
  "pan_resolution_max_dbl": 0.406366586685,
  "multi_resolution_dbl": 1.61008429527,
  "multi_resolution_start_dbl": 1.59414052963,
  "multi_resolution_end_dbl": 1.62471330166,
  "multi_resolution_min_dbl": 1.59414052963,
  "multi_resolution_max_dbl": 1.62471330166,
  "target_azimuth_dbl": 151.499206543,
  "target_azimuth_start_dbl": 151.757278442,
  "target_azimuth_end_dbl": 151.280914307,
  "target_azimuth_min_dbl": 151.280914307,
  "target_azimuth_max_dbl": 151.757278442,
  "sun_azimuth_dbl": 25.5380516052,
  "sun_azimuth_min_dbl": 25.4487075806,
  "sun_azimuth_max_dbl": 25.6355953217,
  "sun_elevation_dbl": 33.2488822937,
  "sun_elevation_min_dbl": 33.0167427063,
  "sun_elevation_max_dbl": 33.5002326965,
  "off_nadir_angle_dbl": 29.5173110962,
  "off_nadir_angle_start_dbl": 29.0250530243,
  "off_nadir_angle_end_dbl": 29.975194931,
  "off_nadir_angle_min_dbl": 29.0250530243,
  "off_nadir_angle_max_dbl": 29.975194931
}