{
  "img_filename": "golf_course_125_6_msrgb.jpg",
  "bounding_boxes": [
    {
      "category": "golf_course",
      "ID": 21426,
      "visible": "True",
      "box": [
        9,
        4,
        196,
        163
      ]
    }
  ],
  "gsd": 2.35064411163,
  "img_width": 213,
  "img_height": 182,
  "mean_pixel_height": 2.105044615384e-05,
  "mean_pixel_width": 2.108721126757e-05,
  "utm": "50J",
  "country_code": "AUS",
  "cloud_cover": 0,
  "timestamp": "2016-04-02T02:36:03Z",
  "scan_direction": "Reverse",
  "approximate_wavelengths": [
    661,
    545,
    477
  ],
  "pan_resolution_dbl": 0.588055551052,
  "pan_resolution_start_dbl": 0.587926983833,
  "pan_resolution_end_dbl": 0.588617503643,
  "pan_resolution_min_dbl": 0.587776422501,
  "pan_resolution_max_dbl": 0.588617503643,
  "multi_resolution_dbl": 2.35064411163,
  "multi_resolution_start_dbl": 2.3506963253,
  "multi_resolution_end_dbl": 2.35332965851,
  "multi_resolution_min_dbl": 2.34925150871,
  "multi_resolution_max_dbl": 2.35332965851,
  "target_azimuth_dbl": 77.3442459106,
  "target_azimuth_start_dbl": 73.6551895142,
  "target_azimuth_end_dbl": 80.4491043091,
  "target_azimuth_min_dbl": 73.6551895142,
  "target_azimuth_max_dbl": 80.4491043091,
  "sun_azimuth_dbl": 38.3768196106,
  "sun_azimuth_min_dbl": 38.0426063538,
  "sun_azimuth_max_dbl": 38.7770385742,
  "sun_elevation_dbl": 45.4238357544,
  "sun_elevation_min_dbl": 45.0480155945,
  "sun_elevation_max_dbl": 45.8668212891,
  "off_nadir_angle_dbl": 28.0277900696,
  "off_nadir_angle_start_dbl": 28.0204544067,
  "off_nadir_angle_end_dbl": 28.0760116577,
  "off_nadir_angle_min_dbl": 28.0040245056,
  "off_nadir_angle_max_dbl": 28.0760116577
}