{
  "img_filename": "golf_course_125_14_rgb.jpg",
  "bounding_boxes": [
    {
      "category": "golf_course",
      "ID": 21426,
      "visible": "True",
      "box": [
        45,
        18,
        907,
        755
      ]
    }
  ],
  "gsd": 0.497649878263,
  "img_width": 982,
  "img_height": 838,
  "mean_pixel_height": 4.57302532621e-06,
  "mean_pixel_width": 4.573025326215e-06,
  "utm": "50J",
  "country_code": "AUS",
  "cloud_cover": 0,
  "timestamp": "2016-09-13T02:36:54Z",
  "scan_direction": "Reverse",
  "approximate_wavelengths": [
    661,
    545,
    477
  ],
  "pan_resolution_dbl": 0.497649878263,
  "pan_resolution_start_dbl": 0.498366743326,
  "pan_resolution_end_dbl": 0.497613549232,
  "pan_resolution_min_dbl": 0.497093588114,
  "pan_resolution_max_dbl": 0.498366743326,
  "multi_resolution_dbl": 1.99119675159,
  "multi_resolution_start_dbl": 1.99403476715,
  "multi_resolution_end_dbl": 1.99115252495,
  "multi_resolution_min_dbl": 1.98895943165,
  "multi_resolution_max_dbl": 1.99403476715,
  "target_azimuth_dbl": 135.434661865,
  "target_azimuth_start_dbl": 137.910140991,
  "target_azimuth_end_dbl": 132.970153809,
  "target_azimuth_min_dbl": 132.970153809,
  "target_azimuth_max_dbl": 137.910140991,
  "sun_azimuth_dbl": 37.056854248,
  "sun_azimuth_min_dbl": 36.8373069763,
  "sun_azimuth_max_dbl": 37.2818489075,
  "sun_elevation_dbl": 48.1101837158,
  "sun_elevation_min_dbl": 47.9020805359,
  "sun_elevation_max_dbl": 48.321975708,
  "off_nadir_angle_dbl": 24.4334964752,
  "off_nadir_angle_start_dbl": 24.5603065491,
  "off_nadir_angle_end_dbl": 24.3260822296,
  "off_nadir_angle_min_dbl": 24.3260822296,
  "off_nadir_angle_max_dbl": 24.5603065491
}