{
  "img_filename": "crop_field_1080_2_rgb.jpg",
  "bounding_boxes": [
    {
      "category": "crop_field",
      "ID": 24370,
      "visible": "True",
      "box": [
        356,
        312,
        299,
        143
      ]
    }
  ],
  "gsd": 0.530278384686,
  "img_width": 932,
  "img_height": 660,
  "mean_pixel_height": 4.823672727275e-06,
  "mean_pixel_width": 4.819287982834e-06,
  "utm": "32T",
  "country_code": "ITA",
  "cloud_cover": 0,
  "timestamp": "2015-08-10T10:34:19Z",
  "scan_direction": "Forward",
  "approximate_wavelengths": [
    661,
    545,
    477
  ],
  "pan_resolution_dbl": 0.530278384686,
  "pan_resolution_start_dbl": 0.52415895462,
  "pan_resolution_end_dbl": 0.536844730377,
  "pan_resolution_min_dbl": 0.52415895462,
  "pan_resolution_max_dbl": 0.536844730377,
  "multi_resolution_dbl": 2.12602949142,
  "multi_resolution_start_dbl": 2.10152578354,
  "multi_resolution_end_dbl": 2.15260124207,
  "multi_resolution_min_dbl": 2.10152578354,
  "multi_resolution_max_dbl": 2.15260124207,
  "target_azimuth_dbl": 95.273399353,
  "target_azimuth_start_dbl": 91.5372543335,
  "target_azimuth_end_dbl": 98.8115158081,
  "target_azimuth_min_dbl": 91.5372543335,
  "target_azimuth_max_dbl": 98.8115158081,
  "sun_azimuth_dbl": 159.453231812,
  "sun_azimuth_min_dbl": 159.178833008,
  "sun_azimuth_max_dbl": 159.719741821,
  "sun_elevation_dbl": 58.9046020508,
  "sun_elevation_min_dbl": 58.3846244812,
  "sun_elevation_max_dbl": 59.4216575623,
  "off_nadir_angle_dbl": 21.7433547974,
  "off_nadir_angle_start_dbl": 20.8124790192,
  "off_nadir_angle_end_dbl": 22.7101783752,
  "off_nadir_angle_min_dbl": 20.8124790192,
  "off_nadir_angle_max_dbl": 22.7101783752
}