{
  "img_filename": "crop_field_1095_0_rgb.jpg",
  "bounding_boxes": [
    {
      "category": "crop_field",
      "ID": 24800,
      "visible": "True",
      "box": [
        307,
        149,
        353,
        439
      ]
    }
  ],
  "gsd": 0.517213881016,
  "img_width": 966,
  "img_height": 719,
  "mean_pixel_height": 4.648093324061e-06,
  "mean_pixel_width": 4.649665010351e-06,
  "utm": "35T",
  "country_code": "BGR",
  "cloud_cover": 0,
  "timestamp": "2015-07-13T09:27:17Z",
  "scan_direction": "Forward",
  "approximate_wavelengths": [
    661,
    545,
    477
  ],
  "pan_resolution_dbl": 0.517213881016,
  "pan_resolution_start_dbl": 0.520101666451,
  "pan_resolution_end_dbl": 0.514873921871,
  "pan_resolution_min_dbl": 0.514873921871,
  "pan_resolution_max_dbl": 0.520101666451,
  "multi_resolution_dbl": 2.07135272026,
  "multi_resolution_start_dbl": 2.08265972137,
  "multi_resolution_end_dbl": 2.06208276749,
  "multi_resolution_min_dbl": 2.06208276749,
  "multi_resolution_max_dbl": 2.08265972137,
  "target_azimuth_dbl": 14.891919136,
  "target_azimuth_start_dbl": 13.7698888779,
  "target_azimuth_end_dbl": 15.8571472168,
  "target_azimuth_min_dbl": 13.7698888779,
  "target_azimuth_max_dbl": 15.8571472168,
  "sun_azimuth_dbl": 142.677597046,
  "sun_azimuth_min_dbl": 142.459625244,
  "sun_azimuth_max_dbl": 142.930603027,
  "sun_elevation_dbl": 66.0060348511,
  "sun_elevation_min_dbl": 65.8439712524,
  "sun_elevation_max_dbl": 66.1430358887,
  "off_nadir_angle_dbl": 19.5987319946,
  "off_nadir_angle_start_dbl": 20.0727462769,
  "off_nadir_angle_end_dbl": 19.2040100098,
  "off_nadir_angle_min_dbl": 19.2040100098,
  "off_nadir_angle_max_dbl": 20.0727462769
}