{
  "img_filename": "crop_field_1129_6_rgb.jpg",
  "bounding_boxes": [
    {
      "category": "crop_field",
      "ID": 25408,
      "visible": "True",
      "box": [
        196,
        351,
        330,
        188
      ]
    }
  ],
  "gsd": 0.444671779871,
  "img_width": 964,
  "img_height": 955,
  "mean_pixel_height": 4.6622193089e-06,
  "mean_pixel_width": 4.659311618257e-06,
  "utm": "16P",
  "country_code": "CRI",
  "cloud_cover": 0,
  "timestamp": "2016-01-13T16:20:13Z",
  "scan_direction": "Reverse",
  "approximate_wavelengths": [
    661,
    545,
    477
  ],
  "pan_resolution_dbl": 0.444671779871,
  "pan_resolution_start_dbl": 0.439722061157,
  "pan_resolution_end_dbl": 0.450191140175,
  "pan_resolution_min_dbl": 0.439722061157,
  "pan_resolution_max_dbl": 0.450191140175,
  "multi_resolution_dbl": 1.77963805199,
  "multi_resolution_start_dbl": 1.76009976864,
  "multi_resolution_end_dbl": 1.80141377449,
  "multi_resolution_min_dbl": 1.76009976864,
  "multi_resolution_max_dbl": 1.80141377449,
  "target_azimuth_dbl": 70.9649200439,
  "target_azimuth_start_dbl": 79.9818191528,
  "target_azimuth_end_dbl": 63.106262207,
  "target_azimuth_min_dbl": 63.106262207,
  "target_azimuth_max_dbl": 79.9818191528,
  "sun_azimuth_dbl": 146.621994019,
  "sun_azimuth_min_dbl": 146.513458252,
  "sun_azimuth_max_dbl": 146.720703125,
  "sun_elevation_dbl": 52.353012085,
  "sun_elevation_min_dbl": 52.2600440979,
  "sun_elevation_max_dbl": 52.4512786865,
  "off_nadir_angle_dbl": 17.6488609314,
  "off_nadir_angle_start_dbl": 16.5249118805,
  "off_nadir_angle_end_dbl": 18.8614368439,
  "off_nadir_angle_min_dbl": 16.5249118805,
  "off_nadir_angle_max_dbl": 18.8614368439
}