{
  "img_filename": "crop_field_1013_4_msrgb.jpg",
  "bounding_boxes": [
    {
      "category": "crop_field",
      "ID": 22974,
      "visible": "True",
      "box": [
        51,
        108,
        226,
        46
      ]
    }
  ],
  "gsd": 1.60402929783,
  "img_width": 313,
  "img_height": 259,
  "mean_pixel_height": 1.4332711969113e-05,
  "mean_pixel_width": 1.4350084345046e-05,
  "utm": "37S",
  "country_code": "SYR",
  "cloud_cover": 0,
  "timestamp": "2016-04-02T08:29:57Z",
  "scan_direction": "Forward",
  "approximate_wavelengths": [
    661,
    545,
    477
  ],
  "pan_resolution_dbl": 0.400726467371,
  "pan_resolution_start_dbl": 0.40020725131,
  "pan_resolution_end_dbl": 0.402103275061,
  "pan_resolution_min_dbl": 0.400186479092,
  "pan_resolution_max_dbl": 0.402103275061,
  "multi_resolution_dbl": 1.60402929783,
  "multi_resolution_start_dbl": 1.60294735432,
  "multi_resolution_end_dbl": 1.60947477818,
  "multi_resolution_min_dbl": 1.60178935528,
  "multi_resolution_max_dbl": 1.60947477818,
  "target_azimuth_dbl": 219.563659668,
  "target_azimuth_start_dbl": 224.253707886,
  "target_azimuth_end_dbl": 215.078842163,
  "target_azimuth_min_dbl": 215.078842163,
  "target_azimuth_max_dbl": 224.253707886,
  "sun_azimuth_dbl": 147.67767334,
  "sun_azimuth_min_dbl": 146.850891113,
  "sun_azimuth_max_dbl": 148.509567261,
  "sun_elevation_dbl": 57.6133155823,
  "sun_elevation_min_dbl": 56.6152076721,
  "sun_elevation_max_dbl": 58.5524368286,
  "off_nadir_angle_dbl": 30.1841583252,
  "off_nadir_angle_start_dbl": 30.1351318359,
  "off_nadir_angle_end_dbl": 30.381313324,
  "off_nadir_angle_min_dbl": 30.1055927277,
  "off_nadir_angle_max_dbl": 30.381313324
}