{
  "img_filename": "crop_field_1013_5_msrgb.jpg",
  "bounding_boxes": [
    {
      "category": "crop_field",
      "ID": 22974,
      "visible": "True",
      "box": [
        41,
        86,
        180,
        38
      ]
    }
  ],
  "gsd": 1.68405878544,
  "img_width": 250,
  "img_height": 207,
  "mean_pixel_height": 1.7933200000001e-05,
  "mean_pixel_width": 1.7966305599998e-05,
  "utm": "37S",
  "country_code": "SYR",
  "cloud_cover": 1,
  "timestamp": "2016-03-03T08:28:42Z",
  "scan_direction": "Forward",
  "approximate_wavelengths": [
    661,
    545,
    477
  ],
  "pan_resolution_dbl": 0.420896500349,
  "pan_resolution_start_dbl": 0.421043395996,
  "pan_resolution_end_dbl": 0.420756608248,
  "pan_resolution_min_dbl": 0.420756608248,
  "pan_resolution_max_dbl": 0.421043395996,
  "multi_resolution_dbl": 1.68405878544,
  "multi_resolution_start_dbl": 1.68463408947,
  "multi_resolution_end_dbl": 1.68351125717,
  "multi_resolution_min_dbl": 1.68351125717,
  "multi_resolution_max_dbl": 1.68463408947,
  "target_azimuth_dbl": 139.355209351,
  "target_azimuth_start_dbl": 141.765975952,
  "target_azimuth_end_dbl": 136.922454834,
  "target_azimuth_min_dbl": 136.922454834,
  "target_azimuth_max_dbl": 141.765975952,
  "sun_azimuth_dbl": 152.640060425,
  "sun_azimuth_min_dbl": 152.62461853,
  "sun_azimuth_max_dbl": 152.655487061,
  "sun_elevation_dbl": 45.1660957336,
  "sun_elevation_min_dbl": 45.121383667,
  "sun_elevation_max_dbl": 45.2108039856,
  "off_nadir_angle_dbl": 7.0614490509,
  "off_nadir_angle_start_dbl": 7.15434837341,
  "off_nadir_angle_end_dbl": 6.97257995605,
  "off_nadir_angle_min_dbl": 6.97257995605,
  "off_nadir_angle_max_dbl": 7.15434837341
}