{
  "img_filename": "crop_field_1013_1_rgb.jpg",
  "bounding_boxes": [
    {
      "category": "crop_field",
      "ID": 22974,
      "visible": "True",
      "box": [
        178,
        372,
        773,
        161
      ]
    }
  ],
  "gsd": 0.464457392693,
  "img_width": 1071,
  "img_height": 885,
  "mean_pixel_height": 4.194545084746e-06,
  "mean_pixel_width": 4.193815499533e-06,
  "utm": "37S",
  "country_code": "SYR",
  "cloud_cover": 0,
  "timestamp": "2012-05-31T08:49:52Z",
  "scan_direction": "Forward",
  "approximate_wavelengths": [
    661,
    545,
    477
  ],
  "pan_resolution_dbl": 0.464457392693,
  "pan_resolution_start_dbl": 0.463756799698,
  "pan_resolution_end_dbl": 0.465360164642,
  "pan_resolution_min_dbl": 0.463756799698,
  "pan_resolution_max_dbl": 0.465360164642,
  "multi_resolution_dbl": 1.8620595932,
  "multi_resolution_start_dbl": 1.85950171947,
  "multi_resolution_end_dbl": 1.86572420597,
  "multi_resolution_min_dbl": 1.85950171947,
  "multi_resolution_max_dbl": 1.86572420597,
  "target_azimuth_dbl": 101.820854187,
  "target_azimuth_start_dbl": 81.7399139404,
  "target_azimuth_end_dbl": 115.913909912,
  "target_azimuth_min_dbl": 81.7399139404,
  "target_azimuth_max_dbl": 115.913909912,
  "sun_azimuth_dbl": 142.02180481,
  "sun_azimuth_min_dbl": 140.999282837,
  "sun_azimuth_max_dbl": 143.036346436,
  "sun_elevation_dbl": 74.4645690918,
  "sun_elevation_min_dbl": 74.0572967529,
  "sun_elevation_max_dbl": 74.8585510254,
  "off_nadir_angle_dbl": 3.54035568237,
  "off_nadir_angle_start_dbl": 2.69257950783,
  "off_nadir_angle_end_dbl": 4.55018520355,
  "off_nadir_angle_min_dbl": 2.69257950783,
  "off_nadir_angle_max_dbl": 4.55018520355
}