{
  "img_filename": "crop_field_1013_0_msrgb.jpg",
  "bounding_boxes": [
    {
      "category": "crop_field",
      "ID": 22974,
      "visible": "True",
      "box": [
        42,
        87,
        182,
        38
      ]
    }
  ],
  "gsd": 1.97786855698,
  "img_width": 253,
  "img_height": 209,
  "mean_pixel_height": 1.7761590430623e-05,
  "mean_pixel_width": 1.775326640316e-05,
  "utm": "37S",
  "country_code": "SYR",
  "cloud_cover": 0,
  "timestamp": "2010-06-29T08:27:21Z",
  "scan_direction": "Forward",
  "approximate_wavelengths": [
    661,
    545,
    477
  ],
  "pan_resolution_dbl": 0.493230909109,
  "pan_resolution_start_dbl": 0.493566095829,
  "pan_resolution_end_dbl": 0.492986053228,
  "pan_resolution_min_dbl": 0.492986053228,
  "pan_resolution_max_dbl": 0.493566095829,
  "multi_resolution_dbl": 1.97786855698,
  "multi_resolution_start_dbl": 1.97925448418,
  "multi_resolution_end_dbl": 1.97691011429,
  "multi_resolution_min_dbl": 1.97691011429,
  "multi_resolution_max_dbl": 1.97925448418,
  "target_azimuth_dbl": 251.293502808,
  "target_azimuth_start_dbl": 254.277481079,
  "target_azimuth_end_dbl": 248.427032471,
  "target_azimuth_min_dbl": 248.427032471,
  "target_azimuth_max_dbl": 254.277481079,
  "sun_azimuth_dbl": 122.243141174,
  "sun_azimuth_min_dbl": 121.612861633,
  "sun_azimuth_max_dbl": 122.896728516,
  "sun_elevation_dbl": 71.0718612671,
  "sun_elevation_min_dbl": 70.9139556885,
  "sun_elevation_max_dbl": 71.2211532593,
  "off_nadir_angle_dbl": 15.1435918808,
  "off_nadir_angle_start_dbl": 15.2211418152,
  "off_nadir_angle_end_dbl": 15.0910520554,
  "off_nadir_angle_min_dbl": 15.0910520554,
  "off_nadir_angle_max_dbl": 15.2211418152
}