{
  "img_filename": "crop_field_1022_5_rgb.jpg",
  "bounding_boxes": [
    {
      "category": "crop_field",
      "ID": 23213,
      "visible": "True",
      "box": [
        210,
        94,
        667,
        488
      ]
    }
  ],
  "gsd": 0.554291427135,
  "img_width": 879,
  "img_height": 585,
  "mean_pixel_height": 5.107846837611e-06,
  "mean_pixel_width": 5.109870784983e-06,
  "utm": "31U",
  "country_code": "FRA",
  "cloud_cover": 41,
  "timestamp": "2015-09-03T10:50:32Z",
  "scan_direction": "Forward",
  "approximate_wavelengths": [
    661,
    545,
    477
  ],
  "pan_resolution_dbl": 0.554291427135,
  "pan_resolution_start_dbl": 0.56980407238,
  "pan_resolution_end_dbl": 0.541643321514,
  "pan_resolution_min_dbl": 0.541643321514,
  "pan_resolution_max_dbl": 0.56980407238,
  "multi_resolution_dbl": 2.21965479851,
  "multi_resolution_start_dbl": 2.28125023842,
  "multi_resolution_end_dbl": 2.16926932335,
  "multi_resolution_min_dbl": 2.16926932335,
  "multi_resolution_max_dbl": 2.28125023842,
  "target_azimuth_dbl": 343.779296875,
  "target_azimuth_start_dbl": 343.887390137,
  "target_azimuth_end_dbl": 343.735870361,
  "target_azimuth_min_dbl": 343.734069824,
  "target_azimuth_max_dbl": 343.887390137,
  "sun_azimuth_dbl": 157.208999634,
  "sun_azimuth_min_dbl": 157.016815186,
  "sun_azimuth_max_dbl": 157.425811768,
  "sun_elevation_dbl": 47.7946357727,
  "sun_elevation_min_dbl": 47.2438583374,
  "sun_elevation_max_dbl": 48.2751541138,
  "off_nadir_angle_dbl": 24.7517585754,
  "off_nadir_angle_start_dbl": 26.5046768188,
  "off_nadir_angle_end_dbl": 23.2213802338,
  "off_nadir_angle_min_dbl": 23.2213802338,
  "off_nadir_angle_max_dbl": 26.5046768188
}