{
  "img_filename": "golf_course_157_8_rgb.jpg",
  "bounding_boxes": [
    {
      "category": "golf_course",
      "ID": 27846,
      "visible": "True",
      "box": [
        256,
        187,
        1325,
        915
      ]
    }
  ],
  "gsd": 0.31355664134,
  "img_width": 1598,
  "img_height": 1372,
  "mean_pixel_height": 2.811092492712e-06,
  "mean_pixel_width": 2.81074843554e-06,
  "utm": "51R",
  "country_code": "CHN",
  "cloud_cover": 22,
  "timestamp": "2016-09-21T02:57:08Z",
  "scan_direction": "Reverse",
  "approximate_wavelengths": [
    661,
    545,
    477
  ],
  "pan_resolution_dbl": 0.31355664134,
  "pan_resolution_start_dbl": 0.313203573227,
  "pan_resolution_end_dbl": 0.314051508904,
  "pan_resolution_min_dbl": 0.313203573227,
  "pan_resolution_max_dbl": 0.314051508904,
  "multi_resolution_dbl": 1.25418794155,
  "multi_resolution_start_dbl": 1.2528938055,
  "multi_resolution_end_dbl": 1.25604903698,
  "multi_resolution_min_dbl": 1.2528938055,
  "multi_resolution_max_dbl": 1.25604903698,
  "target_azimuth_dbl": 285.130584717,
  "target_azimuth_start_dbl": 273.14743042,
  "target_azimuth_end_dbl": 296.866973877,
  "target_azimuth_min_dbl": 273.14743042,
  "target_azimuth_max_dbl": 296.866973877,
  "sun_azimuth_dbl": 156.55116272,
  "sun_azimuth_min_dbl": 156.498001099,
  "sun_azimuth_max_dbl": 156.604232788,
  "sun_elevation_dbl": 57.2960357666,
  "sun_elevation_min_dbl": 57.2328414917,
  "sun_elevation_max_dbl": 57.3591957092,
  "off_nadir_angle_dbl": 7.29867887497,
  "off_nadir_angle_start_dbl": 7.1300535202,
  "off_nadir_angle_end_dbl": 7.57077884674,
  "off_nadir_angle_min_dbl": 7.1300535202,
  "off_nadir_angle_max_dbl": 7.57077884674
}