{
  "img_filename": "golf_course_157_2_rgb.jpg",
  "bounding_boxes": [
    {
      "category": "golf_course",
      "ID": 27846,
      "visible": "True",
      "box": [
        115,
        84,
        592,
        409
      ]
    }
  ],
  "gsd": 0.697626173496,
  "img_width": 714,
  "img_height": 613,
  "mean_pixel_height": 6.291711092987e-06,
  "mean_pixel_width": 6.290722689065e-06,
  "utm": "51R",
  "country_code": "CHN",
  "cloud_cover": 3,
  "timestamp": "2014-10-02T02:37:37Z",
  "scan_direction": "Forward",
  "approximate_wavelengths": [
    661,
    545,
    477
  ],
  "pan_resolution_dbl": 0.697626173496,
  "pan_resolution_start_dbl": 0.697835803032,
  "pan_resolution_end_dbl": 0.69949233532,
  "pan_resolution_min_dbl": 0.69645357132,
  "pan_resolution_max_dbl": 0.69949233532,
  "multi_resolution_dbl": 2.80763220787,
  "multi_resolution_start_dbl": 2.79975318909,
  "multi_resolution_end_dbl": 2.81509137154,
  "multi_resolution_min_dbl": 2.79975318909,
  "multi_resolution_max_dbl": 2.81509137154,
  "target_azimuth_dbl": 240.323959351,
  "target_azimuth_start_dbl": 240.91633606,
  "target_azimuth_end_dbl": 239.773666382,
  "target_azimuth_min_dbl": 239.773666382,
  "target_azimuth_max_dbl": 240.91633606,
  "sun_azimuth_dbl": 152.547622681,
  "sun_azimuth_min_dbl": 152.488861084,
  "sun_azimuth_max_dbl": 152.610595703,
  "sun_elevation_dbl": 51.9293327332,
  "sun_elevation_min_dbl": 51.8227577209,
  "sun_elevation_max_dbl": 52.0285491943,
  "off_nadir_angle_dbl": 36.4420280457,
  "off_nadir_angle_start_dbl": 36.3430709839,
  "off_nadir_angle_end_dbl": 36.5353927612,
  "off_nadir_angle_min_dbl": 36.3430709839,
  "off_nadir_angle_max_dbl": 36.5353927612
}