{
  "img_filename": "golf_course_157_7_msrgb.jpg",
  "bounding_boxes": [
    {
      "category": "golf_course",
      "ID": 27846,
      "visible": "True",
      "box": [
        59,
        43,
        306,
        211
      ]
    }
  ],
  "gsd": 1.35296964645,
  "img_width": 369,
  "img_height": 317,
  "mean_pixel_height": 1.216662113565e-05,
  "mean_pixel_width": 1.2172292682906e-05,
  "utm": "51R",
  "country_code": "CHN",
  "cloud_cover": 0,
  "timestamp": "2016-07-21T02:51:57Z",
  "scan_direction": "Forward",
  "approximate_wavelengths": [
    661,
    545,
    477
  ],
  "pan_resolution_dbl": 0.338250041008,
  "pan_resolution_start_dbl": 0.339426666498,
  "pan_resolution_end_dbl": 0.337055653334,
  "pan_resolution_min_dbl": 0.337055653334,
  "pan_resolution_max_dbl": 0.339426666498,
  "multi_resolution_dbl": 1.35296964645,
  "multi_resolution_start_dbl": 1.35813963413,
  "multi_resolution_end_dbl": 1.34811663628,
  "multi_resolution_min_dbl": 1.34811663628,
  "multi_resolution_max_dbl": 1.35813963413,
  "target_azimuth_dbl": 313.214447021,
  "target_azimuth_start_dbl": 311.736236572,
  "target_azimuth_end_dbl": 314.448486328,
  "target_azimuth_min_dbl": 311.736236572,
  "target_azimuth_max_dbl": 314.448486328,
  "sun_azimuth_dbl": 120.353775024,
  "sun_azimuth_min_dbl": 119.697891235,
  "sun_azimuth_max_dbl": 121.159606934,
  "sun_elevation_dbl": 71.3868713379,
  "sun_elevation_min_dbl": 71.2005386353,
  "sun_elevation_max_dbl": 71.5354766846,
  "off_nadir_angle_dbl": 18.1846694946,
  "off_nadir_angle_start_dbl": 18.6271705627,
  "off_nadir_angle_end_dbl": 17.8333492279,
  "off_nadir_angle_min_dbl": 17.8333492279,
  "off_nadir_angle_max_dbl": 18.6271705627
}