{
  "img_filename": "crop_field_1000_4_msrgb.jpg",
  "bounding_boxes": [
    {
      "category": "crop_field",
      "ID": 22794,
      "visible": "True",
      "box": [
        81,
        66,
        62,
        76
      ]
    }
  ],
  "gsd": 2.09014964104,
  "img_width": 231,
  "img_height": 229,
  "mean_pixel_height": 1.9479431048037e-05,
  "mean_pixel_width": 1.9444053766234e-05,
  "utm": "31P",
  "country_code": "BEN",
  "cloud_cover": 0,
  "timestamp": "2014-12-12T10:23:34Z",
  "scan_direction": "Reverse",
  "approximate_wavelengths": [
    661,
    545,
    477
  ],
  "pan_resolution_dbl": 0.522326409817,
  "pan_resolution_start_dbl": 0.528866589069,
  "pan_resolution_end_dbl": 0.51728540659,
  "pan_resolution_min_dbl": 0.51728540659,
  "pan_resolution_max_dbl": 0.528866589069,
  "multi_resolution_dbl": 2.09014964104,
  "multi_resolution_start_dbl": 2.1163482666,
  "multi_resolution_end_dbl": 2.06995511055,
  "multi_resolution_min_dbl": 2.06995511055,
  "multi_resolution_max_dbl": 2.1163482666,
  "target_azimuth_dbl": 203.116867065,
  "target_azimuth_start_dbl": 201.149505615,
  "target_azimuth_end_dbl": 204.710922241,
  "target_azimuth_min_dbl": 201.149505615,
  "target_azimuth_max_dbl": 204.710922241,
  "sun_azimuth_dbl": 149.271057129,
  "sun_azimuth_min_dbl": 149.178710938,
  "sun_azimuth_max_dbl": 149.38772583,
  "sun_elevation_dbl": 52.2218132019,
  "sun_elevation_min_dbl": 52.184627533,
  "sun_elevation_max_dbl": 52.2689285278,
  "off_nadir_angle_dbl": 28.9822597504,
  "off_nadir_angle_start_dbl": 29.6749820709,
  "off_nadir_angle_end_dbl": 28.4386005402,
  "off_nadir_angle_min_dbl": 28.4386005402,
  "off_nadir_angle_max_dbl": 29.6749820709
}