{
  "img_filename": "golf_course_122_0_msrgb.jpg",
  "bounding_boxes": [
    {
      "category": "golf_course",
      "ID": 20864,
      "visible": "True",
      "box": [
        43,
        1,
        179,
        153
      ]
    }
  ],
  "gsd": 1.96608829498,
  "img_width": 254,
  "img_height": 163,
  "mean_pixel_height": 1.7633893251537e-05,
  "mean_pixel_width": 1.7683371771655e-05,
  "utm": "31U",
  "country_code": "BEL",
  "cloud_cover": 0,
  "timestamp": "2013-09-30T11:18:01Z",
  "scan_direction": "Forward",
  "approximate_wavelengths": [
    661,
    545,
    477
  ],
  "pan_resolution_dbl": 0.4905179739,
  "pan_resolution_start_dbl": 0.484680086374,
  "pan_resolution_end_dbl": 0.496393144131,
  "pan_resolution_min_dbl": 0.484680086374,
  "pan_resolution_max_dbl": 0.496393144131,
  "multi_resolution_dbl": 1.96608829498,
  "multi_resolution_start_dbl": 1.9424945116,
  "multi_resolution_end_dbl": 1.98982524872,
  "multi_resolution_min_dbl": 1.9424945116,
  "multi_resolution_max_dbl": 1.98982524872,
  "target_azimuth_dbl": 132.293487549,
  "target_azimuth_start_dbl": 130.268722534,
  "target_azimuth_end_dbl": 133.962463379,
  "target_azimuth_min_dbl": 130.268722534,
  "target_azimuth_max_dbl": 133.962463379,
  "sun_azimuth_dbl": 177.025085449,
  "sun_azimuth_min_dbl": 177.022598267,
  "sun_azimuth_max_dbl": 177.027252197,
  "sun_elevation_dbl": 36.7032814026,
  "sun_elevation_min_dbl": 36.1411476135,
  "sun_elevation_max_dbl": 37.2211456299,
  "off_nadir_angle_dbl": 13.8596658707,
  "off_nadir_angle_start_dbl": 12.211098671,
  "off_nadir_angle_end_dbl": 15.3852615356,
  "off_nadir_angle_min_dbl": 12.211098671,
  "off_nadir_angle_max_dbl": 15.3852615356
}