{
  "img_filename": "golf_course_116_9_rgb.jpg",
  "bounding_boxes": [
    {
      "category": "golf_course",
      "ID": 20111,
      "visible": "True",
      "box": [
        147,
        101,
        507,
        534
      ]
    }
  ],
  "gsd": 0.479523569345,
  "img_width": 975,
  "img_height": 640,
  "mean_pixel_height": 4.607336093754e-06,
  "mean_pixel_width": 4.606744615377e-06,
  "utm": "10U",
  "country_code": "CAN",
  "cloud_cover": 0,
  "timestamp": "2015-06-07T19:11:54Z",
  "scan_direction": "Reverse",
  "approximate_wavelengths": [
    661,
    545,
    477
  ],
  "pan_resolution_dbl": 0.479523569345,
  "pan_resolution_start_dbl": 0.456115752459,
  "pan_resolution_end_dbl": 0.504060566425,
  "pan_resolution_min_dbl": 0.456115752459,
  "pan_resolution_max_dbl": 0.504060566425,
  "multi_resolution_dbl": 1.91852760315,
  "multi_resolution_start_dbl": 1.82487773895,
  "multi_resolution_end_dbl": 2.01669621468,
  "multi_resolution_min_dbl": 1.82487773895,
  "multi_resolution_max_dbl": 2.01669621468,
  "target_azimuth_dbl": 329.300750732,
  "target_azimuth_start_dbl": 319.058105469,
  "target_azimuth_end_dbl": 336.667205811,
  "target_azimuth_min_dbl": 319.058105469,
  "target_azimuth_max_dbl": 336.667205811,
  "sun_azimuth_dbl": 150.504592896,
  "sun_azimuth_min_dbl": 150.211227417,
  "sun_azimuth_max_dbl": 150.767105103,
  "sun_elevation_dbl": 61.2460670471,
  "sun_elevation_min_dbl": 61.0403709412,
  "sun_elevation_max_dbl": 61.4746932983,
  "off_nadir_angle_dbl": 23.259683609,
  "off_nadir_angle_start_dbl": 19.4727172852,
  "off_nadir_angle_end_dbl": 26.7387886047,
  "off_nadir_angle_min_dbl": 19.4727172852,
  "off_nadir_angle_max_dbl": 26.7387886047
}