{
  "img_filename": "golf_course_116_3_msrgb.jpg",
  "bounding_boxes": [
    {
      "category": "golf_course",
      "ID": 20111,
      "visible": "True",
      "box": [
        37,
        24,
        125,
        132
      ]
    }
  ],
  "gsd": 2.92955231667,
  "img_width": 242,
  "img_height": 159,
  "mean_pixel_height": 1.8545252201273e-05,
  "mean_pixel_width": 1.8560231404927e-05,
  "utm": "10U",
  "country_code": "CAN",
  "cloud_cover": 7,
  "timestamp": "2013-11-25T19:24:08Z",
  "scan_direction": "Reverse",
  "approximate_wavelengths": [
    661,
    545,
    477
  ],
  "pan_resolution_dbl": 0.493487924337,
  "pan_resolution_start_dbl": 0.491891562939,
  "pan_resolution_end_dbl": 0.495868384838,
  "pan_resolution_min_dbl": 0.491891562939,
  "pan_resolution_max_dbl": 0.495868384838,
  "multi_resolution_dbl": 2.92955231667,
  "multi_resolution_start_dbl": 2.93583011627,
  "multi_resolution_end_dbl": 2.92447566986,
  "multi_resolution_min_dbl": 2.92447566986,
  "multi_resolution_max_dbl": 2.93583011627,
  "target_azimuth_dbl": 31.8170413971,
  "target_azimuth_start_dbl": 38.7717704773,
  "target_azimuth_end_dbl": 26.0457172394,
  "target_azimuth_min_dbl": 26.0457172394,
  "target_azimuth_max_dbl": 38.7717704773,
  "sun_azimuth_dbl": 171.400604248,
  "sun_azimuth_min_dbl": 170.997619629,
  "sun_azimuth_max_dbl": 171.880767822,
  "sun_elevation_dbl": 19.7084388733,
  "sun_elevation_min_dbl": 19.6663284302,
  "sun_elevation_max_dbl": 19.7570171356,
  "off_nadir_angle_dbl": 24.7605743408,
  "off_nadir_angle_start_dbl": 24.5307025909,
  "off_nadir_angle_end_dbl": 25.096282959,
  "off_nadir_angle_min_dbl": 24.5307025909,
  "off_nadir_angle_max_dbl": 25.096282959
}