{
  "img_filename": "golf_course_116_14_rgb.jpg",
  "bounding_boxes": [
    {
      "category": "golf_course",
      "ID": 20111,
      "visible": "True",
      "box": [
        148,
        102,
        513,
        539
      ]
    }
  ],
  "gsd": 0.43313267827,
  "img_width": 984,
  "img_height": 646,
  "mean_pixel_height": 4.564589753644e-06,
  "mean_pixel_width": 4.564589753647e-06,
  "utm": "10U",
  "country_code": "CAN",
  "cloud_cover": 25,
  "timestamp": "2013-11-25T19:23:05Z",
  "scan_direction": "Reverse",
  "approximate_wavelengths": [
    661,
    545,
    477
  ],
  "pan_resolution_dbl": 0.43313267827,
  "pan_resolution_start_dbl": 0.442485004663,
  "pan_resolution_end_dbl": 0.426496982574,
  "pan_resolution_min_dbl": 0.426496982574,
  "pan_resolution_max_dbl": 0.442485004663,
  "multi_resolution_dbl": 2.57743430138,
  "multi_resolution_start_dbl": 2.62796616554,
  "multi_resolution_end_dbl": 2.538834095,
  "multi_resolution_min_dbl": 2.538834095,
  "multi_resolution_max_dbl": 2.62796616554,
  "target_azimuth_dbl": 157.978469849,
  "target_azimuth_start_dbl": 152.78352356,
  "target_azimuth_end_dbl": 163.200424194,
  "target_azimuth_min_dbl": 152.78352356,
  "target_azimuth_max_dbl": 163.200424194,
  "sun_azimuth_dbl": 171.134368896,
  "sun_azimuth_min_dbl": 170.74848938,
  "sun_azimuth_max_dbl": 171.612854004,
  "sun_elevation_dbl": 19.6817321777,
  "sun_elevation_min_dbl": 19.6403923035,
  "sun_elevation_max_dbl": 19.7319564819,
  "off_nadir_angle_dbl": 12.7030849457,
  "off_nadir_angle_start_dbl": 15.6085557938,
  "off_nadir_angle_end_dbl": 10.3582639694,
  "off_nadir_angle_min_dbl": 10.3582639694,
  "off_nadir_angle_max_dbl": 15.6085557938
}