{
  "img_filename": "golf_course_116_16_msrgb.jpg",
  "bounding_boxes": [
    {
      "category": "golf_course",
      "ID": 20111,
      "visible": "True",
      "box": [
        37,
        26,
        130,
        136
      ]
    }
  ],
  "gsd": 1.99847364426,
  "img_width": 250,
  "img_height": 164,
  "mean_pixel_height": 1.7970379837637e-05,
  "mean_pixel_width": 1.7970379837664e-05,
  "utm": "10U",
  "country_code": "CAN",
  "cloud_cover": 0,
  "timestamp": "2011-06-05T19:51:17Z",
  "scan_direction": "Forward",
  "approximate_wavelengths": [
    661,
    545,
    477
  ],
  "pan_resolution_dbl": 0.498401284218,
  "pan_resolution_start_dbl": 0.496647596359,
  "pan_resolution_end_dbl": 0.499720185995,
  "pan_resolution_min_dbl": 0.496647596359,
  "pan_resolution_max_dbl": 0.499720185995,
  "multi_resolution_dbl": 1.99847364426,
  "multi_resolution_start_dbl": 1.9913380146,
  "multi_resolution_end_dbl": 2.00370931625,
  "multi_resolution_min_dbl": 1.9913380146,
  "multi_resolution_max_dbl": 2.00370931625,
  "target_azimuth_dbl": 106.974868774,
  "target_azimuth_start_dbl": 105.718338013,
  "target_azimuth_end_dbl": 107.861602783,
  "target_azimuth_min_dbl": 105.718338013,
  "target_azimuth_max_dbl": 107.861602783,
  "sun_azimuth_dbl": 169.818313599,
  "sun_azimuth_min_dbl": 169.787002563,
  "sun_azimuth_max_dbl": 169.860671997,
  "sun_elevation_dbl": 63.297088623,
  "sun_elevation_min_dbl": 63.1242332458,
  "sun_elevation_max_dbl": 63.4212913513,
  "off_nadir_angle_dbl": 15.9051113129,
  "off_nadir_angle_start_dbl": 15.4967851639,
  "off_nadir_angle_end_dbl": 16.2008018494,
  "off_nadir_angle_min_dbl": 15.4967851639,
  "off_nadir_angle_max_dbl": 16.2008018494
}