{
  "img_filename": "golf_course_116_19_rgb.jpg",
  "bounding_boxes": [
    {
      "category": "golf_course",
      "ID": 20111,
      "visible": "True",
      "box": [
        151,
        104,
        523,
        549
      ]
    }
  ],
  "gsd": 0.495723903179,
  "img_width": 1004,
  "img_height": 658,
  "mean_pixel_height": 4.475971614822e-06,
  "mean_pixel_width": 4.475971614823e-06,
  "utm": "10U",
  "country_code": "CAN",
  "cloud_cover": 0,
  "timestamp": "2010-05-14T19:40:55Z",
  "scan_direction": "Forward",
  "approximate_wavelengths": [
    661,
    545,
    477
  ],
  "pan_resolution_dbl": 0.495723903179,
  "pan_resolution_start_dbl": 0.494061440229,
  "pan_resolution_end_dbl": 0.496844530106,
  "pan_resolution_min_dbl": 0.494061440229,
  "pan_resolution_max_dbl": 0.496844530106,
  "multi_resolution_dbl": 1.98757612705,
  "multi_resolution_start_dbl": 1.98106479645,
  "multi_resolution_end_dbl": 1.99224948883,
  "multi_resolution_min_dbl": 1.98106479645,
  "multi_resolution_max_dbl": 1.99224948883,
  "target_azimuth_dbl": 107.081626892,
  "target_azimuth_start_dbl": 105.79839325,
  "target_azimuth_end_dbl": 107.968849182,
  "target_azimuth_min_dbl": 105.79839325,
  "target_azimuth_max_dbl": 107.968849182,
  "sun_azimuth_dbl": 166.980102539,
  "sun_azimuth_min_dbl": 166.945571899,
  "sun_azimuth_max_dbl": 167.028793335,
  "sun_elevation_dbl": 59.2463645935,
  "sun_elevation_min_dbl": 59.0800895691,
  "sun_elevation_max_dbl": 59.3634033203,
  "off_nadir_angle_dbl": 15.0579652786,
  "off_nadir_angle_start_dbl": 14.6596565247,
  "off_nadir_angle_end_dbl": 15.3403215408,
  "off_nadir_angle_min_dbl": 14.6596565247,
  "off_nadir_angle_max_dbl": 15.3403215408
}