{
  "img_filename": "golf_course_116_13_msrgb.jpg",
  "bounding_boxes": [
    {
      "category": "golf_course",
      "ID": 20111,
      "visible": "True",
      "box": [
        37,
        25,
        129,
        136
      ]
    }
  ],
  "gsd": 2.65650844574,
  "img_width": 248,
  "img_height": 164,
  "mean_pixel_height": 1.8071332127763e-05,
  "mean_pixel_width": 1.8071332127755e-05,
  "utm": "10U",
  "country_code": "CAN",
  "cloud_cover": 10,
  "timestamp": "2013-07-30T19:15:30Z",
  "scan_direction": "Reverse",
  "approximate_wavelengths": [
    661,
    545,
    477
  ],
  "pan_resolution_dbl": 0.440989196301,
  "pan_resolution_start_dbl": 0.417663455009,
  "pan_resolution_end_dbl": 0.469198077917,
  "pan_resolution_min_dbl": 0.417663455009,
  "pan_resolution_max_dbl": 0.469198077917,
  "multi_resolution_dbl": 2.65650844574,
  "multi_resolution_start_dbl": 2.4984357357,
  "multi_resolution_end_dbl": 2.84579825401,
  "multi_resolution_min_dbl": 2.4984357357,
  "multi_resolution_max_dbl": 2.84579825401,
  "target_azimuth_dbl": 359.032836914,
  "target_azimuth_start_dbl": 350.112182617,
  "target_azimuth_end_dbl": 2.30155658722,
  "target_azimuth_min_dbl": 0.463760972023,
  "target_azimuth_max_dbl": 359.959747314,
  "sun_azimuth_dbl": 152.122314453,
  "sun_azimuth_min_dbl": 151.674743652,
  "sun_azimuth_max_dbl": 152.504638672,
  "sun_elevation_dbl": 56.4689483643,
  "sun_elevation_min_dbl": 56.0445556641,
  "sun_elevation_max_dbl": 56.9538230896,
  "off_nadir_angle_dbl": 14.1118888855,
  "off_nadir_angle_start_dbl": 5.50165176392,
  "off_nadir_angle_end_dbl": 21.186548233,
  "off_nadir_angle_min_dbl": 5.50165176392,
  "off_nadir_angle_max_dbl": 21.186548233
}