{
  "img_filename": "golf_course_116_11_msrgb.jpg",
  "bounding_boxes": [
    {
      "category": "golf_course",
      "ID": 20111,
      "visible": "True",
      "box": [
        35,
        24,
        122,
        128
      ]
    }
  ],
  "gsd": 1.91995561123,
  "img_width": 234,
  "img_height": 154,
  "mean_pixel_height": 1.9180456509225e-05,
  "mean_pixel_width": 1.9180456509214e-05,
  "utm": "10U",
  "country_code": "CAN",
  "cloud_cover": 4,
  "timestamp": "2012-03-15T19:26:16Z",
  "scan_direction": "Reverse",
  "approximate_wavelengths": [
    661,
    545,
    477
  ],
  "pan_resolution_dbl": 0.479829519987,
  "pan_resolution_start_dbl": 0.495857805014,
  "pan_resolution_end_dbl": 0.465363711119,
  "pan_resolution_min_dbl": 0.465363711119,
  "pan_resolution_max_dbl": 0.495857805014,
  "multi_resolution_dbl": 1.91995561123,
  "multi_resolution_start_dbl": 1.98414862156,
  "multi_resolution_end_dbl": 1.86201882362,
  "multi_resolution_min_dbl": 1.86201882362,
  "multi_resolution_max_dbl": 1.98414862156,
  "target_azimuth_dbl": 159.145217896,
  "target_azimuth_start_dbl": 159.031280518,
  "target_azimuth_end_dbl": 159.230895996,
  "target_azimuth_min_dbl": 159.031280518,
  "target_azimuth_max_dbl": 159.230895996,
  "sun_azimuth_dbl": 162.339874268,
  "sun_azimuth_min_dbl": 162.010177612,
  "sun_azimuth_max_dbl": 162.68812561,
  "sun_elevation_dbl": 37.9052047729,
  "sun_elevation_min_dbl": 37.8513717651,
  "sun_elevation_max_dbl": 37.9616394043,
  "off_nadir_angle_dbl": 23.8863964081,
  "off_nadir_angle_start_dbl": 26.1676807404,
  "off_nadir_angle_end_dbl": 21.6510658264,
  "off_nadir_angle_min_dbl": 21.6510658264,
  "off_nadir_angle_max_dbl": 26.1676807404
}