{
  "img_filename": "golf_course_116_0_rgb.jpg",
  "bounding_boxes": [
    {
      "category": "golf_course",
      "ID": 20111,
      "visible": "True",
      "box": [
        151,
        105,
        520,
        546
      ]
    }
  ],
  "gsd": 0.422707498074,
  "img_width": 999,
  "img_height": 656,
  "mean_pixel_height": 4.494962042687e-06,
  "mean_pixel_width": 4.496072072064e-06,
  "utm": "10U",
  "country_code": "CAN",
  "cloud_cover": 0,
  "timestamp": "2013-05-06T19:17:51Z",
  "scan_direction": "Reverse",
  "approximate_wavelengths": [
    661,
    545,
    477
  ],
  "pan_resolution_dbl": 0.422707498074,
  "pan_resolution_start_dbl": 0.426956802607,
  "pan_resolution_end_dbl": 0.421587049961,
  "pan_resolution_min_dbl": 0.421130895615,
  "pan_resolution_max_dbl": 0.426956802607,
  "multi_resolution_dbl": 2.52843904495,
  "multi_resolution_start_dbl": 2.55907654762,
  "multi_resolution_end_dbl": 2.50844097137,
  "multi_resolution_min_dbl": 2.50844097137,
  "multi_resolution_max_dbl": 2.55907654762,
  "target_azimuth_dbl": 62.7920227051,
  "target_azimuth_start_dbl": 94.7971115112,
  "target_azimuth_end_dbl": 26.9336738586,
  "target_azimuth_min_dbl": 26.9336738586,
  "target_azimuth_max_dbl": 94.7971115112,
  "sun_azimuth_dbl": 158.48815918,
  "sun_azimuth_min_dbl": 157.459411621,
  "sun_azimuth_max_dbl": 159.683227539,
  "sun_elevation_dbl": 56.2785644531,
  "sun_elevation_min_dbl": 56.1245803833,
  "sun_elevation_max_dbl": 56.4517822266,
  "off_nadir_angle_dbl": 7.08015060425,
  "off_nadir_angle_start_dbl": 9.46472167969,
  "off_nadir_angle_end_dbl": 6.39235544205,
  "off_nadir_angle_min_dbl": 6.08164691925,
  "off_nadir_angle_max_dbl": 9.46472167969
}