{
  "img_filename": "crop_field_1002_0_msrgb.jpg",
  "bounding_boxes": [
    {
      "category": "crop_field",
      "ID": 22818,
      "visible": "True",
      "box": [
        53,
        42,
        100,
        42
      ]
    }
  ],
  "gsd": 2.59161806107,
  "img_width": 201,
  "img_height": 132,
  "mean_pixel_height": 2.2444546212104e-05,
  "mean_pixel_width": 2.2346151243779e-05,
  "utm": "33U",
  "country_code": "CZE",
  "cloud_cover": 13,
  "timestamp": "2003-08-12T09:44:15Z",
  "scan_direction": "Forward",
  "approximate_wavelengths": [
    661,
    545,
    477
  ],
  "pan_resolution_dbl": 0.648189425468,
  "pan_resolution_start_dbl": 0.648189425468,
  "pan_resolution_end_dbl": 0.648189425468,
  "pan_resolution_min_dbl": 0.648189425468,
  "pan_resolution_max_dbl": 0.648189425468,
  "multi_resolution_dbl": 2.59161806107,
  "multi_resolution_start_dbl": 2.59161806107,
  "multi_resolution_end_dbl": 2.59161806107,
  "multi_resolution_min_dbl": 2.59161806107,
  "multi_resolution_max_dbl": 2.59161806107,
  "target_azimuth_dbl": 168.908579508,
  "target_azimuth_start_dbl": 179.594787598,
  "target_azimuth_end_dbl": 154.77696228,
  "target_azimuth_min_dbl": 154.77696228,
  "target_azimuth_max_dbl": 179.594787598,
  "sun_azimuth_dbl": 149.533081055,
  "sun_azimuth_min_dbl": 149.359329224,
  "sun_azimuth_max_dbl": 149.703201294,
  "sun_elevation_dbl": 52.8351230621,
  "sun_elevation_min_dbl": 52.5271110535,
  "sun_elevation_max_dbl": 53.1534423828,
  "off_nadir_angle_dbl": 11.4974358877,
  "off_nadir_angle_start_dbl": 13.8694677353,
  "off_nadir_angle_end_dbl": 9.2263917923,
  "off_nadir_angle_min_dbl": 9.2263917923,
  "off_nadir_angle_max_dbl": 13.8694677353
}