{
  "img_filename": "crop_field_1100_1_msrgb.jpg",
  "bounding_boxes": [
    {
      "category": "crop_field",
      "ID": 24878,
      "visible": "True",
      "box": [
        94,
        61,
        53,
        47
      ]
    }
  ],
  "gsd": 2.06766033173,
  "img_width": 242,
  "img_height": 170,
  "mean_pixel_height": 1.8572154705886e-05,
  "mean_pixel_width": 1.8560233471072e-05,
  "utm": "33T",
  "country_code": "SVN",
  "cloud_cover": 0,
  "timestamp": "2011-08-14T10:26:40Z",
  "scan_direction": "Forward",
  "approximate_wavelengths": [
    661,
    545,
    477
  ],
  "pan_resolution_dbl": 0.515238523483,
  "pan_resolution_start_dbl": 0.511858642101,
  "pan_resolution_end_dbl": 0.517916083336,
  "pan_resolution_min_dbl": 0.511858642101,
  "pan_resolution_max_dbl": 0.517916083336,
  "multi_resolution_dbl": 2.06766033173,
  "multi_resolution_start_dbl": 2.05434656143,
  "multi_resolution_end_dbl": 2.07855987549,
  "multi_resolution_min_dbl": 2.05434656143,
  "multi_resolution_max_dbl": 2.07855987549,
  "target_azimuth_dbl": 198.801589966,
  "target_azimuth_start_dbl": 200.586242676,
  "target_azimuth_end_dbl": 197.431350708,
  "target_azimuth_min_dbl": 197.431350708,
  "target_azimuth_max_dbl": 200.586242676,
  "sun_azimuth_dbl": 160.009033203,
  "sun_azimuth_min_dbl": 159.913375854,
  "sun_azimuth_max_dbl": 160.13053894,
  "sun_elevation_dbl": 57.6785697937,
  "sun_elevation_min_dbl": 57.4244499207,
  "sun_elevation_max_dbl": 57.8786964417,
  "off_nadir_angle_dbl": 19.2841587067,
  "off_nadir_angle_start_dbl": 18.6876506805,
  "off_nadir_angle_end_dbl": 19.7628383636,
  "off_nadir_angle_min_dbl": 18.6876506805,
  "off_nadir_angle_max_dbl": 19.7628383636
}