{
  "img_filename": "crop_field_1100_4_rgb.jpg",
  "bounding_boxes": [
    {
      "category": "crop_field",
      "ID": 24878,
      "visible": "True",
      "box": [
        377,
        246,
        217,
        188
      ]
    }
  ],
  "gsd": 0.370692640543,
  "img_width": 971,
  "img_height": 683,
  "mean_pixel_height": 4.622644655931e-06,
  "mean_pixel_width": 4.625722451081e-06,
  "utm": "33T",
  "country_code": "SVN",
  "cloud_cover": 0,
  "timestamp": "2015-01-28T09:52:25Z",
  "scan_direction": "Forward",
  "approximate_wavelengths": [
    661,
    545,
    477
  ],
  "pan_resolution_dbl": 0.370692640543,
  "pan_resolution_start_dbl": 0.37542822957,
  "pan_resolution_end_dbl": 0.366403400898,
  "pan_resolution_min_dbl": 0.366403400898,
  "pan_resolution_max_dbl": 0.37542822957,
  "multi_resolution_dbl": 1.48235487938,
  "multi_resolution_start_dbl": 1.50135648251,
  "multi_resolution_end_dbl": 1.46521735191,
  "multi_resolution_min_dbl": 1.46521735191,
  "multi_resolution_max_dbl": 1.50135648251,
  "target_azimuth_dbl": 328.727905273,
  "target_azimuth_start_dbl": 327.540527344,
  "target_azimuth_end_dbl": 329.891967773,
  "target_azimuth_min_dbl": 327.540527344,
  "target_azimuth_max_dbl": 329.891967773,
  "sun_azimuth_dbl": 157.811843872,
  "sun_azimuth_min_dbl": 157.757034302,
  "sun_azimuth_max_dbl": 157.872436523,
  "sun_elevation_dbl": 23.5940876007,
  "sun_elevation_min_dbl": 23.057352066,
  "sun_elevation_max_dbl": 24.076379776,
  "off_nadir_angle_dbl": 25.1859111786,
  "off_nadir_angle_start_dbl": 26.0734443665,
  "off_nadir_angle_end_dbl": 24.4067001343,
  "off_nadir_angle_min_dbl": 24.4067001343,
  "off_nadir_angle_max_dbl": 26.0734443665
}