{
  "img_filename": "crop_field_1038_1_rgb.jpg",
  "bounding_boxes": [
    {
      "category": "crop_field",
      "ID": 23509,
      "visible": "True",
      "box": [
        19,
        5,
        805,
        623
      ]
    }
  ],
  "gsd": 0.468251824379,
  "img_width": 1064,
  "img_height": 757,
  "mean_pixel_height": 4.220786393655e-06,
  "mean_pixel_width": 4.221406390977e-06,
  "utm": "33T",
  "country_code": "ITA",
  "cloud_cover": 1,
  "timestamp": "2011-10-21T10:32:14Z",
  "scan_direction": "Forward",
  "approximate_wavelengths": [
    661,
    545,
    477
  ],
  "pan_resolution_dbl": 0.468251824379,
  "pan_resolution_start_dbl": 0.467813998461,
  "pan_resolution_end_dbl": 0.468901991844,
  "pan_resolution_min_dbl": 0.467813998461,
  "pan_resolution_max_dbl": 0.468901991844,
  "multi_resolution_dbl": 1.87620186806,
  "multi_resolution_start_dbl": 1.87434613705,
  "multi_resolution_end_dbl": 1.87890732288,
  "multi_resolution_min_dbl": 1.87434613705,
  "multi_resolution_max_dbl": 1.87890732288,
  "target_azimuth_dbl": 217.383483887,
  "target_azimuth_start_dbl": 230.127029419,
  "target_azimuth_end_dbl": 206.175140381,
  "target_azimuth_min_dbl": 206.175140381,
  "target_azimuth_max_dbl": 230.127029419,
  "sun_azimuth_dbl": 173.161575317,
  "sun_azimuth_min_dbl": 173.152618408,
  "sun_azimuth_max_dbl": 173.170532227,
  "sun_elevation_dbl": 34.1400756836,
  "sun_elevation_min_dbl": 33.7134780884,
  "sun_elevation_max_dbl": 34.554233551,
  "off_nadir_angle_dbl": 5.45187711716,
  "off_nadir_angle_start_dbl": 5.06416368484,
  "off_nadir_angle_end_dbl": 5.96987867355,
  "off_nadir_angle_min_dbl": 5.06416368484,
  "off_nadir_angle_max_dbl": 5.96987867355
}