{
  "img_filename": "crop_field_1075_3_rgb.jpg",
  "bounding_boxes": [
    {
      "category": "crop_field",
      "ID": 24300,
      "visible": "True",
      "box": [
        132,
        86,
        692,
        416
      ]
    }
  ],
  "gsd": 0.592644989491,
  "img_width": 842,
  "img_height": 560,
  "mean_pixel_height": 5.332230357144e-06,
  "mean_pixel_width": 5.334413800475e-06,
  "utm": "31U",
  "country_code": "FRA",
  "cloud_cover": 0,
  "timestamp": "2013-07-10T11:40:22Z",
  "scan_direction": "Forward",
  "approximate_wavelengths": [
    661,
    545,
    477
  ],
  "pan_resolution_dbl": 0.592644989491,
  "pan_resolution_start_dbl": 0.59137326479,
  "pan_resolution_end_dbl": 0.594089567661,
  "pan_resolution_min_dbl": 0.59137326479,
  "pan_resolution_max_dbl": 0.594089567661,
  "multi_resolution_dbl": 2.37364530563,
  "multi_resolution_start_dbl": 2.36837148666,
  "multi_resolution_end_dbl": 2.37952685356,
  "multi_resolution_min_dbl": 2.36837148666,
  "multi_resolution_max_dbl": 2.37952685356,
  "target_azimuth_dbl": 68.6765823364,
  "target_azimuth_start_dbl": 66.1140594482,
  "target_azimuth_end_dbl": 70.9315032959,
  "target_azimuth_min_dbl": 66.1140594482,
  "target_azimuth_max_dbl": 70.9315032959,
  "sun_azimuth_dbl": 171.704406738,
  "sun_azimuth_min_dbl": 171.632827759,
  "sun_azimuth_max_dbl": 171.785049438,
  "sun_elevation_dbl": 63.3716011047,
  "sun_elevation_min_dbl": 62.9873046875,
  "sun_elevation_max_dbl": 63.7124519348,
  "off_nadir_angle_dbl": 28.8343963623,
  "off_nadir_angle_start_dbl": 28.6921577454,
  "off_nadir_angle_end_dbl": 28.986825943,
  "off_nadir_angle_min_dbl": 28.6921577454,
  "off_nadir_angle_max_dbl": 28.986825943
}