{
  "img_filename": "crop_field_1074_0_rgb.jpg",
  "bounding_boxes": [
    {
      "category": "crop_field",
      "ID": 24288,
      "visible": "True",
      "box": [
        296,
        190,
        248,
        128
      ]
    }
  ],
  "gsd": 0.579501211643,
  "img_width": 881,
  "img_height": 543,
  "mean_pixel_height": 5.101966482498e-06,
  "mean_pixel_width": 5.098270624291e-06,
  "utm": "31U",
  "country_code": "NLD",
  "cloud_cover": 14,
  "timestamp": "2011-09-03T11:31:19Z",
  "scan_direction": "Forward",
  "approximate_wavelengths": [
    661,
    545,
    477
  ],
  "pan_resolution_dbl": 0.579501211643,
  "pan_resolution_start_dbl": 0.563002169132,
  "pan_resolution_end_dbl": 0.596672415733,
  "pan_resolution_min_dbl": 0.563002169132,
  "pan_resolution_max_dbl": 0.596672415733,
  "multi_resolution_dbl": 2.325694561,
  "multi_resolution_start_dbl": 2.25969171524,
  "multi_resolution_end_dbl": 2.39453530312,
  "multi_resolution_min_dbl": 2.25969171524,
  "multi_resolution_max_dbl": 2.39453530312,
  "target_azimuth_dbl": 136.681655884,
  "target_azimuth_start_dbl": 135.559936523,
  "target_azimuth_end_dbl": 137.743667603,
  "target_azimuth_min_dbl": 135.559936523,
  "target_azimuth_max_dbl": 137.743667603,
  "sun_azimuth_dbl": 177.289031982,
  "sun_azimuth_min_dbl": 177.280700684,
  "sun_azimuth_max_dbl": 177.299102783,
  "sun_elevation_dbl": 46.2576599121,
  "sun_elevation_min_dbl": 45.686630249,
  "sun_elevation_max_dbl": 46.8151550293,
  "off_nadir_angle_dbl": 27.3574676514,
  "off_nadir_angle_start_dbl": 25.6690998077,
  "off_nadir_angle_end_dbl": 28.9981784821,
  "off_nadir_angle_min_dbl": 25.6690998077,
  "off_nadir_angle_max_dbl": 28.9981784821
}