{
  "img_filename": "crop_field_1127_0_msrgb.jpg",
  "bounding_boxes": [
    {
      "category": "crop_field",
      "ID": 25330,
      "visible": "True",
      "box": [
        86,
        66,
        40,
        77
      ]
    }
  ],
  "gsd": 2.35483407974,
  "img_width": 210,
  "img_height": 210,
  "mean_pixel_height": 2.1393079809523e-05,
  "mean_pixel_width": 2.1388461904743e-05,
  "utm": "48M",
  "country_code": "IDN",
  "cloud_cover": 11,
  "timestamp": "2012-02-21T03:44:40Z",
  "scan_direction": "Forward",
  "approximate_wavelengths": [
    661,
    545,
    477
  ],
  "pan_resolution_dbl": 0.588332772255,
  "pan_resolution_start_dbl": 0.597036242485,
  "pan_resolution_end_dbl": 0.581774771214,
  "pan_resolution_min_dbl": 0.581774771214,
  "pan_resolution_max_dbl": 0.597036242485,
  "multi_resolution_dbl": 2.35483407974,
  "multi_resolution_start_dbl": 2.38962507248,
  "multi_resolution_end_dbl": 2.32852935791,
  "multi_resolution_min_dbl": 2.32852935791,
  "multi_resolution_max_dbl": 2.38962507248,
  "target_azimuth_dbl": 24.2086162567,
  "target_azimuth_start_dbl": 22.701423645,
  "target_azimuth_end_dbl": 25.4250869751,
  "target_azimuth_min_dbl": 22.701423645,
  "target_azimuth_max_dbl": 25.4250869751,
  "sun_azimuth_dbl": 102.594276428,
  "sun_azimuth_min_dbl": 101.906143188,
  "sun_azimuth_max_dbl": 103.480461121,
  "sun_elevation_dbl": 69.0487442017,
  "sun_elevation_min_dbl": 68.9592590332,
  "sun_elevation_max_dbl": 69.1179122925,
  "off_nadir_angle_dbl": 28.5869789124,
  "off_nadir_angle_start_dbl": 29.3899307251,
  "off_nadir_angle_end_dbl": 27.964225769,
  "off_nadir_angle_min_dbl": 27.964225769,
  "off_nadir_angle_max_dbl": 29.3899307251
}