{
  "img_filename": "golf_course_117_8_msrgb.jpg",
  "bounding_boxes": [
    {
      "category": "golf_course",
      "ID": 20284,
      "visible": "True",
      "box": [
        56,
        0,
        262,
        268
      ]
    }
  ],
  "gsd": 1.50718426704,
  "img_width": 333,
  "img_height": 271,
  "mean_pixel_height": 1.3509482656839e-05,
  "mean_pixel_width": 1.348821921925e-05,
  "utm": "54S",
  "country_code": "JPN",
  "cloud_cover": 0,
  "timestamp": "2015-01-20T01:22:38Z",
  "scan_direction": "Forward",
  "approximate_wavelengths": [
    661,
    545,
    477
  ],
  "pan_resolution_dbl": 0.376944333315,
  "pan_resolution_start_dbl": 0.380851954222,
  "pan_resolution_end_dbl": 0.373595833778,
  "pan_resolution_min_dbl": 0.373595833778,
  "pan_resolution_max_dbl": 0.380851954222,
  "multi_resolution_dbl": 1.50718426704,
  "multi_resolution_start_dbl": 1.52277517319,
  "multi_resolution_end_dbl": 1.49382424355,
  "multi_resolution_min_dbl": 1.49382424355,
  "multi_resolution_max_dbl": 1.52277517319,
  "target_azimuth_dbl": 347.972900391,
  "target_azimuth_start_dbl": 346.736328125,
  "target_azimuth_end_dbl": 349.125091553,
  "target_azimuth_min_dbl": 346.736328125,
  "target_azimuth_max_dbl": 349.125091553,
  "sun_azimuth_dbl": 155.836883545,
  "sun_azimuth_min_dbl": 155.764678955,
  "sun_azimuth_max_dbl": 155.917037964,
  "sun_elevation_dbl": 30.4821166992,
  "sun_elevation_min_dbl": 30.0697937012,
  "sun_elevation_max_dbl": 30.8481311798,
  "off_nadir_angle_dbl": 26.6144237518,
  "off_nadir_angle_start_dbl": 27.2714195251,
  "off_nadir_angle_end_dbl": 26.0486564636,
  "off_nadir_angle_min_dbl": 26.0486564636,
  "off_nadir_angle_max_dbl": 27.2714195251
}