{
  "img_filename": "golf_course_117_3_msrgb.jpg",
  "bounding_boxes": [
    {
      "category": "golf_course",
      "ID": 20284,
      "visible": "True",
      "box": [
        42,
        0,
        194,
        198
      ]
    }
  ],
  "gsd": 2.03867149353,
  "img_width": 246,
  "img_height": 200,
  "mean_pixel_height": 1.8305349000016e-05,
  "mean_pixel_width": 1.8258443089473e-05,
  "utm": "54S",
  "country_code": "JPN",
  "cloud_cover": 2,
  "timestamp": "2012-08-21T01:46:37Z",
  "scan_direction": "Reverse",
  "approximate_wavelengths": [
    661,
    545,
    477
  ],
  "pan_resolution_dbl": 0.51089066267,
  "pan_resolution_start_dbl": 0.528999209404,
  "pan_resolution_end_dbl": 0.500056564808,
  "pan_resolution_min_dbl": 0.500056564808,
  "pan_resolution_max_dbl": 0.528999209404,
  "multi_resolution_dbl": 2.03867149353,
  "multi_resolution_start_dbl": 2.11200857162,
  "multi_resolution_end_dbl": 1.99473810196,
  "multi_resolution_min_dbl": 1.99473810196,
  "multi_resolution_max_dbl": 2.11200857162,
  "target_azimuth_dbl": 248.589752197,
  "target_azimuth_start_dbl": 233.042633057,
  "target_azimuth_end_dbl": 265.073242188,
  "target_azimuth_min_dbl": 233.042633057,
  "target_azimuth_max_dbl": 265.073242188,
  "sun_azimuth_dbl": 147.838439941,
  "sun_azimuth_min_dbl": 147.286575317,
  "sun_azimuth_max_dbl": 148.318740845,
  "sun_elevation_dbl": 63.1842269897,
  "sun_elevation_min_dbl": 62.8371238708,
  "sun_elevation_max_dbl": 63.5777664185,
  "off_nadir_angle_dbl": 18.4093875885,
  "off_nadir_angle_start_dbl": 21.5194721222,
  "off_nadir_angle_end_dbl": 16.3227043152,
  "off_nadir_angle_min_dbl": 16.3227043152,
  "off_nadir_angle_max_dbl": 21.5194721222
}