{
  "img_filename": "golf_course_117_6_rgb.jpg",
  "bounding_boxes": [
    {
      "category": "golf_course",
      "ID": 20284,
      "visible": "True",
      "box": [
        152,
        0,
        708,
        721
      ]
    }
  ],
  "gsd": 0.559325098991,
  "img_width": 895,
  "img_height": 730,
  "mean_pixel_height": 5.015164109593e-06,
  "mean_pixel_width": 5.018521787721e-06,
  "utm": "54S",
  "country_code": "JPN",
  "cloud_cover": 0,
  "timestamp": "2014-03-22T01:51:05Z",
  "scan_direction": "Forward",
  "approximate_wavelengths": [
    661,
    545,
    477
  ],
  "pan_resolution_dbl": 0.559325098991,
  "pan_resolution_start_dbl": 0.549340128899,
  "pan_resolution_end_dbl": 0.569086253643,
  "pan_resolution_min_dbl": 0.549340128899,
  "pan_resolution_max_dbl": 0.569086253643,
  "multi_resolution_dbl": 2.24596524239,
  "multi_resolution_start_dbl": 2.20564675331,
  "multi_resolution_end_dbl": 2.28577828407,
  "multi_resolution_min_dbl": 2.20564675331,
  "multi_resolution_max_dbl": 2.28577828407,
  "target_azimuth_dbl": 191.364990234,
  "target_azimuth_start_dbl": 193.079574585,
  "target_azimuth_end_dbl": 189.862945557,
  "target_azimuth_min_dbl": 189.862945557,
  "target_azimuth_max_dbl": 193.079574585,
  "sun_azimuth_dbl": 156.326217651,
  "sun_azimuth_min_dbl": 156.133361816,
  "sun_azimuth_max_dbl": 156.530563354,
  "sun_elevation_dbl": 52.6637153625,
  "sun_elevation_min_dbl": 52.2502670288,
  "sun_elevation_max_dbl": 53.0479393005,
  "off_nadir_angle_dbl": 25.8009433746,
  "off_nadir_angle_start_dbl": 24.6277999878,
  "off_nadir_angle_end_dbl": 26.908624649,
  "off_nadir_angle_min_dbl": 24.6277999878,
  "off_nadir_angle_max_dbl": 26.908624649
}