{
  "img_filename": "crop_field_114_6_rgb.jpg",
  "bounding_boxes": [
    {
      "category": "crop_field",
      "ID": 2842,
      "visible": "True",
      "box": [
        369,
        273,
        515,
        409
      ]
    }
  ],
  "gsd": 0.393412530422,
  "img_width": 1229,
  "img_height": 1028,
  "mean_pixel_height": 3.653377821009e-06,
  "mean_pixel_width": 3.654659397884e-06,
  "utm": "36S",
  "country_code": "SYR",
  "cloud_cover": 0,
  "timestamp": "2016-04-16T08:50:19Z",
  "scan_direction": "Forward",
  "approximate_wavelengths": [
    661,
    545,
    477
  ],
  "pan_resolution_dbl": 0.393412530422,
  "pan_resolution_start_dbl": 0.378424048424,
  "pan_resolution_end_dbl": 0.409619659185,
  "pan_resolution_min_dbl": 0.378424048424,
  "pan_resolution_max_dbl": 0.409619659185,
  "multi_resolution_dbl": 1.57476079464,
  "multi_resolution_start_dbl": 1.51535665989,
  "multi_resolution_end_dbl": 1.6397023201,
  "multi_resolution_min_dbl": 1.51535665989,
  "multi_resolution_max_dbl": 1.6397023201,
  "target_azimuth_dbl": 156.624694824,
  "target_azimuth_start_dbl": 159.749923706,
  "target_azimuth_end_dbl": 154.191131592,
  "target_azimuth_min_dbl": 154.191131592,
  "target_azimuth_max_dbl": 159.749923706,
  "sun_azimuth_dbl": 154.139068604,
  "sun_azimuth_min_dbl": 153.266525269,
  "sun_azimuth_max_dbl": 155.014434814,
  "sun_elevation_dbl": 63.6331062317,
  "sun_elevation_min_dbl": 62.5289306641,
  "sun_elevation_max_dbl": 64.6693954468,
  "off_nadir_angle_dbl": 29.2323055267,
  "off_nadir_angle_start_dbl": 27.0781536102,
  "off_nadir_angle_end_dbl": 31.385219574,
  "off_nadir_angle_min_dbl": 27.0781536102,
  "off_nadir_angle_max_dbl": 31.385219574
}