{
  "img_filename": "crop_field_114_9_msrgb.jpg",
  "bounding_boxes": [
    {
      "category": "crop_field",
      "ID": 2842,
      "visible": "True",
      "box": [
        74,
        55,
        102,
        81
      ]
    }
  ],
  "gsd": 2.84631562233,
  "img_width": 245,
  "img_height": 205,
  "mean_pixel_height": 1.8320353170717e-05,
  "mean_pixel_width": 1.8332964897957e-05,
  "utm": "36S",
  "country_code": "SYR",
  "cloud_cover": 0,
  "timestamp": "2013-03-21T08:16:26Z",
  "scan_direction": "Reverse",
  "approximate_wavelengths": [
    661,
    545,
    477
  ],
  "pan_resolution_dbl": 0.476887792349,
  "pan_resolution_start_dbl": 0.50257062912,
  "pan_resolution_end_dbl": 0.455843985081,
  "pan_resolution_min_dbl": 0.455843985081,
  "pan_resolution_max_dbl": 0.50257062912,
  "multi_resolution_dbl": 2.84631562233,
  "multi_resolution_start_dbl": 3.01399040222,
  "multi_resolution_end_dbl": 2.69917654991,
  "multi_resolution_min_dbl": 2.69917654991,
  "multi_resolution_max_dbl": 3.01399040222,
  "target_azimuth_dbl": 225.326980591,
  "target_azimuth_start_dbl": 217.895858765,
  "target_azimuth_end_dbl": 234.19871521,
  "target_azimuth_min_dbl": 217.895858765,
  "target_azimuth_max_dbl": 234.19871521,
  "sun_azimuth_dbl": 143.936340332,
  "sun_azimuth_min_dbl": 143.651977539,
  "sun_azimuth_max_dbl": 144.207794189,
  "sun_elevation_dbl": 51.077457428,
  "sun_elevation_min_dbl": 50.8107376099,
  "sun_elevation_max_dbl": 51.3561820984,
  "off_nadir_angle_dbl": 23.2928733826,
  "off_nadir_angle_start_dbl": 26.9302196503,
  "off_nadir_angle_end_dbl": 19.859670639,
  "off_nadir_angle_min_dbl": 19.859670639,
  "off_nadir_angle_max_dbl": 26.9302196503
}