{
  "img_filename": "crop_field_1054_0_msrgb.jpg",
  "bounding_boxes": [
    {
      "category": "crop_field",
      "ID": 23872,
      "visible": "True",
      "box": [
        21,
        31,
        91,
        75
      ]
    }
  ],
  "gsd": 2.27065420151,
  "img_width": 216,
  "img_height": 153,
  "mean_pixel_height": 2.0833538562103e-05,
  "mean_pixel_width": 2.079433527778e-05,
  "utm": "31T",
  "country_code": "FRA",
  "cloud_cover": 0,
  "timestamp": "2013-08-12T11:22:31Z",
  "scan_direction": "Forward",
  "approximate_wavelengths": [
    661,
    545,
    477
  ],
  "pan_resolution_dbl": 0.566016554832,
  "pan_resolution_start_dbl": 0.552944600582,
  "pan_resolution_end_dbl": 0.579608857632,
  "pan_resolution_min_dbl": 0.552944600582,
  "pan_resolution_max_dbl": 0.579608857632,
  "multi_resolution_dbl": 2.27065420151,
  "multi_resolution_start_dbl": 2.21837973595,
  "multi_resolution_end_dbl": 2.32507801056,
  "multi_resolution_min_dbl": 2.21837973595,
  "multi_resolution_max_dbl": 2.32507801056,
  "target_azimuth_dbl": 126.190757751,
  "target_azimuth_start_dbl": 124.328346252,
  "target_azimuth_end_dbl": 127.932487488,
  "target_azimuth_min_dbl": 124.328346252,
  "target_azimuth_max_dbl": 127.932487488,
  "sun_azimuth_dbl": 169.630142212,
  "sun_azimuth_min_dbl": 169.505874634,
  "sun_azimuth_max_dbl": 169.755554199,
  "sun_elevation_dbl": 59.1797714233,
  "sun_elevation_min_dbl": 58.6297721863,
  "sun_elevation_max_dbl": 59.717212677,
  "off_nadir_angle_dbl": 26.178483963,
  "off_nadir_angle_start_dbl": 24.7282123566,
  "off_nadir_angle_end_dbl": 27.5987148285,
  "off_nadir_angle_min_dbl": 24.7282123566,
  "off_nadir_angle_max_dbl": 27.5987148285
}