{
  "img_filename": "crop_field_1077_0_msrgb.jpg",
  "bounding_boxes": [
    {
      "category": "crop_field",
      "ID": 24328,
      "visible": "True",
      "box": [
        88,
        76,
        64,
        25
      ]
    }
  ],
  "gsd": 2.05335140228,
  "img_width": 246,
  "img_height": 175,
  "mean_pixel_height": 1.8212445714312e-05,
  "mean_pixel_width": 1.8258441056909e-05,
  "utm": "33T",
  "country_code": "HRV",
  "cloud_cover": 14,
  "timestamp": "2012-07-11T10:17:13Z",
  "scan_direction": "Forward",
  "approximate_wavelengths": [
    661,
    545,
    477
  ],
  "pan_resolution_dbl": 0.512462198734,
  "pan_resolution_start_dbl": 0.5196570158,
  "pan_resolution_end_dbl": 0.506285190582,
  "pan_resolution_min_dbl": 0.506285190582,
  "pan_resolution_max_dbl": 0.5196570158,
  "multi_resolution_dbl": 2.05335140228,
  "multi_resolution_start_dbl": 2.08178925514,
  "multi_resolution_end_dbl": 2.0287873745,
  "multi_resolution_min_dbl": 2.0287873745,
  "multi_resolution_max_dbl": 2.08178925514,
  "target_azimuth_dbl": 304.429718018,
  "target_azimuth_start_dbl": 307.365905762,
  "target_azimuth_end_dbl": 301.551422119,
  "target_azimuth_min_dbl": 301.551422119,
  "target_azimuth_max_dbl": 307.365905762,
  "sun_azimuth_dbl": 150.910476685,
  "sun_azimuth_min_dbl": 150.414474487,
  "sun_azimuth_max_dbl": 151.4322052,
  "sun_elevation_dbl": 64.3839645386,
  "sun_elevation_min_dbl": 63.8914909363,
  "sun_elevation_max_dbl": 64.837928772,
  "off_nadir_angle_dbl": 18.7955913544,
  "off_nadir_angle_start_dbl": 20.0153408051,
  "off_nadir_angle_end_dbl": 17.6867237091,
  "off_nadir_angle_min_dbl": 17.6867237091,
  "off_nadir_angle_max_dbl": 20.0153408051
}