{
  "img_filename": "golf_course_120_2_rgb.jpg",
  "bounding_boxes": [
    {
      "category": "golf_course",
      "ID": 20525,
      "visible": "True",
      "box": [
        26,
        26,
        808,
        483
      ]
    }
  ],
  "gsd": 0.588018596172,
  "img_width": 842,
  "img_height": 524,
  "mean_pixel_height": 5.330325954207e-06,
  "mean_pixel_width": 5.334413800475e-06,
  "utm": "30U",
  "country_code": "GBR",
  "cloud_cover": 26,
  "timestamp": "2011-09-27T11:52:39Z",
  "scan_direction": "Forward",
  "approximate_wavelengths": [
    661,
    545,
    477
  ],
  "pan_resolution_dbl": 0.588018596172,
  "pan_resolution_start_dbl": 0.601578712463,
  "pan_resolution_end_dbl": 0.576770961285,
  "pan_resolution_min_dbl": 0.576770961285,
  "pan_resolution_max_dbl": 0.601578712463,
  "multi_resolution_dbl": 2.35137271881,
  "multi_resolution_start_dbl": 2.4052875042,
  "multi_resolution_end_dbl": 2.30666279793,
  "multi_resolution_min_dbl": 2.30666279793,
  "multi_resolution_max_dbl": 2.4052875042,
  "target_azimuth_dbl": 25.7681159973,
  "target_azimuth_start_dbl": 22.7328128815,
  "target_azimuth_end_dbl": 28.6873683929,
  "target_azimuth_min_dbl": 22.7328128815,
  "target_azimuth_max_dbl": 28.6873683929,
  "sun_azimuth_dbl": 175.640304565,
  "sun_azimuth_min_dbl": 175.631973267,
  "sun_azimuth_max_dbl": 175.648223877,
  "sun_elevation_dbl": 37.032875061,
  "sun_elevation_min_dbl": 36.4477996826,
  "sun_elevation_max_dbl": 37.565612793,
  "off_nadir_angle_dbl": 28.0707702637,
  "off_nadir_angle_start_dbl": 29.30975914,
  "off_nadir_angle_end_dbl": 26.9961032867,
  "off_nadir_angle_min_dbl": 26.9961032867,
  "off_nadir_angle_max_dbl": 29.30975914
}