{
  "img_filename": "golf_course_120_1_msrgb.jpg",
  "bounding_boxes": [
    {
      "category": "golf_course",
      "ID": 20525,
      "visible": "True",
      "box": [
        5,
        4,
        154,
        92
      ]
    }
  ],
  "gsd": 3.17815470695,
  "img_width": 161,
  "img_height": 100,
  "mean_pixel_height": 2.7930908000044e-05,
  "mean_pixel_width": 2.7897990186335e-05,
  "utm": "30U",
  "country_code": "GBR",
  "cloud_cover": 1,
  "timestamp": "2012-08-09T10:57:29Z",
  "scan_direction": "Forward",
  "approximate_wavelengths": [
    661,
    545,
    477
  ],
  "pan_resolution_dbl": 0.796628475189,
  "pan_resolution_start_dbl": 0.793496191502,
  "pan_resolution_end_dbl": 0.799189507961,
  "pan_resolution_min_dbl": 0.793496191502,
  "pan_resolution_max_dbl": 0.799189507961,
  "multi_resolution_dbl": 3.17815470695,
  "multi_resolution_start_dbl": 3.16557526588,
  "multi_resolution_end_dbl": 3.18843841553,
  "multi_resolution_min_dbl": 3.16557526588,
  "multi_resolution_max_dbl": 3.18843841553,
  "target_azimuth_dbl": 110.428565979,
  "target_azimuth_start_dbl": 111.695953369,
  "target_azimuth_end_dbl": 109.426567078,
  "target_azimuth_min_dbl": 109.426567078,
  "target_azimuth_max_dbl": 111.695953369,
  "sun_azimuth_dbl": 147.28704834,
  "sun_azimuth_min_dbl": 147.245300293,
  "sun_azimuth_max_dbl": 147.339187622,
  "sun_elevation_dbl": 50.5264434814,
  "sun_elevation_min_dbl": 50.4380149841,
  "sun_elevation_max_dbl": 50.5967102051,
  "off_nadir_angle_dbl": 28.6750030518,
  "off_nadir_angle_start_dbl": 28.4341335297,
  "off_nadir_angle_end_dbl": 28.8705997467,
  "off_nadir_angle_min_dbl": 28.4341335297,
  "off_nadir_angle_max_dbl": 28.8705997467
}