{
  "img_filename": "crop_field_1068_3_rgb.jpg",
  "bounding_boxes": [
    {
      "category": "crop_field",
      "ID": 24190,
      "visible": "True",
      "box": [
        299,
        265,
        300,
        280
      ]
    }
  ],
  "gsd": 0.483890920877,
  "img_width": 1029,
  "img_height": 721,
  "mean_pixel_height": 4.360667961168e-06,
  "mean_pixel_width": 4.364991642373e-06,
  "utm": "33T",
  "country_code": "ITA",
  "cloud_cover": 6,
  "timestamp": "2014-10-03T10:18:28Z",
  "scan_direction": "Reverse",
  "approximate_wavelengths": [
    661,
    545,
    477
  ],
  "pan_resolution_dbl": 0.483890920877,
  "pan_resolution_start_dbl": 0.483788013458,
  "pan_resolution_end_dbl": 0.492317289114,
  "pan_resolution_min_dbl": 0.480348348618,
  "pan_resolution_max_dbl": 0.492317289114,
  "multi_resolution_dbl": 1.93334245682,
  "multi_resolution_start_dbl": 1.93480241299,
  "multi_resolution_end_dbl": 1.96602404118,
  "multi_resolution_min_dbl": 1.91937410831,
  "multi_resolution_max_dbl": 1.96602404118,
  "target_azimuth_dbl": 287.301177979,
  "target_azimuth_start_dbl": 250.986602783,
  "target_azimuth_end_dbl": 317.444671631,
  "target_azimuth_min_dbl": 250.986602783,
  "target_azimuth_max_dbl": 317.444671631,
  "sun_azimuth_dbl": 166.731033325,
  "sun_azimuth_min_dbl": 166.587936401,
  "sun_azimuth_max_dbl": 166.86680603,
  "sun_elevation_dbl": 39.8261642456,
  "sun_elevation_min_dbl": 39.32239151,
  "sun_elevation_max_dbl": 40.3660011292,
  "off_nadir_angle_dbl": 12.1465778351,
  "off_nadir_angle_start_dbl": 12.2769203186,
  "off_nadir_angle_end_dbl": 14.4457883835,
  "off_nadir_angle_min_dbl": 11.0856266022,
  "off_nadir_angle_max_dbl": 14.4457883835
}