{
  "img_filename": "golf_course_101_0_rgb.jpg",
  "bounding_boxes": [
    {
      "category": "golf_course",
      "ID": 17350,
      "visible": "True",
      "box": [
        314,
        6,
        381,
        530
      ]
    }
  ],
  "gsd": 0.515684843063,
  "img_width": 975,
  "img_height": 631,
  "mean_pixel_height": 4.603341521402e-06,
  "mean_pixel_width": 4.606744615377e-06,
  "utm": "11U",
  "country_code": "CAN",
  "cloud_cover": 1,
  "timestamp": "2015-08-12T19:20:59Z",
  "scan_direction": "Reverse",
  "approximate_wavelengths": [
    661,
    545,
    477
  ],
  "pan_resolution_dbl": 0.515684843063,
  "pan_resolution_start_dbl": 0.507724106312,
  "pan_resolution_end_dbl": 0.522509694099,
  "pan_resolution_min_dbl": 0.507724106312,
  "pan_resolution_max_dbl": 0.522509694099,
  "multi_resolution_dbl": 2.05663967133,
  "multi_resolution_start_dbl": 2.02550840378,
  "multi_resolution_end_dbl": 2.08366656303,
  "multi_resolution_min_dbl": 2.02550840378,
  "multi_resolution_max_dbl": 2.08366656303,
  "target_azimuth_dbl": 63.3168487549,
  "target_azimuth_start_dbl": 72.1790390015,
  "target_azimuth_end_dbl": 57.2096672058,
  "target_azimuth_min_dbl": 57.2096672058,
  "target_azimuth_max_dbl": 72.1790390015,
  "sun_azimuth_dbl": 162.604949951,
  "sun_azimuth_min_dbl": 162.475280762,
  "sun_azimuth_max_dbl": 162.696456909,
  "sun_elevation_dbl": 54.1115074158,
  "sun_elevation_min_dbl": 53.9374046326,
  "sun_elevation_max_dbl": 54.344871521,
  "off_nadir_angle_dbl": 18.904094696,
  "off_nadir_angle_start_dbl": 17.4820957184,
  "off_nadir_angle_end_dbl": 20.0704059601,
  "off_nadir_angle_min_dbl": 17.4820957184,
  "off_nadir_angle_max_dbl": 20.0704059601
}