{
  "img_filename": "golf_course_128_13_msrgb.jpg",
  "bounding_boxes": [
    {
      "category": "golf_course",
      "ID": 21716,
      "visible": "True",
      "box": [
        15,
        57,
        234,
        128
      ]
    }
  ],
  "gsd": 1.99087226391,
  "img_width": 252,
  "img_height": 210,
  "mean_pixel_height": 1.7839612996863e-05,
  "mean_pixel_width": 1.7839612996885e-05,
  "utm": "16S",
  "country_code": "USA",
  "cloud_cover": 0,
  "timestamp": "2013-12-12T16:37:40Z",
  "scan_direction": "Reverse",
  "approximate_wavelengths": [
    661,
    545,
    477
  ],
  "pan_resolution_dbl": 0.497829407454,
  "pan_resolution_start_dbl": 0.495484292507,
  "pan_resolution_end_dbl": 0.502859771252,
  "pan_resolution_min_dbl": 0.494898557663,
  "pan_resolution_max_dbl": 0.502859771252,
  "multi_resolution_dbl": 1.99087226391,
  "multi_resolution_start_dbl": 1.98218309879,
  "multi_resolution_end_dbl": 2.01042866707,
  "multi_resolution_min_dbl": 1.97959959507,
  "multi_resolution_max_dbl": 2.01042866707,
  "target_azimuth_dbl": 287.873809814,
  "target_azimuth_start_dbl": 268.696166992,
  "target_azimuth_end_dbl": 302.422180176,
  "target_azimuth_min_dbl": 268.696166992,
  "target_azimuth_max_dbl": 302.422180176,
  "sun_azimuth_dbl": 165.801986694,
  "sun_azimuth_min_dbl": 165.717773438,
  "sun_azimuth_max_dbl": 165.86946106,
  "sun_elevation_dbl": 31.8466415405,
  "sun_elevation_min_dbl": 31.5399360657,
  "sun_elevation_max_dbl": 32.2275543213,
  "off_nadir_angle_dbl": 16.1528244019,
  "off_nadir_angle_start_dbl": 15.6765432358,
  "off_nadir_angle_end_dbl": 17.1743984222,
  "off_nadir_angle_min_dbl": 15.5426025391,
  "off_nadir_angle_max_dbl": 17.1743984222
}