{
  "img_filename": "golf_course_128_1_msrgb.jpg",
  "bounding_boxes": [
    {
      "category": "golf_course",
      "ID": 21716,
      "visible": "True",
      "box": [
        15,
        57,
        234,
        129
      ]
    }
  ],
  "gsd": 1.97367572784,
  "img_width": 253,
  "img_height": 212,
  "mean_pixel_height": 1.7693966037755e-05,
  "mean_pixel_width": 1.775326640316e-05,
  "utm": "16S",
  "country_code": "USA",
  "cloud_cover": 16,
  "timestamp": "2010-07-05T16:30:10Z",
  "scan_direction": "Forward",
  "approximate_wavelengths": [
    661,
    545,
    477
  ],
  "pan_resolution_dbl": 0.492203861475,
  "pan_resolution_start_dbl": 0.492561817169,
  "pan_resolution_end_dbl": 0.492044121027,
  "pan_resolution_min_dbl": 0.491999864578,
  "pan_resolution_max_dbl": 0.492561817169,
  "multi_resolution_dbl": 1.97367572784,
  "multi_resolution_start_dbl": 1.97523880005,
  "multi_resolution_end_dbl": 1.97299468517,
  "multi_resolution_min_dbl": 1.97298789024,
  "multi_resolution_max_dbl": 1.97523880005,
  "target_azimuth_dbl": 249.374694824,
  "target_azimuth_start_dbl": 253.817886353,
  "target_azimuth_end_dbl": 245.578964233,
  "target_azimuth_min_dbl": 245.578964233,
  "target_azimuth_max_dbl": 253.817886353,
  "sun_azimuth_dbl": 120.269104004,
  "sun_azimuth_min_dbl": 119.429603577,
  "sun_azimuth_max_dbl": 121.245307922,
  "sun_elevation_dbl": 71.0118484497,
  "sun_elevation_min_dbl": 70.7919616699,
  "sun_elevation_max_dbl": 71.1958618164,
  "off_nadir_angle_dbl": 14.8962440491,
  "off_nadir_angle_start_dbl": 14.9839925766,
  "off_nadir_angle_end_dbl": 14.8607883453,
  "off_nadir_angle_min_dbl": 14.8596353531,
  "off_nadir_angle_max_dbl": 14.9839925766
}