{
  "img_filename": "golf_course_128_3_msrgb.jpg",
  "bounding_boxes": [
    {
      "category": "golf_course",
      "ID": 21716,
      "visible": "True",
      "box": [
        15,
        57,
        238,
        129
      ]
    }
  ],
  "gsd": 1.9457089901,
  "img_width": 256,
  "img_height": 214,
  "mean_pixel_height": 1.7528601869178e-05,
  "mean_pixel_width": 1.7545220312498e-05,
  "utm": "16S",
  "country_code": "USA",
  "cloud_cover": 0,
  "timestamp": "2010-11-11T16:42:26Z",
  "scan_direction": "Forward",
  "approximate_wavelengths": [
    661,
    545,
    477
  ],
  "pan_resolution_dbl": 0.485551178455,
  "pan_resolution_start_dbl": 0.489653170109,
  "pan_resolution_end_dbl": 0.482202112675,
  "pan_resolution_min_dbl": 0.482202112675,
  "pan_resolution_max_dbl": 0.489653170109,
  "multi_resolution_dbl": 1.9457089901,
  "multi_resolution_start_dbl": 1.96243309975,
  "multi_resolution_end_dbl": 1.93224382401,
  "multi_resolution_min_dbl": 1.93224382401,
  "multi_resolution_max_dbl": 1.96243309975,
  "target_azimuth_dbl": 21.0291194916,
  "target_azimuth_start_dbl": 15.7602472305,
  "target_azimuth_end_dbl": 26.3826618195,
  "target_azimuth_min_dbl": 15.7602472305,
  "target_azimuth_max_dbl": 26.3826618195,
  "sun_azimuth_dbl": 168.478515625,
  "sun_azimuth_min_dbl": 168.423934937,
  "sun_azimuth_max_dbl": 168.53692627,
  "sun_elevation_dbl": 38.3968391418,
  "sun_elevation_min_dbl": 37.8318252563,
  "sun_elevation_max_dbl": 38.9146728516,
  "off_nadir_angle_dbl": 12.8308267593,
  "off_nadir_angle_start_dbl": 13.9881601334,
  "off_nadir_angle_end_dbl": 11.8456096649,
  "off_nadir_angle_min_dbl": 11.8456096649,
  "off_nadir_angle_max_dbl": 13.9881601334
}