{
  "img_filename": "golf_course_128_0_msrgb.jpg",
  "bounding_boxes": [
    {
      "category": "golf_course",
      "ID": 21716,
      "visible": "True",
      "box": [
        15,
        59,
        241,
        131
      ]
    }
  ],
  "gsd": 1.92403125763,
  "img_width": 260,
  "img_height": 217,
  "mean_pixel_height": 1.7286270967761e-05,
  "mean_pixel_width": 1.7275293846152e-05,
  "utm": "16S",
  "country_code": "USA",
  "cloud_cover": 13,
  "timestamp": "2010-06-13T16:32:15Z",
  "scan_direction": "Forward",
  "approximate_wavelengths": [
    661,
    545,
    477
  ],
  "pan_resolution_dbl": 0.480121582747,
  "pan_resolution_start_dbl": 0.483638316393,
  "pan_resolution_end_dbl": 0.477373689413,
  "pan_resolution_min_dbl": 0.477373689413,
  "pan_resolution_max_dbl": 0.483638316393,
  "multi_resolution_dbl": 1.92403125763,
  "multi_resolution_start_dbl": 1.93816196918,
  "multi_resolution_end_dbl": 1.91311049461,
  "multi_resolution_min_dbl": 1.91311049461,
  "multi_resolution_max_dbl": 1.93816196918,
  "target_azimuth_dbl": 324.008453369,
  "target_azimuth_start_dbl": 325.120361328,
  "target_azimuth_end_dbl": 323.020019531,
  "target_azimuth_min_dbl": 323.020019531,
  "target_azimuth_max_dbl": 325.120361328,
  "sun_azimuth_dbl": 122.156333923,
  "sun_azimuth_min_dbl": 121.276641846,
  "sun_azimuth_max_dbl": 123.212936401,
  "sun_elevation_dbl": 72.496673584,
  "sun_elevation_min_dbl": 72.2639389038,
  "sun_elevation_max_dbl": 72.6846923828,
  "off_nadir_angle_dbl": 11.3951807022,
  "off_nadir_angle_start_dbl": 12.5128135681,
  "off_nadir_angle_end_dbl": 10.482708931,
  "off_nadir_angle_min_dbl": 10.482708931,
  "off_nadir_angle_max_dbl": 12.5128135681
}