{
  "img_filename": "golf_course_115_1_msrgb.jpg",
  "bounding_boxes": [
    {
      "category": "golf_course",
      "ID": 19637,
      "visible": "True",
      "box": [
        39,
        0,
        191,
        178
      ]
    }
  ],
  "gsd": 2.13000559807,
  "img_width": 236,
  "img_height": 180,
  "mean_pixel_height": 1.9090356111088e-05,
  "mean_pixel_width": 1.9032103389829e-05,
  "utm": "18T",
  "country_code": "USA",
  "cloud_cover": 5,
  "timestamp": "2016-07-19T15:53:53Z",
  "scan_direction": "Forward",
  "approximate_wavelengths": [
    661,
    545,
    477
  ],
  "pan_resolution_dbl": 0.531141996384,
  "pan_resolution_start_dbl": 0.542858362198,
  "pan_resolution_end_dbl": 0.523250043392,
  "pan_resolution_min_dbl": 0.523250043392,
  "pan_resolution_max_dbl": 0.542858362198,
  "multi_resolution_dbl": 2.13000559807,
  "multi_resolution_start_dbl": 2.17353487015,
  "multi_resolution_end_dbl": 2.09616279602,
  "multi_resolution_min_dbl": 2.09616279602,
  "multi_resolution_max_dbl": 2.17353487015,
  "target_azimuth_dbl": 9.57577514648,
  "target_azimuth_start_dbl": 7.19861841202,
  "target_azimuth_end_dbl": 11.7417125702,
  "target_azimuth_min_dbl": 7.19861841202,
  "target_azimuth_max_dbl": 11.7417125702,
  "sun_azimuth_dbl": 137.453552246,
  "sun_azimuth_min_dbl": 136.77116394,
  "sun_azimuth_max_dbl": 138.253265381,
  "sun_elevation_dbl": 65.3687591553,
  "sun_elevation_min_dbl": 64.9275741577,
  "sun_elevation_max_dbl": 65.7357406616,
  "off_nadir_angle_dbl": 21.952085495,
  "off_nadir_angle_start_dbl": 23.4717578888,
  "off_nadir_angle_end_dbl": 20.705821991,
  "off_nadir_angle_min_dbl": 20.705821991,
  "off_nadir_angle_max_dbl": 23.4717578888
}