{
  "img_filename": "golf_course_108_3_rgb.jpg",
  "bounding_boxes": [
    {
      "category": "golf_course",
      "ID": 18727,
      "visible": "True",
      "box": [
        100,
        35,
        628,
        631
      ]
    }
  ],
  "gsd": 0.583494126797,
  "img_width": 854,
  "img_height": 710,
  "mean_pixel_height": 5.260145070431e-06,
  "mean_pixel_width": 5.259457259955e-06,
  "utm": "16S",
  "country_code": "USA",
  "cloud_cover": 0,
  "timestamp": "2015-04-27T16:53:18Z",
  "scan_direction": "Forward",
  "approximate_wavelengths": [
    661,
    545,
    477
  ],
  "pan_resolution_dbl": 0.583494126797,
  "pan_resolution_start_dbl": 0.579268813133,
  "pan_resolution_end_dbl": 0.587810814381,
  "pan_resolution_min_dbl": 0.579268813133,
  "pan_resolution_max_dbl": 0.587810814381,
  "multi_resolution_dbl": 2.33849167824,
  "multi_resolution_start_dbl": 2.32106232643,
  "multi_resolution_end_dbl": 2.35590076447,
  "multi_resolution_min_dbl": 2.32106232643,
  "multi_resolution_max_dbl": 2.35590076447,
  "target_azimuth_dbl": 81.5431747437,
  "target_azimuth_start_dbl": 77.942817688,
  "target_azimuth_end_dbl": 84.6508560181,
  "target_azimuth_min_dbl": 77.942817688,
  "target_azimuth_max_dbl": 84.6508560181,
  "sun_azimuth_dbl": 152.828231812,
  "sun_azimuth_min_dbl": 152.311798096,
  "sun_azimuth_max_dbl": 153.396179199,
  "sun_elevation_dbl": 67.5488891602,
  "sun_elevation_min_dbl": 67.020652771,
  "sun_elevation_max_dbl": 68.0126037598,
  "off_nadir_angle_dbl": 28.2590408325,
  "off_nadir_angle_start_dbl": 27.819272995,
  "off_nadir_angle_end_dbl": 28.6871986389,
  "off_nadir_angle_min_dbl": 27.819272995,
  "off_nadir_angle_max_dbl": 28.6871986389
}