{
  "img_filename": "golf_course_108_0_msrgb.jpg",
  "bounding_boxes": [
    {
      "category": "golf_course",
      "ID": 18727,
      "visible": "True",
      "box": [
        28,
        9,
        185,
        186
      ]
    }
  ],
  "gsd": 1.97521162033,
  "img_width": 251,
  "img_height": 209,
  "mean_pixel_height": 1.7869392344528e-05,
  "mean_pixel_width": 1.7894727091639e-05,
  "utm": "16S",
  "country_code": "USA",
  "cloud_cover": 18,
  "timestamp": "2010-07-05T16:30:41Z",
  "scan_direction": "Forward",
  "approximate_wavelengths": [
    661,
    545,
    477
  ],
  "pan_resolution_dbl": 0.492927491665,
  "pan_resolution_start_dbl": 0.497199237347,
  "pan_resolution_end_dbl": 0.489661037922,
  "pan_resolution_min_dbl": 0.489661037922,
  "pan_resolution_max_dbl": 0.497199237347,
  "multi_resolution_dbl": 1.97521162033,
  "multi_resolution_start_dbl": 1.99218451977,
  "multi_resolution_end_dbl": 1.96197736263,
  "multi_resolution_min_dbl": 1.96197736263,
  "multi_resolution_max_dbl": 1.99218451977,
  "target_azimuth_dbl": 309.450775146,
  "target_azimuth_start_dbl": 311.516937256,
  "target_azimuth_end_dbl": 307.652954102,
  "target_azimuth_min_dbl": 307.652954102,
  "target_azimuth_max_dbl": 311.516937256,
  "sun_azimuth_dbl": 120.200271606,
  "sun_azimuth_min_dbl": 119.381813049,
  "sun_azimuth_max_dbl": 121.183067322,
  "sun_elevation_dbl": 70.9820556641,
  "sun_elevation_min_dbl": 70.7630233765,
  "sun_elevation_max_dbl": 71.1591949463,
  "off_nadir_angle_dbl": 14.9387407303,
  "off_nadir_angle_start_dbl": 15.925330162,
  "off_nadir_angle_end_dbl": 14.1377496719,
  "off_nadir_angle_min_dbl": 14.1377496719,
  "off_nadir_angle_max_dbl": 15.925330162
}