{
  "img_filename": "golf_course_110_0_msrgb.jpg",
  "bounding_boxes": [
    {
      "category": "golf_course",
      "ID": 19148,
      "visible": "True",
      "box": [
        4,
        30,
        199,
        106
      ]
    }
  ],
  "gsd": 2.30143737793,
  "img_width": 219,
  "img_height": 157,
  "mean_pixel_height": 2.0583438853534e-05,
  "mean_pixel_width": 2.0509484018312e-05,
  "utm": "54T",
  "country_code": "JPN",
  "cloud_cover": 8,
  "timestamp": "2014-05-21T01:38:45Z",
  "scan_direction": "Forward",
  "approximate_wavelengths": [
    661,
    545,
    477
  ],
  "pan_resolution_dbl": 0.574991762638,
  "pan_resolution_start_dbl": 0.586077392101,
  "pan_resolution_end_dbl": 0.565971851349,
  "pan_resolution_min_dbl": 0.565971851349,
  "pan_resolution_max_dbl": 0.586077392101,
  "multi_resolution_dbl": 2.30143737793,
  "multi_resolution_start_dbl": 2.34564495087,
  "multi_resolution_end_dbl": 2.26490354538,
  "multi_resolution_min_dbl": 2.26490354538,
  "multi_resolution_max_dbl": 2.34564495087,
  "target_azimuth_dbl": 351.450469971,
  "target_azimuth_start_dbl": 351.18762207,
  "target_azimuth_end_dbl": 351.699768066,
  "target_azimuth_min_dbl": 351.18762207,
  "target_azimuth_max_dbl": 351.699768066,
  "sun_azimuth_dbl": 154.877319336,
  "sun_azimuth_min_dbl": 154.621871948,
  "sun_azimuth_max_dbl": 155.168640137,
  "sun_elevation_dbl": 64.2653198242,
  "sun_elevation_min_dbl": 63.9251441956,
  "sun_elevation_max_dbl": 64.5592041016,
  "off_nadir_angle_dbl": 27.1521167755,
  "off_nadir_angle_start_dbl": 28.2502765656,
  "off_nadir_angle_end_dbl": 26.2090396881,
  "off_nadir_angle_min_dbl": 26.2090396881,
  "off_nadir_angle_max_dbl": 28.2502765656
}