{
  "img_filename": "crop_field_1044_0_rgb.jpg",
  "bounding_boxes": [
    {
      "category": "crop_field",
      "ID": 23659,
      "visible": "True",
      "box": [
        328,
        316,
        233,
        224
      ]
    }
  ],
  "gsd": 0.473282784224,
  "img_width": 1049,
  "img_height": 1032,
  "mean_pixel_height": 4.280894573644e-06,
  "mean_pixel_width": 4.28176970448e-06,
  "utm": "30P",
  "country_code": "BFA",
  "cloud_cover": 0,
  "timestamp": "2014-12-17T10:56:00Z",
  "scan_direction": "Forward",
  "approximate_wavelengths": [
    661,
    545,
    477
  ],
  "pan_resolution_dbl": 0.473282784224,
  "pan_resolution_start_dbl": 0.469762593508,
  "pan_resolution_end_dbl": 0.476871579885,
  "pan_resolution_min_dbl": 0.469762593508,
  "pan_resolution_max_dbl": 0.476871579885,
  "multi_resolution_dbl": 1.89841651917,
  "multi_resolution_start_dbl": 1.88400423527,
  "multi_resolution_end_dbl": 1.91281628609,
  "multi_resolution_min_dbl": 1.88400423527,
  "multi_resolution_max_dbl": 1.91281628609,
  "target_azimuth_dbl": 154.071151733,
  "target_azimuth_start_dbl": 154.300109863,
  "target_azimuth_end_dbl": 153.952331543,
  "target_azimuth_min_dbl": 153.952331543,
  "target_azimuth_max_dbl": 154.300109863,
  "sun_azimuth_dbl": 155.631912231,
  "sun_azimuth_min_dbl": 155.405807495,
  "sun_azimuth_max_dbl": 155.878601074,
  "sun_elevation_dbl": 50.7640800476,
  "sun_elevation_min_dbl": 50.2387199402,
  "sun_elevation_max_dbl": 51.2363586426,
  "off_nadir_angle_dbl": 9.49225330353,
  "off_nadir_angle_start_dbl": 7.93708992004,
  "off_nadir_angle_end_dbl": 10.895907402,
  "off_nadir_angle_min_dbl": 7.93708992004,
  "off_nadir_angle_max_dbl": 10.895907402
}