{
  "img_filename": "golf_course_107_4_rgb.jpg",
  "bounding_boxes": [
    {
      "category": "golf_course",
      "ID": 18645,
      "visible": "True",
      "box": [
        14,
        141,
        1242,
        755
      ]
    }
  ],
  "gsd": 0.38294133544,
  "img_width": 1313,
  "img_height": 992,
  "mean_pixel_height": 3.421270463707e-06,
  "mean_pixel_width": 3.420850342728e-06,
  "utm": "19G",
  "country_code": "ARG",
  "cloud_cover": 0,
  "timestamp": "2016-02-11T15:12:50Z",
  "scan_direction": "Reverse",
  "approximate_wavelengths": [
    661,
    545,
    477
  ],
  "pan_resolution_dbl": 0.38294133544,
  "pan_resolution_start_dbl": 0.380645394325,
  "pan_resolution_end_dbl": 0.384682327509,
  "pan_resolution_min_dbl": 0.380645394325,
  "pan_resolution_max_dbl": 0.384682327509,
  "multi_resolution_dbl": 1.53201651573,
  "multi_resolution_start_dbl": 1.52283608913,
  "multi_resolution_end_dbl": 1.53897833824,
  "multi_resolution_min_dbl": 1.52283608913,
  "multi_resolution_max_dbl": 1.53897833824,
  "target_azimuth_dbl": 69.9360961914,
  "target_azimuth_start_dbl": 69.0725097656,
  "target_azimuth_end_dbl": 70.6090240479,
  "target_azimuth_min_dbl": 69.0725097656,
  "target_azimuth_max_dbl": 70.6090240479,
  "sun_azimuth_dbl": 48.4880332947,
  "sun_azimuth_min_dbl": 48.2118415833,
  "sun_azimuth_max_dbl": 48.84324646,
  "sun_elevation_dbl": 54.3560943604,
  "sun_elevation_min_dbl": 54.1999855042,
  "sun_elevation_max_dbl": 54.5534934998,
  "off_nadir_angle_dbl": 26.5428314209,
  "off_nadir_angle_start_dbl": 26.1829586029,
  "off_nadir_angle_end_dbl": 26.8236713409,
  "off_nadir_angle_min_dbl": 26.1829586029,
  "off_nadir_angle_max_dbl": 26.8236713409
}