{
  "img_filename": "golf_course_14_3_rgb.jpg",
  "bounding_boxes": [
    {
      "category": "golf_course",
      "ID": 1808,
      "visible": "True",
      "box": [
        120,
        138,
        761,
        277
      ]
    }
  ],
  "gsd": 0.56790459156,
  "img_width": 885,
  "img_height": 686,
  "mean_pixel_height": 5.070297230326e-06,
  "mean_pixel_width": 5.075227118652e-06,
  "utm": "13S",
  "country_code": "USA",
  "cloud_cover": 0,
  "timestamp": "2014-03-23T17:56:17Z",
  "scan_direction": "Reverse",
  "approximate_wavelengths": [
    661,
    545,
    477
  ],
  "pan_resolution_dbl": 0.56790459156,
  "pan_resolution_start_dbl": 0.567905724049,
  "pan_resolution_end_dbl": 0.575657069683,
  "pan_resolution_min_dbl": 0.564216256142,
  "pan_resolution_max_dbl": 0.575657069683,
  "multi_resolution_dbl": 2.2703871727,
  "multi_resolution_start_dbl": 2.27156329155,
  "multi_resolution_end_dbl": 2.30022406578,
  "multi_resolution_min_dbl": 2.25593972206,
  "multi_resolution_max_dbl": 2.30022406578,
  "target_azimuth_dbl": 281.565124512,
  "target_azimuth_start_dbl": 265.946594238,
  "target_azimuth_end_dbl": 295.015808105,
  "target_azimuth_min_dbl": 265.946594238,
  "target_azimuth_max_dbl": 295.015808105,
  "sun_azimuth_dbl": 153.026779175,
  "sun_azimuth_min_dbl": 152.695205688,
  "sun_azimuth_max_dbl": 153.32081604,
  "sun_elevation_dbl": 48.4264068604,
  "sun_elevation_min_dbl": 47.9732017517,
  "sun_elevation_max_dbl": 48.9416236877,
  "off_nadir_angle_dbl": 26.4750785828,
  "off_nadir_angle_start_dbl": 26.5456962585,
  "off_nadir_angle_end_dbl": 27.2075881958,
  "off_nadir_angle_min_dbl": 26.1143493652,
  "off_nadir_angle_max_dbl": 27.2075881958
}