{
  "img_filename": "golf_course_14_17_rgb.jpg",
  "bounding_boxes": [
    {
      "category": "golf_course",
      "ID": 1808,
      "visible": "True",
      "box": [
        136,
        157,
        865,
        315
      ]
    }
  ],
  "gsd": 0.495941728353,
  "img_width": 1004,
  "img_height": 776,
  "mean_pixel_height": 4.476886645839e-06,
  "mean_pixel_width": 4.476886645842e-06,
  "utm": "13S",
  "country_code": "USA",
  "cloud_cover": 0,
  "timestamp": "2012-08-21T18:28:09Z",
  "scan_direction": "Forward",
  "approximate_wavelengths": [
    661,
    545,
    477
  ],
  "pan_resolution_dbl": 0.495941728353,
  "pan_resolution_start_dbl": 0.495413482189,
  "pan_resolution_end_dbl": 0.496570706367,
  "pan_resolution_min_dbl": 0.495413482189,
  "pan_resolution_max_dbl": 0.496570706367,
  "multi_resolution_dbl": 1.98878002167,
  "multi_resolution_start_dbl": 1.98656177521,
  "multi_resolution_end_dbl": 1.99121522903,
  "multi_resolution_min_dbl": 1.98656177521,
  "multi_resolution_max_dbl": 1.99121522903,
  "target_azimuth_dbl": 70.530418396,
  "target_azimuth_start_dbl": 67.5721817017,
  "target_azimuth_end_dbl": 73.2396392822,
  "target_azimuth_min_dbl": 67.5721817017,
  "target_azimuth_max_dbl": 73.2396392822,
  "sun_azimuth_dbl": 162.246200562,
  "sun_azimuth_min_dbl": 162.127853394,
  "sun_azimuth_max_dbl": 162.372299194,
  "sun_elevation_dbl": 61.263217926,
  "sun_elevation_min_dbl": 61.0008239746,
  "sun_elevation_max_dbl": 61.5062637329,
  "off_nadir_angle_dbl": 15.6261177063,
  "off_nadir_angle_start_dbl": 15.4858856201,
  "off_nadir_angle_end_dbl": 15.7769041061,
  "off_nadir_angle_min_dbl": 15.4858856201,
  "off_nadir_angle_max_dbl": 15.7769041061
}