{
  "img_filename": "crop_field_1014_1_msrgb.jpg",
  "bounding_boxes": [
    {
      "category": "crop_field",
      "ID": 23005,
      "visible": "True",
      "box": [
        51,
        7,
        95,
        121
      ]
    }
  ],
  "gsd": 2.57669091225,
  "img_width": 197,
  "img_height": 132,
  "mean_pixel_height": 2.2700511363617e-05,
  "mean_pixel_width": 2.2799880304567e-05,
  "utm": "31U",
  "country_code": "FRA",
  "cloud_cover": 0,
  "timestamp": "2009-08-31T11:03:18Z",
  "scan_direction": "Forward",
  "approximate_wavelengths": [
    661,
    545,
    477
  ],
  "pan_resolution_dbl": 0.644509553909,
  "pan_resolution_start_dbl": 0.661952316761,
  "pan_resolution_end_dbl": 0.645906507969,
  "pan_resolution_min_dbl": 0.637851893902,
  "pan_resolution_max_dbl": 0.661952316761,
  "multi_resolution_dbl": 2.57669091225,
  "multi_resolution_start_dbl": 2.64659380913,
  "multi_resolution_end_dbl": 2.58210754395,
  "multi_resolution_min_dbl": 2.55003786087,
  "multi_resolution_max_dbl": 2.64659380913,
  "target_azimuth_dbl": 133.521850586,
  "target_azimuth_start_dbl": 171.501083374,
  "target_azimuth_end_dbl": 91.7567520142,
  "target_azimuth_min_dbl": 91.7567520142,
  "target_azimuth_max_dbl": 171.501083374,
  "sun_azimuth_dbl": 161.634933472,
  "sun_azimuth_min_dbl": 161.428100586,
  "sun_azimuth_max_dbl": 161.85333252,
  "sun_elevation_dbl": 48.4661064148,
  "sun_elevation_min_dbl": 47.4237594604,
  "sun_elevation_max_dbl": 49.4048423767,
  "off_nadir_angle_dbl": 13.2046546936,
  "off_nadir_angle_start_dbl": 16.7825260162,
  "off_nadir_angle_end_dbl": 13.4732608795,
  "off_nadir_angle_min_dbl": 11.6625146866,
  "off_nadir_angle_max_dbl": 16.7825260162
}