{
  "img_filename": "crop_field_1052_0_rgb.jpg",
  "bounding_boxes": [
    {
      "category": "crop_field",
      "ID": 23838,
      "visible": "True",
      "box": [
        373,
        152,
        270,
        417
      ]
    }
  ],
  "gsd": 0.5024304986,
  "img_width": 1011,
  "img_height": 713,
  "mean_pixel_height": 4.445601683032e-06,
  "mean_pixel_width": 4.442706656774e-06,
  "utm": "32T",
  "country_code": "ITA",
  "cloud_cover": 0,
  "timestamp": "2016-07-28T10:19:13Z",
  "scan_direction": "Reverse",
  "approximate_wavelengths": [
    661,
    545,
    477
  ],
  "pan_resolution_dbl": 0.5024304986,
  "pan_resolution_start_dbl": 0.492497175932,
  "pan_resolution_end_dbl": 0.513141870499,
  "pan_resolution_min_dbl": 0.492497175932,
  "pan_resolution_max_dbl": 0.513141870499,
  "multi_resolution_dbl": 2.00195980072,
  "multi_resolution_start_dbl": 1.96309912205,
  "multi_resolution_end_dbl": 2.04431962967,
  "multi_resolution_min_dbl": 1.96309912205,
  "multi_resolution_max_dbl": 2.04431962967,
  "target_azimuth_dbl": 312.238800049,
  "target_azimuth_start_dbl": 298.158966064,
  "target_azimuth_end_dbl": 322.346435547,
  "target_azimuth_min_dbl": 298.158966064,
  "target_azimuth_max_dbl": 322.346435547,
  "sun_azimuth_dbl": 143.947753906,
  "sun_azimuth_min_dbl": 143.585693359,
  "sun_azimuth_max_dbl": 144.253707886,
  "sun_elevation_dbl": 59.3412971497,
  "sun_elevation_min_dbl": 59.1183547974,
  "sun_elevation_max_dbl": 59.6042785645,
  "off_nadir_angle_dbl": 16.3353672028,
  "off_nadir_angle_start_dbl": 14.1528530121,
  "off_nadir_angle_end_dbl": 18.4947242737,
  "off_nadir_angle_min_dbl": 14.1528530121,
  "off_nadir_angle_max_dbl": 18.4947242737
}