{
  "img_filename": "crop_field_1089_2_rgb.jpg",
  "bounding_boxes": [
    {
      "category": "crop_field",
      "ID": 24621,
      "visible": "True",
      "box": [
        190,
        6,
        638,
        693
      ]
    }
  ],
  "gsd": 0.470593899488,
  "img_width": 1060,
  "img_height": 705,
  "mean_pixel_height": 4.235336879435e-06,
  "mean_pixel_width": 4.237336245283e-06,
  "utm": "31U",
  "country_code": "FRA",
  "cloud_cover": 0,
  "timestamp": "2011-08-10T11:13:17Z",
  "scan_direction": "Forward",
  "approximate_wavelengths": [
    661,
    545,
    477
  ],
  "pan_resolution_dbl": 0.470593899488,
  "pan_resolution_start_dbl": 0.472103744745,
  "pan_resolution_end_dbl": 0.469405114651,
  "pan_resolution_min_dbl": 0.469405114651,
  "pan_resolution_max_dbl": 0.472103744745,
  "multi_resolution_dbl": 1.88624453545,
  "multi_resolution_start_dbl": 1.89254891872,
  "multi_resolution_end_dbl": 1.88167083263,
  "multi_resolution_min_dbl": 1.88167083263,
  "multi_resolution_max_dbl": 1.89254891872,
  "target_azimuth_dbl": 290.001861572,
  "target_azimuth_start_dbl": 296.617553711,
  "target_azimuth_end_dbl": 283.759887695,
  "target_azimuth_min_dbl": 283.759887695,
  "target_azimuth_max_dbl": 296.617553711,
  "sun_azimuth_dbl": 161.258285522,
  "sun_azimuth_min_dbl": 161.12437439,
  "sun_azimuth_max_dbl": 161.418579102,
  "sun_elevation_dbl": 55.833114624,
  "sun_elevation_min_dbl": 55.4417114258,
  "sun_elevation_max_dbl": 56.1538276672,
  "off_nadir_angle_dbl": 6.19258499146,
  "off_nadir_angle_start_dbl": 7.11340475082,
  "off_nadir_angle_end_dbl": 5.47565507889,
  "off_nadir_angle_min_dbl": 5.47565507889,
  "off_nadir_angle_max_dbl": 7.11340475082
}