{
  "img_filename": "golf_course_151_14_rgb.jpg",
  "bounding_boxes": [
    {
      "category": "golf_course",
      "ID": 27173,
      "visible": "True",
      "box": [
        113,
        55,
        760,
        584
      ]
    }
  ],
  "gsd": 0.546352803707,
  "img_width": 914,
  "img_height": 652,
  "mean_pixel_height": 4.917000661028e-06,
  "mean_pixel_width": 4.917000661028e-06,
  "utm": "20T",
  "country_code": "CAN",
  "cloud_cover": 0,
  "timestamp": "2016-08-03T14:58:41Z",
  "scan_direction": "Forward",
  "approximate_wavelengths": [
    661,
    545,
    477
  ],
  "pan_resolution_dbl": 0.546352803707,
  "pan_resolution_start_dbl": 0.547640681267,
  "pan_resolution_end_dbl": 0.54521459341,
  "pan_resolution_min_dbl": 0.54521459341,
  "pan_resolution_max_dbl": 0.547640681267,
  "multi_resolution_dbl": 2.18891882896,
  "multi_resolution_start_dbl": 2.19441485405,
  "multi_resolution_end_dbl": 2.18477368355,
  "multi_resolution_min_dbl": 2.18477368355,
  "multi_resolution_max_dbl": 2.19441485405,
  "target_azimuth_dbl": 293.183746338,
  "target_azimuth_start_dbl": 293.75378418,
  "target_azimuth_end_dbl": 292.748626709,
  "target_azimuth_min_dbl": 292.748626709,
  "target_azimuth_max_dbl": 293.75378418,
  "sun_azimuth_dbl": 141.151657104,
  "sun_azimuth_min_dbl": 141.080245972,
  "sun_azimuth_max_dbl": 141.245407104,
  "sun_elevation_dbl": 57.8508911133,
  "sun_elevation_min_dbl": 57.7698631287,
  "sun_elevation_max_dbl": 57.91248703,
  "off_nadir_angle_dbl": 23.8949127197,
  "off_nadir_angle_start_dbl": 24.063999176,
  "off_nadir_angle_end_dbl": 23.7668075562,
  "off_nadir_angle_min_dbl": 23.7668075562,
  "off_nadir_angle_max_dbl": 24.063999176
}