{
  "img_filename": "golf_course_137_0_rgb.jpg",
  "bounding_boxes": [
    {
      "category": "golf_course",
      "ID": 23555,
      "visible": "True",
      "box": [
        4,
        44,
        768,
        475
      ]
    }
  ],
  "gsd": 0.648126363754,
  "img_width": 778,
  "img_height": 526,
  "mean_pixel_height": 5.77259828898e-06,
  "mean_pixel_width": 5.773235218504e-06,
  "utm": "10T",
  "country_code": "USA",
  "cloud_cover": 0,
  "timestamp": "2012-04-22T18:32:54Z",
  "scan_direction": "Forward",
  "approximate_wavelengths": [
    661,
    545,
    477
  ],
  "pan_resolution_dbl": 0.648126363754,
  "pan_resolution_start_dbl": 0.652645945549,
  "pan_resolution_end_dbl": 0.645045042038,
  "pan_resolution_min_dbl": 0.645045042038,
  "pan_resolution_max_dbl": 0.652645945549,
  "multi_resolution_dbl": 2.58618021011,
  "multi_resolution_start_dbl": 2.60401201248,
  "multi_resolution_end_dbl": 2.57403254509,
  "multi_resolution_min_dbl": 2.57403254509,
  "multi_resolution_max_dbl": 2.60401201248,
  "target_azimuth_dbl": 199.945037842,
  "target_azimuth_start_dbl": 202.33203125,
  "target_azimuth_end_dbl": 197.870986938,
  "target_azimuth_min_dbl": 197.870986938,
  "target_azimuth_max_dbl": 202.33203125,
  "sun_azimuth_dbl": 142.428115845,
  "sun_azimuth_min_dbl": 142.351715088,
  "sun_azimuth_max_dbl": 142.532302856,
  "sun_elevation_dbl": 49.8826599121,
  "sun_elevation_min_dbl": 49.7330970764,
  "sun_elevation_max_dbl": 49.9928207397,
  "off_nadir_angle_dbl": 7.97814083099,
  "off_nadir_angle_start_dbl": 9.55140209198,
  "off_nadir_angle_end_dbl": 6.81497049332,
  "off_nadir_angle_min_dbl": 6.81497049332,
  "off_nadir_angle_max_dbl": 9.55140209198
}