{
  "img_filename": "golf_course_137_6_rgb.jpg",
  "bounding_boxes": [
    {
      "category": "golf_course",
      "ID": 23555,
      "visible": "True",
      "box": [
        4,
        57,
        977,
        603
      ]
    }
  ],
  "gsd": 0.477542728186,
  "img_width": 989,
  "img_height": 669,
  "mean_pixel_height": 4.538694618839e-06,
  "mean_pixel_width": 4.541533872595e-06,
  "utm": "10T",
  "country_code": "USA",
  "cloud_cover": 0,
  "timestamp": "2016-05-07T19:04:41Z",
  "scan_direction": "Forward",
  "approximate_wavelengths": [
    661,
    545,
    477
  ],
  "pan_resolution_dbl": 0.477542728186,
  "pan_resolution_start_dbl": 0.480319112539,
  "pan_resolution_end_dbl": 0.475331753492,
  "pan_resolution_min_dbl": 0.475331753492,
  "pan_resolution_max_dbl": 0.480319112539,
  "multi_resolution_dbl": 1.91430389881,
  "multi_resolution_start_dbl": 1.9252256155,
  "multi_resolution_end_dbl": 1.90534484386,
  "multi_resolution_min_dbl": 1.90534484386,
  "multi_resolution_max_dbl": 1.9252256155,
  "target_azimuth_dbl": 285.958526611,
  "target_azimuth_start_dbl": 291.493560791,
  "target_azimuth_end_dbl": 280.366882324,
  "target_azimuth_min_dbl": 280.366882324,
  "target_azimuth_max_dbl": 291.493560791,
  "sun_azimuth_dbl": 152.020797729,
  "sun_azimuth_min_dbl": 151.728637695,
  "sun_azimuth_max_dbl": 152.335174561,
  "sun_elevation_dbl": 57.2943534851,
  "sun_elevation_min_dbl": 56.8546104431,
  "sun_elevation_max_dbl": 57.6962203979,
  "off_nadir_angle_dbl": 10.1520671844,
  "off_nadir_angle_start_dbl": 11.1214981079,
  "off_nadir_angle_end_dbl": 9.31132411957,
  "off_nadir_angle_min_dbl": 9.31132411957,
  "off_nadir_angle_max_dbl": 11.1214981079
}