{
  "img_filename": "golf_course_137_2_msrgb.jpg",
  "bounding_boxes": [
    {
      "category": "golf_course",
      "ID": 23555,
      "visible": "True",
      "box": [
        1,
        13,
        218,
        134
      ]
    }
  ],
  "gsd": 2.26957893372,
  "img_width": 221,
  "img_height": 149,
  "mean_pixel_height": 2.0378434228211e-05,
  "mean_pixel_width": 2.0323877828036e-05,
  "utm": "10T",
  "country_code": "USA",
  "cloud_cover": 0,
  "timestamp": "2013-07-13T19:51:13Z",
  "scan_direction": "Reverse",
  "approximate_wavelengths": [
    661,
    545,
    477
  ],
  "pan_resolution_dbl": 0.569501161575,
  "pan_resolution_start_dbl": 0.538482129574,
  "pan_resolution_end_dbl": 0.602754235268,
  "pan_resolution_min_dbl": 0.538482129574,
  "pan_resolution_max_dbl": 0.602754235268,
  "multi_resolution_dbl": 2.26957893372,
  "multi_resolution_start_dbl": 2.14643907547,
  "multi_resolution_end_dbl": 2.40223407745,
  "multi_resolution_min_dbl": 2.14643907547,
  "multi_resolution_max_dbl": 2.40223407745,
  "target_azimuth_dbl": 55.7748298645,
  "target_azimuth_start_dbl": 69.9615783691,
  "target_azimuth_end_dbl": 45.8111457825,
  "target_azimuth_min_dbl": 45.8111457825,
  "target_azimuth_max_dbl": 69.9615783691,
  "sun_azimuth_dbl": 167.151885986,
  "sun_azimuth_min_dbl": 166.816162109,
  "sun_azimuth_max_dbl": 167.428268433,
  "sun_elevation_dbl": 63.8843803406,
  "sun_elevation_min_dbl": 63.3888473511,
  "sun_elevation_max_dbl": 64.4646453857,
  "off_nadir_angle_dbl": 26.1362743378,
  "off_nadir_angle_start_dbl": 22.6616382599,
  "off_nadir_angle_end_dbl": 29.4122047424,
  "off_nadir_angle_min_dbl": 22.6616382599,
  "off_nadir_angle_max_dbl": 29.4122047424
}