{
  "img_filename": "crop_field_1139_0_msrgb.jpg",
  "bounding_boxes": [
    {
      "category": "crop_field",
      "ID": 25524,
      "visible": "True",
      "box": [
        78,
        75,
        50,
        42
      ]
    }
  ],
  "gsd": 1.48549878597,
  "img_width": 236,
  "img_height": 206,
  "mean_pixel_height": 1.9032100485437e-05,
  "mean_pixel_width": 1.9032103389829e-05,
  "utm": "39R",
  "country_code": "IRN",
  "cloud_cover": 0,
  "timestamp": "2016-06-26T07:36:40Z",
  "scan_direction": "Forward",
  "approximate_wavelengths": [
    661,
    545,
    477
  ],
  "pan_resolution_dbl": 0.370933741331,
  "pan_resolution_start_dbl": 0.368766695261,
  "pan_resolution_end_dbl": 0.372960209846,
  "pan_resolution_min_dbl": 0.368766695261,
  "pan_resolution_max_dbl": 0.372960209846,
  "multi_resolution_dbl": 1.48549878597,
  "multi_resolution_start_dbl": 1.47688472271,
  "multi_resolution_end_dbl": 1.49352955818,
  "multi_resolution_min_dbl": 1.47688472271,
  "multi_resolution_max_dbl": 1.49352955818,
  "target_azimuth_dbl": 191.81350708,
  "target_azimuth_start_dbl": 194.501998901,
  "target_azimuth_end_dbl": 189.641571045,
  "target_azimuth_min_dbl": 189.641571045,
  "target_azimuth_max_dbl": 194.501998901,
  "sun_azimuth_dbl": 110.389205933,
  "sun_azimuth_min_dbl": 108.708473206,
  "sun_azimuth_max_dbl": 112.400901794,
  "sun_elevation_dbl": 75.3150634766,
  "sun_elevation_min_dbl": 75.0775604248,
  "sun_elevation_max_dbl": 75.5023956299,
  "off_nadir_angle_dbl": 25.7969989777,
  "off_nadir_angle_start_dbl": 25.3925666809,
  "off_nadir_angle_end_dbl": 26.1664543152,
  "off_nadir_angle_min_dbl": 25.3925666809,
  "off_nadir_angle_max_dbl": 26.1664543152
}