{
  "img_filename": "crop_field_1140_0_rgb.jpg",
  "bounding_boxes": [
    {
      "category": "crop_field",
      "ID": 25533,
      "visible": "True",
      "box": [
        245,
        286,
        178,
        138
      ]
    }
  ],
  "gsd": 0.771094858646,
  "img_width": 671,
  "img_height": 654,
  "mean_pixel_height": 6.700567889908e-06,
  "mean_pixel_width": 6.693855439636e-06,
  "utm": "51P",
  "country_code": "PHL",
  "cloud_cover": 40,
  "timestamp": "2004-12-23T02:26:33Z",
  "scan_direction": "Forward",
  "approximate_wavelengths": [
    661,
    545,
    477
  ],
  "pan_resolution_dbl": 0.771094858646,
  "pan_resolution_start_dbl": 0.771094858646,
  "pan_resolution_end_dbl": 0.771094858646,
  "pan_resolution_min_dbl": 0.771094858646,
  "pan_resolution_max_dbl": 0.771094858646,
  "multi_resolution_dbl": 3.08316755295,
  "multi_resolution_start_dbl": 3.08316755295,
  "multi_resolution_end_dbl": 3.08316755295,
  "multi_resolution_min_dbl": 3.08316755295,
  "multi_resolution_max_dbl": 3.08316755295,
  "target_azimuth_dbl": 281.936389923,
  "target_azimuth_start_dbl": 275.732391357,
  "target_azimuth_end_dbl": 288.431884766,
  "target_azimuth_min_dbl": 275.732391357,
  "target_azimuth_max_dbl": 288.431884766,
  "sun_azimuth_dbl": 150.05944252,
  "sun_azimuth_min_dbl": 149.850143433,
  "sun_azimuth_max_dbl": 150.264862061,
  "sun_elevation_dbl": 46.5508403778,
  "sun_elevation_min_dbl": 46.1115951538,
  "sun_elevation_max_dbl": 46.9897918701,
  "off_nadir_angle_dbl": 28.4059350491,
  "off_nadir_angle_start_dbl": 29.3428344727,
  "off_nadir_angle_end_dbl": 27.6468639374,
  "off_nadir_angle_min_dbl": 27.6468639374,
  "off_nadir_angle_max_dbl": 29.3428344727
}