{
  "img_filename": "crop_field_1027_2_msrgb.jpg",
  "bounding_boxes": [
    {
      "category": "crop_field",
      "ID": 23332,
      "visible": "True",
      "box": [
        54,
        12,
        137,
        123
      ]
    }
  ],
  "gsd": 2.30263638496,
  "img_width": 216,
  "img_height": 170,
  "mean_pixel_height": 2.0776482352941e-05,
  "mean_pixel_width": 2.0794333333364e-05,
  "utm": "10S",
  "country_code": "USA",
  "cloud_cover": 0,
  "timestamp": "2015-06-24T19:28:20Z",
  "scan_direction": "Forward",
  "approximate_wavelengths": [
    661,
    545,
    477
  ],
  "pan_resolution_dbl": 0.574175536633,
  "pan_resolution_start_dbl": 0.565341889858,
  "pan_resolution_end_dbl": 0.583028435707,
  "pan_resolution_min_dbl": 0.565341889858,
  "pan_resolution_max_dbl": 0.583028435707,
  "multi_resolution_dbl": 2.30263638496,
  "multi_resolution_start_dbl": 2.26706457138,
  "multi_resolution_end_dbl": 2.33830022812,
  "multi_resolution_min_dbl": 2.26706457138,
  "multi_resolution_max_dbl": 2.33830022812,
  "target_azimuth_dbl": 109.38269043,
  "target_azimuth_start_dbl": 107.150283813,
  "target_azimuth_end_dbl": 111.445503235,
  "target_azimuth_min_dbl": 107.150283813,
  "target_azimuth_max_dbl": 111.445503235,
  "sun_azimuth_dbl": 145.252563477,
  "sun_azimuth_min_dbl": 144.500930786,
  "sun_azimuth_max_dbl": 146.023712158,
  "sun_elevation_dbl": 72.315246582,
  "sun_elevation_min_dbl": 71.9214630127,
  "sun_elevation_max_dbl": 72.6901550293,
  "off_nadir_angle_dbl": 27.227897644,
  "off_nadir_angle_start_dbl": 26.3093204498,
  "off_nadir_angle_end_dbl": 28.1142101288,
  "off_nadir_angle_min_dbl": 26.3093204498,
  "off_nadir_angle_max_dbl": 28.1142101288
}