{
  "img_filename": "crop_field_1027_1_rgb.jpg",
  "bounding_boxes": [
    {
      "category": "crop_field",
      "ID": 23332,
      "visible": "True",
      "box": [
        242,
        55,
        609,
        551
      ]
    }
  ],
  "gsd": 0.509136736393,
  "img_width": 962,
  "img_height": 757,
  "mean_pixel_height": 4.665788639366e-06,
  "mean_pixel_width": 4.668997921005e-06,
  "utm": "10S",
  "country_code": "USA",
  "cloud_cover": 2,
  "timestamp": "2014-10-29T19:20:25Z",
  "scan_direction": "Reverse",
  "approximate_wavelengths": [
    661,
    545,
    477
  ],
  "pan_resolution_dbl": 0.509136736393,
  "pan_resolution_start_dbl": 0.548943817616,
  "pan_resolution_end_dbl": 0.480815678835,
  "pan_resolution_min_dbl": 0.480815678835,
  "pan_resolution_max_dbl": 0.548943817616,
  "multi_resolution_dbl": 2.0392127037,
  "multi_resolution_start_dbl": 2.1997115612,
  "multi_resolution_end_dbl": 1.92488694191,
  "multi_resolution_min_dbl": 1.92488694191,
  "multi_resolution_max_dbl": 2.1997115612,
  "target_azimuth_dbl": 173.763763428,
  "target_azimuth_start_dbl": 177.72946167,
  "target_azimuth_end_dbl": 167.969268799,
  "target_azimuth_min_dbl": 167.969268799,
  "target_azimuth_max_dbl": 177.72946167,
  "sun_azimuth_dbl": 170.098052979,
  "sun_azimuth_min_dbl": 169.989837646,
  "sun_azimuth_max_dbl": 170.193954468,
  "sun_elevation_dbl": 37.5192070007,
  "sun_elevation_min_dbl": 37.0101356506,
  "sun_elevation_max_dbl": 38.0936660767,
  "off_nadir_angle_dbl": 17.9659404755,
  "off_nadir_angle_start_dbl": 24.5685787201,
  "off_nadir_angle_end_dbl": 11.7312221527,
  "off_nadir_angle_min_dbl": 11.7312221527,
  "off_nadir_angle_max_dbl": 24.5685787201
}