{
  "img_filename": "golf_course_149_5_rgb.jpg",
  "bounding_boxes": [
    {
      "category": "golf_course",
      "ID": 26450,
      "visible": "True",
      "box": [
        240,
        134,
        728,
        466
      ]
    }
  ],
  "gsd": 0.500624716282,
  "img_width": 1023,
  "img_height": 645,
  "mean_pixel_height": 4.387319224813e-06,
  "mean_pixel_width": 4.39059278651e-06,
  "utm": "31U",
  "country_code": "GBR",
  "cloud_cover": 0,
  "timestamp": "2012-03-28T11:23:31Z",
  "scan_direction": "Reverse",
  "approximate_wavelengths": [
    661,
    545,
    477
  ],
  "pan_resolution_dbl": 0.500624716282,
  "pan_resolution_start_dbl": 0.486438781023,
  "pan_resolution_end_dbl": 0.519525527954,
  "pan_resolution_min_dbl": 0.486438781023,
  "pan_resolution_max_dbl": 0.519525527954,
  "multi_resolution_dbl": 1.99890553951,
  "multi_resolution_start_dbl": 1.94293379784,
  "multi_resolution_end_dbl": 2.07383823395,
  "multi_resolution_min_dbl": 1.94293379784,
  "multi_resolution_max_dbl": 2.07383823395,
  "target_azimuth_dbl": 320.441040039,
  "target_azimuth_start_dbl": 302.896850586,
  "target_azimuth_end_dbl": 333.188415527,
  "target_azimuth_min_dbl": 302.896850586,
  "target_azimuth_max_dbl": 333.188415527,
  "sun_azimuth_dbl": 166.172088623,
  "sun_azimuth_min_dbl": 166.054763794,
  "sun_azimuth_max_dbl": 166.287078857,
  "sun_elevation_dbl": 41.2001190186,
  "sun_elevation_min_dbl": 40.792755127,
  "sun_elevation_max_dbl": 41.6112556458,
  "off_nadir_angle_dbl": 15.8594532013,
  "off_nadir_angle_start_dbl": 12.5305280685,
  "off_nadir_angle_end_dbl": 19.6394329071,
  "off_nadir_angle_min_dbl": 12.5305280685,
  "off_nadir_angle_max_dbl": 19.6394329071
}