{
  "img_filename": "golf_course_149_0_rgb.jpg",
  "bounding_boxes": [
    {
      "category": "golf_course",
      "ID": 26450,
      "visible": "True",
      "box": [
        199,
        111,
        605,
        386
      ]
    }
  ],
  "gsd": 0.582844138145,
  "img_width": 849,
  "img_height": 535,
  "mean_pixel_height": 5.289384859821e-06,
  "mean_pixel_width": 5.290431590813e-06,
  "utm": "31U",
  "country_code": "GBR",
  "cloud_cover": 2,
  "timestamp": "2014-07-03T11:50:58Z",
  "scan_direction": "Forward",
  "approximate_wavelengths": [
    661,
    545,
    477
  ],
  "pan_resolution_dbl": 0.582844138145,
  "pan_resolution_start_dbl": 0.574538767338,
  "pan_resolution_end_dbl": 0.590560138226,
  "pan_resolution_min_dbl": 0.574538767338,
  "pan_resolution_max_dbl": 0.590560138226,
  "multi_resolution_dbl": 2.33569931984,
  "multi_resolution_start_dbl": 2.30250620842,
  "multi_resolution_end_dbl": 2.36653089523,
  "multi_resolution_min_dbl": 2.30250620842,
  "multi_resolution_max_dbl": 2.36653089523,
  "target_azimuth_dbl": 87.2354812622,
  "target_azimuth_start_dbl": 83.7011260986,
  "target_azimuth_end_dbl": 90.1639251709,
  "target_azimuth_min_dbl": 83.7011260986,
  "target_azimuth_max_dbl": 90.1639251709,
  "sun_azimuth_dbl": 173.484008789,
  "sun_azimuth_min_dbl": 173.430679321,
  "sun_azimuth_max_dbl": 173.546829224,
  "sun_elevation_dbl": 61.5438461304,
  "sun_elevation_min_dbl": 60.9641075134,
  "sun_elevation_max_dbl": 62.0403938293,
  "off_nadir_angle_dbl": 27.926700592,
  "off_nadir_angle_start_dbl": 27.093164444,
  "off_nadir_angle_end_dbl": 28.674943924,
  "off_nadir_angle_min_dbl": 27.093164444,
  "off_nadir_angle_max_dbl": 28.674943924
}