{
  "img_filename": "golf_course_149_10_msrgb.jpg",
  "bounding_boxes": [
    {
      "category": "golf_course",
      "ID": 26450,
      "visible": "True",
      "box": [
        89,
        50,
        273,
        174
      ]
    }
  ],
  "gsd": 1.32012057304,
  "img_width": 382,
  "img_height": 242,
  "mean_pixel_height": 1.1739594741318e-05,
  "mean_pixel_width": 1.1739594741328e-05,
  "utm": "31U",
  "country_code": "GBR",
  "cloud_cover": 23,
  "timestamp": "2016-10-05T11:22:22Z",
  "scan_direction": "Forward",
  "approximate_wavelengths": [
    661,
    545,
    477
  ],
  "pan_resolution_dbl": 0.329950422049,
  "pan_resolution_start_dbl": 0.332806944847,
  "pan_resolution_end_dbl": 0.327575594187,
  "pan_resolution_min_dbl": 0.327575594187,
  "pan_resolution_max_dbl": 0.332806944847,
  "multi_resolution_dbl": 1.32012057304,
  "multi_resolution_start_dbl": 1.33155190945,
  "multi_resolution_end_dbl": 1.31061220169,
  "multi_resolution_min_dbl": 1.31061220169,
  "multi_resolution_max_dbl": 1.33155190945,
  "target_azimuth_dbl": 223.185165405,
  "target_azimuth_start_dbl": 227.006622314,
  "target_azimuth_end_dbl": 219.586044312,
  "target_azimuth_min_dbl": 219.586044312,
  "target_azimuth_max_dbl": 227.006622314,
  "sun_azimuth_dbl": 172.361053467,
  "sun_azimuth_min_dbl": 172.358657837,
  "sun_azimuth_max_dbl": 172.363372803,
  "sun_elevation_dbl": 33.4558563232,
  "sun_elevation_min_dbl": 32.8972320557,
  "sun_elevation_max_dbl": 33.9478569031,
  "off_nadir_angle_dbl": 14.8876581192,
  "off_nadir_angle_start_dbl": 15.8797225952,
  "off_nadir_angle_end_dbl": 14.0225334167,
  "off_nadir_angle_min_dbl": 14.0225334167,
  "off_nadir_angle_max_dbl": 15.8797225952
}