{
  "img_filename": "golf_course_136_3_rgb.jpg",
  "bounding_boxes": [
    {
      "category": "golf_course",
      "ID": 23403,
      "visible": "True",
      "box": [
        0,
        151,
        886,
        625
      ]
    }
  ],
  "gsd": 0.552189946175,
  "img_width": 900,
  "img_height": 858,
  "mean_pixel_height": 4.994159207457e-06,
  "mean_pixel_width": 4.990640555557e-06,
  "utm": "19Q",
  "country_code": "DOM",
  "cloud_cover": 8,
  "timestamp": "2016-09-07T15:15:04Z",
  "scan_direction": "Forward",
  "approximate_wavelengths": [
    661,
    545,
    477
  ],
  "pan_resolution_dbl": 0.552189946175,
  "pan_resolution_start_dbl": 0.567339122295,
  "pan_resolution_end_dbl": 0.540529429913,
  "pan_resolution_min_dbl": 0.540529429913,
  "pan_resolution_max_dbl": 0.567339122295,
  "multi_resolution_dbl": 2.21104884148,
  "multi_resolution_start_dbl": 2.27160739899,
  "multi_resolution_end_dbl": 2.16421151161,
  "multi_resolution_min_dbl": 2.16421151161,
  "multi_resolution_max_dbl": 2.27160739899,
  "target_azimuth_dbl": 347.628143311,
  "target_azimuth_start_dbl": 347.41519165,
  "target_azimuth_end_dbl": 347.857879639,
  "target_azimuth_min_dbl": 347.41519165,
  "target_azimuth_max_dbl": 347.857879639,
  "sun_azimuth_dbl": 119.436325073,
  "sun_azimuth_min_dbl": 118.503303528,
  "sun_azimuth_max_dbl": 120.554626465,
  "sun_elevation_dbl": 66.2613983154,
  "sun_elevation_min_dbl": 65.951385498,
  "sun_elevation_max_dbl": 66.5126876831,
  "off_nadir_angle_dbl": 25.0139312744,
  "off_nadir_angle_start_dbl": 26.7391757965,
  "off_nadir_angle_end_dbl": 23.5969791412,
  "off_nadir_angle_min_dbl": 23.5969791412,
  "off_nadir_angle_max_dbl": 26.7391757965
}