{
  "img_filename": "crop_field_1045_0_msrgb.jpg",
  "bounding_boxes": [
    {
      "category": "crop_field",
      "ID": 23719,
      "visible": "True",
      "box": [
        52,
        101,
        67,
        65
      ]
    }
  ],
  "gsd": 2.23744344711,
  "img_width": 220,
  "img_height": 214,
  "mean_pixel_height": 2.0401539719628e-05,
  "mean_pixel_width": 2.0416254545485e-05,
  "utm": "51P",
  "country_code": "PHL",
  "cloud_cover": 6,
  "timestamp": "2014-05-27T03:05:01Z",
  "scan_direction": "Reverse",
  "approximate_wavelengths": [
    661,
    545,
    477
  ],
  "pan_resolution_dbl": 0.560899734497,
  "pan_resolution_start_dbl": 0.557593166828,
  "pan_resolution_end_dbl": 0.571375072002,
  "pan_resolution_min_dbl": 0.55577558279,
  "pan_resolution_max_dbl": 0.571375072002,
  "multi_resolution_dbl": 2.23744344711,
  "multi_resolution_start_dbl": 2.22578310966,
  "multi_resolution_end_dbl": 2.27844810486,
  "multi_resolution_min_dbl": 2.21785187721,
  "multi_resolution_max_dbl": 2.27844810486,
  "target_azimuth_dbl": 85.9428939819,
  "target_azimuth_start_dbl": 102.27646637,
  "target_azimuth_end_dbl": 72.4186553955,
  "target_azimuth_min_dbl": 72.4186553955,
  "target_azimuth_max_dbl": 102.27646637,
  "sun_azimuth_dbl": 58.1856155396,
  "sun_azimuth_min_dbl": 56.2074012756,
  "sun_azimuth_max_dbl": 59.942237854,
  "sun_elevation_dbl": 76.3656768799,
  "sun_elevation_min_dbl": 76.0274581909,
  "sun_elevation_max_dbl": 76.6497650146,
  "off_nadir_angle_dbl": 25.9079627991,
  "off_nadir_angle_start_dbl": 25.5563049316,
  "off_nadir_angle_end_dbl": 27.0108737946,
  "off_nadir_angle_min_dbl": 25.354511261,
  "off_nadir_angle_max_dbl": 27.0108737946
}