{
  "img_filename": "golf_course_105_3_msrgb.jpg",
  "bounding_boxes": [
    {
      "category": "golf_course",
      "ID": 18309,
      "visible": "True",
      "box": [
        16,
        13,
        193,
        140
      ]
    }
  ],
  "gsd": 1.81789278984,
  "img_width": 241,
  "img_height": 220,
  "mean_pixel_height": 1.8607943636359e-05,
  "mean_pixel_width": 1.8637246473027e-05,
  "utm": "36J",
  "country_code": "ZAF",
  "cloud_cover": 0,
  "timestamp": "2013-05-25T08:02:19Z",
  "scan_direction": "Reverse",
  "approximate_wavelengths": [
    661,
    545,
    477
  ],
  "pan_resolution_dbl": 0.454226851463,
  "pan_resolution_start_dbl": 0.427538603544,
  "pan_resolution_end_dbl": 0.486720174551,
  "pan_resolution_min_dbl": 0.427538603544,
  "pan_resolution_max_dbl": 0.486720174551,
  "multi_resolution_dbl": 1.81789278984,
  "multi_resolution_start_dbl": 1.71070027351,
  "multi_resolution_end_dbl": 1.94834756851,
  "multi_resolution_min_dbl": 1.71070027351,
  "multi_resolution_max_dbl": 1.94834756851,
  "target_azimuth_dbl": 354.37600708,
  "target_azimuth_start_dbl": 3.11606550217,
  "target_azimuth_end_dbl": 348.899627686,
  "target_azimuth_min_dbl": 3.11606550217,
  "target_azimuth_max_dbl": 359.341369629,
  "sun_azimuth_dbl": 32.2225036621,
  "sun_azimuth_min_dbl": 31.740032196,
  "sun_azimuth_max_dbl": 32.6925239563,
  "sun_elevation_dbl": 37.0680198669,
  "sun_elevation_min_dbl": 36.8406982422,
  "sun_elevation_max_dbl": 37.2971687317,
  "off_nadir_angle_dbl": 18.7036933899,
  "off_nadir_angle_start_dbl": 12.2166061401,
  "off_nadir_angle_end_dbl": 24.6991405487,
  "off_nadir_angle_min_dbl": 12.2166061401,
  "off_nadir_angle_max_dbl": 24.6991405487
}