{
  "img_filename": "golf_course_105_2_rgb.jpg",
  "bounding_boxes": [
    {
      "category": "golf_course",
      "ID": 18309,
      "visible": "True",
      "box": [
        63,
        50,
        725,
        528
      ]
    }
  ],
  "gsd": 0.518389225006,
  "img_width": 908,
  "img_height": 828,
  "mean_pixel_height": 4.944139613525e-06,
  "mean_pixel_width": 4.946670044052e-06,
  "utm": "36J",
  "country_code": "ZAF",
  "cloud_cover": 0,
  "timestamp": "2015-03-10T08:21:27Z",
  "scan_direction": "Forward",
  "approximate_wavelengths": [
    661,
    545,
    477
  ],
  "pan_resolution_dbl": 0.518389225006,
  "pan_resolution_start_dbl": 0.556041479111,
  "pan_resolution_end_dbl": 0.492297589779,
  "pan_resolution_min_dbl": 0.492297589779,
  "pan_resolution_max_dbl": 0.556041479111,
  "multi_resolution_dbl": 2.0760614872,
  "multi_resolution_start_dbl": 2.22605061531,
  "multi_resolution_end_dbl": 1.97260808945,
  "multi_resolution_min_dbl": 1.97260808945,
  "multi_resolution_max_dbl": 2.22605061531,
  "target_azimuth_dbl": 154.68711853,
  "target_azimuth_start_dbl": 163.93913269,
  "target_azimuth_end_dbl": 143.016525269,
  "target_azimuth_min_dbl": 143.016525269,
  "target_azimuth_max_dbl": 163.93913269,
  "sun_azimuth_dbl": 54.8914642334,
  "sun_azimuth_min_dbl": 54.1670799255,
  "sun_azimuth_max_dbl": 55.5190849304,
  "sun_elevation_dbl": 58.1239433289,
  "sun_elevation_min_dbl": 57.7725715637,
  "sun_elevation_max_dbl": 58.4233398438,
  "off_nadir_angle_dbl": 19.0272541046,
  "off_nadir_angle_start_dbl": 24.7773532867,
  "off_nadir_angle_end_dbl": 14.0750017166,
  "off_nadir_angle_min_dbl": 14.0750017166,
  "off_nadir_angle_max_dbl": 24.7773532867
}