{
  "img_filename": "crop_field_1109_0_rgb.jpg",
  "bounding_boxes": [
    {
      "category": "crop_field",
      "ID": 24991,
      "visible": "True",
      "box": [
        8,
        127,
        793,
        420
      ]
    }
  ],
  "gsd": 0.593939065933,
  "img_width": 841,
  "img_height": 669,
  "mean_pixel_height": 5.34002526158e-06,
  "mean_pixel_width": 5.340757431607e-06,
  "utm": "55H",
  "country_code": "AUS",
  "cloud_cover": 2,
  "timestamp": "2016-04-27T00:35:12Z",
  "scan_direction": "Reverse",
  "approximate_wavelengths": [
    661,
    545,
    477
  ],
  "pan_resolution_dbl": 0.593939065933,
  "pan_resolution_start_dbl": 0.594777941704,
  "pan_resolution_end_dbl": 0.59351837635,
  "pan_resolution_min_dbl": 0.59351837635,
  "pan_resolution_max_dbl": 0.594777941704,
  "multi_resolution_dbl": 2.37638902664,
  "multi_resolution_start_dbl": 2.37987518311,
  "multi_resolution_end_dbl": 2.37459278107,
  "multi_resolution_min_dbl": 2.37459278107,
  "multi_resolution_max_dbl": 2.37987518311,
  "target_azimuth_dbl": 74.5401229858,
  "target_azimuth_start_dbl": 70.8329925537,
  "target_azimuth_end_dbl": 77.8045501709,
  "target_azimuth_min_dbl": 70.8329925537,
  "target_azimuth_max_dbl": 77.8045501709,
  "sun_azimuth_dbl": 29.822177887,
  "sun_azimuth_min_dbl": 29.6280841827,
  "sun_azimuth_max_dbl": 30.0430164337,
  "sun_elevation_dbl": 33.4837532043,
  "sun_elevation_min_dbl": 33.0430793762,
  "sun_elevation_max_dbl": 33.983959198,
  "off_nadir_angle_dbl": 28.4718151093,
  "off_nadir_angle_start_dbl": 28.564622879,
  "off_nadir_angle_end_dbl": 28.4374389648,
  "off_nadir_angle_min_dbl": 28.4349918365,
  "off_nadir_angle_max_dbl": 28.564622879
}