{
  "img_filename": "crop_field_1093_1_rgb.jpg",
  "bounding_boxes": [
    {
      "category": "crop_field",
      "ID": 24720,
      "visible": "True",
      "box": [
        265,
        19,
        988,
        1026
      ]
    }
  ],
  "gsd": 0.375821858644,
  "img_width": 1337,
  "img_height": 1105,
  "mean_pixel_height": 3.35817149321e-06,
  "mean_pixel_width": 3.359443829469e-06,
  "utm": "19H",
  "country_code": "CHL",
  "cloud_cover": 0,
  "timestamp": "2016-03-19T14:57:10Z",
  "scan_direction": "Reverse",
  "approximate_wavelengths": [
    661,
    545,
    477
  ],
  "pan_resolution_dbl": 0.375821858644,
  "pan_resolution_start_dbl": 0.381214857101,
  "pan_resolution_end_dbl": 0.370976150036,
  "pan_resolution_min_dbl": 0.370976150036,
  "pan_resolution_max_dbl": 0.381214857101,
  "multi_resolution_dbl": 1.5040615797,
  "multi_resolution_start_dbl": 1.52568554878,
  "multi_resolution_end_dbl": 1.48463451862,
  "multi_resolution_min_dbl": 1.48463451862,
  "multi_resolution_max_dbl": 1.52568554878,
  "target_azimuth_dbl": 334.495330811,
  "target_azimuth_start_dbl": 332.813568115,
  "target_azimuth_end_dbl": 336.088195801,
  "target_azimuth_min_dbl": 332.813568115,
  "target_azimuth_max_dbl": 336.088195801,
  "sun_azimuth_dbl": 44.1331634521,
  "sun_azimuth_min_dbl": 43.721988678,
  "sun_azimuth_max_dbl": 44.5953636169,
  "sun_elevation_dbl": 46.6687316895,
  "sun_elevation_min_dbl": 46.320098877,
  "sun_elevation_max_dbl": 47.0609359741,
  "off_nadir_angle_dbl": 25.5623149872,
  "off_nadir_angle_start_dbl": 26.5508880615,
  "off_nadir_angle_end_dbl": 24.7170753479,
  "off_nadir_angle_min_dbl": 24.7170753479,
  "off_nadir_angle_max_dbl": 26.5508880615
}