{
  "img_filename": "golf_course_141_16_msrgb.jpg",
  "bounding_boxes": [
    {
      "category": "golf_course",
      "ID": 24020,
      "visible": "True",
      "box": [
        80,
        85,
        55,
        53
      ]
    }
  ],
  "gsd": 2.2469534874,
  "img_width": 222,
  "img_height": 202,
  "mean_pixel_height": 2.0226966482659e-05,
  "mean_pixel_width": 2.0226966482648e-05,
  "utm": "21J",
  "country_code": "PRY",
  "cloud_cover": 1,
  "timestamp": "2015-07-11T14:19:09Z",
  "scan_direction": "Reverse",
  "approximate_wavelengths": [
    661,
    545,
    477
  ],
  "pan_resolution_dbl": 0.562020599842,
  "pan_resolution_start_dbl": 0.557718873024,
  "pan_resolution_end_dbl": 0.565754473209,
  "pan_resolution_min_dbl": 0.557718873024,
  "pan_resolution_max_dbl": 0.565754473209,
  "multi_resolution_dbl": 2.2469534874,
  "multi_resolution_start_dbl": 2.22980475426,
  "multi_resolution_end_dbl": 2.2618367672,
  "multi_resolution_min_dbl": 2.22980475426,
  "multi_resolution_max_dbl": 2.2618367672,
  "target_azimuth_dbl": 135.577987671,
  "target_azimuth_start_dbl": 134.871704102,
  "target_azimuth_end_dbl": 136.200576782,
  "target_azimuth_min_dbl": 134.871704102,
  "target_azimuth_max_dbl": 136.200576782,
  "sun_azimuth_dbl": 28.473197937,
  "sun_azimuth_min_dbl": 28.4022712708,
  "sun_azimuth_max_dbl": 28.5529785156,
  "sun_elevation_dbl": 37.2389335632,
  "sun_elevation_min_dbl": 37.0880317688,
  "sun_elevation_max_dbl": 37.4081459045,
  "off_nadir_angle_dbl": 25.3603534698,
  "off_nadir_angle_start_dbl": 24.8928871155,
  "off_nadir_angle_end_dbl": 25.7777748108,
  "off_nadir_angle_min_dbl": 24.8928871155,
  "off_nadir_angle_max_dbl": 25.7777748108
}