{
  "img_filename": "golf_course_141_6_msrgb.jpg",
  "bounding_boxes": [
    {
      "category": "golf_course",
      "ID": 24020,
      "visible": "True",
      "box": [
        89,
        95,
        61,
        60
      ]
    }
  ],
  "gsd": 1.82153248787,
  "img_width": 248,
  "img_height": 226,
  "mean_pixel_height": 1.8073182300889e-05,
  "mean_pixel_width": 1.8111195161288e-05,
  "utm": "21J",
  "country_code": "PRY",
  "cloud_cover": 0,
  "timestamp": "2015-10-24T13:58:49Z",
  "scan_direction": "Reverse",
  "approximate_wavelengths": [
    661,
    545,
    477
  ],
  "pan_resolution_dbl": 0.455120772123,
  "pan_resolution_start_dbl": 0.454835087061,
  "pan_resolution_end_dbl": 0.45537212491,
  "pan_resolution_min_dbl": 0.454835087061,
  "pan_resolution_max_dbl": 0.45537212491,
  "multi_resolution_dbl": 1.82153248787,
  "multi_resolution_start_dbl": 1.82040572166,
  "multi_resolution_end_dbl": 1.82252681255,
  "multi_resolution_min_dbl": 1.82040572166,
  "multi_resolution_max_dbl": 1.82252681255,
  "target_azimuth_dbl": 309.836364746,
  "target_azimuth_start_dbl": 306.853485107,
  "target_azimuth_end_dbl": 311.920379639,
  "target_azimuth_min_dbl": 306.853485107,
  "target_azimuth_max_dbl": 311.920379639,
  "sun_azimuth_dbl": 63.6164932251,
  "sun_azimuth_min_dbl": 63.3770027161,
  "sun_azimuth_max_dbl": 63.958065033,
  "sun_elevation_dbl": 63.7967300415,
  "sun_elevation_min_dbl": 63.7524375916,
  "sun_elevation_max_dbl": 63.8592147827,
  "off_nadir_angle_dbl": 17.7964839935,
  "off_nadir_angle_start_dbl": 17.7427825928,
  "off_nadir_angle_end_dbl": 17.8454627991,
  "off_nadir_angle_min_dbl": 17.7427825928,
  "off_nadir_angle_max_dbl": 17.8454627991
}