{
  "img_filename": "golf_course_139_4_rgb.jpg",
  "bounding_boxes": [
    {
      "category": "golf_course",
      "ID": 23601,
      "visible": "True",
      "box": [
        16,
        97,
        679,
        369
      ]
    }
  ],
  "gsd": 0.718653678894,
  "img_width": 702,
  "img_height": 547,
  "mean_pixel_height": 6.403153564903e-06,
  "mean_pixel_width": 6.398256980056e-06,
  "utm": "18S",
  "country_code": "USA",
  "cloud_cover": 0,
  "timestamp": "2016-01-28T15:35:50Z",
  "scan_direction": "Forward",
  "approximate_wavelengths": [
    661,
    545,
    477
  ],
  "pan_resolution_dbl": 0.718653678894,
  "pan_resolution_start_dbl": 0.732393980026,
  "pan_resolution_end_dbl": 0.707482635975,
  "pan_resolution_min_dbl": 0.707482635975,
  "pan_resolution_max_dbl": 0.732393980026,
  "multi_resolution_dbl": 2.87656116486,
  "multi_resolution_start_dbl": 2.93133497238,
  "multi_resolution_end_dbl": 2.83238697052,
  "multi_resolution_min_dbl": 2.83238697052,
  "multi_resolution_max_dbl": 2.93133497238,
  "target_azimuth_dbl": 317.673614502,
  "target_azimuth_start_dbl": 318.733764648,
  "target_azimuth_end_dbl": 316.784606934,
  "target_azimuth_min_dbl": 316.784606934,
  "target_azimuth_max_dbl": 318.733764648,
  "sun_azimuth_dbl": 152.158294678,
  "sun_azimuth_min_dbl": 152.100631714,
  "sun_azimuth_max_dbl": 152.227813721,
  "sun_elevation_dbl": 27.8481369019,
  "sun_elevation_min_dbl": 27.5580787659,
  "sun_elevation_max_dbl": 28.0889968872,
  "off_nadir_angle_dbl": 37.0627937317,
  "off_nadir_angle_start_dbl": 37.7112770081,
  "off_nadir_angle_end_dbl": 36.5259780884,
  "off_nadir_angle_min_dbl": 36.5259780884,
  "off_nadir_angle_max_dbl": 37.7112770081
}