{
  "img_filename": "golf_course_139_1_rgb.jpg",
  "bounding_boxes": [
    {
      "category": "golf_course",
      "ID": 23601,
      "visible": "True",
      "box": [
        20,
        125,
        872,
        473
      ]
    }
  ],
  "gsd": 0.550153553486,
  "img_width": 900,
  "img_height": 702,
  "mean_pixel_height": 4.989351851854e-06,
  "mean_pixel_width": 4.990640444444e-06,
  "utm": "18S",
  "country_code": "USA",
  "cloud_cover": 10,
  "timestamp": "2015-03-08T15:58:32Z",
  "scan_direction": "Forward",
  "approximate_wavelengths": [
    661,
    545,
    477
  ],
  "pan_resolution_dbl": 0.550153553486,
  "pan_resolution_start_dbl": 0.5469840765,
  "pan_resolution_end_dbl": 0.553777635098,
  "pan_resolution_min_dbl": 0.5469840765,
  "pan_resolution_max_dbl": 0.553777635098,
  "multi_resolution_dbl": 2.20694112778,
  "multi_resolution_start_dbl": 2.19420528412,
  "multi_resolution_end_dbl": 2.22173547745,
  "multi_resolution_min_dbl": 2.19420528412,
  "multi_resolution_max_dbl": 2.22173547745,
  "target_azimuth_dbl": 237.27671814,
  "target_azimuth_start_dbl": 241.22833252,
  "target_azimuth_end_dbl": 233.486679077,
  "target_azimuth_min_dbl": 233.486679077,
  "target_azimuth_max_dbl": 241.22833252,
  "sun_azimuth_dbl": 153.285263062,
  "sun_azimuth_min_dbl": 153.091140747,
  "sun_azimuth_max_dbl": 153.480758667,
  "sun_elevation_dbl": 42.3273506165,
  "sun_elevation_min_dbl": 41.8229751587,
  "sun_elevation_max_dbl": 42.8179779053,
  "off_nadir_angle_dbl": 24.5674133301,
  "off_nadir_angle_start_dbl": 24.1832046509,
  "off_nadir_angle_end_dbl": 25.0067939758,
  "off_nadir_angle_min_dbl": 24.1832046509,
  "off_nadir_angle_max_dbl": 25.0067939758
}