{
  "img_filename": "golf_course_139_2_rgb.jpg",
  "bounding_boxes": [
    {
      "category": "golf_course",
      "ID": 23601,
      "visible": "True",
      "box": [
        20,
        120,
        842,
        458
      ]
    }
  ],
  "gsd": 0.57392770052,
  "img_width": 870,
  "img_height": 679,
  "mean_pixel_height": 5.158357879237e-06,
  "mean_pixel_width": 5.162731494252e-06,
  "utm": "18S",
  "country_code": "USA",
  "cloud_cover": 0,
  "timestamp": "2015-05-04T15:53:47Z",
  "scan_direction": "Forward",
  "approximate_wavelengths": [
    661,
    545,
    477
  ],
  "pan_resolution_dbl": 0.57392770052,
  "pan_resolution_start_dbl": 0.585805177689,
  "pan_resolution_end_dbl": 0.564404606819,
  "pan_resolution_min_dbl": 0.564404606819,
  "pan_resolution_max_dbl": 0.585805177689,
  "multi_resolution_dbl": 2.29825162888,
  "multi_resolution_start_dbl": 2.34595561028,
  "multi_resolution_end_dbl": 2.26037073135,
  "multi_resolution_min_dbl": 2.26037073135,
  "multi_resolution_max_dbl": 2.34595561028,
  "target_azimuth_dbl": 318.716400146,
  "target_azimuth_start_dbl": 320.286407471,
  "target_azimuth_end_dbl": 317.381164551,
  "target_azimuth_min_dbl": 317.381164551,
  "target_azimuth_max_dbl": 320.286407471,
  "sun_azimuth_dbl": 141.739822388,
  "sun_azimuth_min_dbl": 141.289306641,
  "sun_azimuth_max_dbl": 142.27482605,
  "sun_elevation_dbl": 62.5908660889,
  "sun_elevation_min_dbl": 62.2033615112,
  "sun_elevation_max_dbl": 62.9118881226,
  "off_nadir_angle_dbl": 27.0040092468,
  "off_nadir_angle_start_dbl": 28.1688022614,
  "off_nadir_angle_end_dbl": 26.0400714874,
  "off_nadir_angle_min_dbl": 26.0400714874,
  "off_nadir_angle_max_dbl": 28.1688022614
}