{
  "img_filename": "crop_field_102_1_rgb.jpg",
  "bounding_boxes": [
    {
      "category": "crop_field",
      "ID": 2555,
      "visible": "True",
      "box": [
        311,
        246,
        218,
        323
      ]
    }
  ],
  "gsd": 0.577639758587,
  "img_width": 864,
  "img_height": 842,
  "mean_pixel_height": 5.197540261284e-06,
  "mean_pixel_width": 5.198584490753e-06,
  "utm": "51P",
  "country_code": "PHL",
  "cloud_cover": 1,
  "timestamp": "2015-03-03T02:28:34Z",
  "scan_direction": "Forward",
  "approximate_wavelengths": [
    661,
    545,
    477
  ],
  "pan_resolution_dbl": 0.577639758587,
  "pan_resolution_start_dbl": 0.575951755047,
  "pan_resolution_end_dbl": 0.579679012299,
  "pan_resolution_min_dbl": 0.575951755047,
  "pan_resolution_max_dbl": 0.579679012299,
  "multi_resolution_dbl": 2.31691741943,
  "multi_resolution_start_dbl": 2.31049990654,
  "multi_resolution_end_dbl": 2.32561230659,
  "multi_resolution_min_dbl": 2.31049990654,
  "multi_resolution_max_dbl": 2.32561230659,
  "target_azimuth_dbl": 246.346588135,
  "target_azimuth_start_dbl": 249.776916504,
  "target_azimuth_end_dbl": 242.944580078,
  "target_azimuth_min_dbl": 242.944580078,
  "target_azimuth_max_dbl": 249.776916504,
  "sun_azimuth_dbl": 129.456359863,
  "sun_azimuth_min_dbl": 128.833251953,
  "sun_azimuth_max_dbl": 130.07623291,
  "sun_elevation_dbl": 57.4343414307,
  "sun_elevation_min_dbl": 57.0736427307,
  "sun_elevation_max_dbl": 57.7907524109,
  "off_nadir_angle_dbl": 27.8346729279,
  "off_nadir_angle_start_dbl": 27.6962738037,
  "off_nadir_angle_end_dbl": 28.0265331268,
  "off_nadir_angle_min_dbl": 27.6962738037,
  "off_nadir_angle_max_dbl": 28.0265331268
}