{
  "img_filename": "crop_field_1034_6_msrgb.jpg",
  "bounding_boxes": [
    {
      "category": "crop_field",
      "ID": 23386,
      "visible": "True",
      "box": [
        101,
        31,
        55,
        25
      ]
    }
  ],
  "gsd": 3.2411570549,
  "img_width": 158,
  "img_height": 98,
  "mean_pixel_height": 2.8338750865797e-05,
  "mean_pixel_width": 2.8338750865812e-05,
  "utm": "31U",
  "country_code": "NLD",
  "cloud_cover": 0,
  "timestamp": "2012-05-25T10:17:47.846Z",
  "scan_direction": "Forward",
  "approximate_wavelengths": [
    661,
    545,
    477
  ],
  "pan_resolution_dbl": 0.813444495201,
  "pan_resolution_start_dbl": 0.814881145954,
  "pan_resolution_end_dbl": 0.812144219875,
  "pan_resolution_min_dbl": 0.812144219875,
  "pan_resolution_max_dbl": 0.814881145954,
  "multi_resolution_dbl": 3.2411570549,
  "multi_resolution_start_dbl": 3.24681520462,
  "multi_resolution_end_dbl": 3.23603725433,
  "multi_resolution_min_dbl": 3.23603725433,
  "multi_resolution_max_dbl": 3.24681520462,
  "target_azimuth_dbl": 162.534194946,
  "target_azimuth_start_dbl": 163.769561768,
  "target_azimuth_end_dbl": 161.364257812,
  "target_azimuth_min_dbl": 161.364257812,
  "target_azimuth_max_dbl": 163.769561768,
  "sun_azimuth_dbl": 146.080535889,
  "sun_azimuth_min_dbl": 145.994598389,
  "sun_azimuth_max_dbl": 146.173049927,
  "sun_elevation_dbl": 55.2640304565,
  "sun_elevation_min_dbl": 55.1479721069,
  "sun_elevation_max_dbl": 55.3725776672,
  "off_nadir_angle_dbl": 29.3999881744,
  "off_nadir_angle_start_dbl": 29.5061779022,
  "off_nadir_angle_end_dbl": 29.3033237457,
  "off_nadir_angle_min_dbl": 29.3033237457,
  "off_nadir_angle_max_dbl": 29.5061779022
}