{
  "img_filename": "crop_field_1034_3_rgb.jpg",
  "bounding_boxes": [
    {
      "category": "crop_field",
      "ID": 23386,
      "visible": "True",
      "box": [
        551,
        173,
        300,
        141
      ]
    }
  ],
  "gsd": 0.581850409508,
  "img_width": 861,
  "img_height": 528,
  "mean_pixel_height": 5.216686553036e-06,
  "mean_pixel_width": 5.216697351917e-06,
  "utm": "31U",
  "country_code": "NLD",
  "cloud_cover": 0,
  "timestamp": "2015-04-15T10:50:02Z",
  "scan_direction": "Forward",
  "approximate_wavelengths": [
    661,
    545,
    477
  ],
  "pan_resolution_dbl": 0.581850409508,
  "pan_resolution_start_dbl": 0.57425057888,
  "pan_resolution_end_dbl": 0.589595735073,
  "pan_resolution_min_dbl": 0.57425057888,
  "pan_resolution_max_dbl": 0.589595735073,
  "multi_resolution_dbl": 2.3355884552,
  "multi_resolution_start_dbl": 2.30493831635,
  "multi_resolution_end_dbl": 2.3663816452,
  "multi_resolution_min_dbl": 2.30493831635,
  "multi_resolution_max_dbl": 2.3663816452,
  "target_azimuth_dbl": 216.567810059,
  "target_azimuth_start_dbl": 219.134872437,
  "target_azimuth_end_dbl": 214.233062744,
  "target_azimuth_min_dbl": 214.233062744,
  "target_azimuth_max_dbl": 219.134872437,
  "sun_azimuth_dbl": 161.965057373,
  "sun_azimuth_min_dbl": 161.858032227,
  "sun_azimuth_max_dbl": 162.078018188,
  "sun_elevation_dbl": 46.5490722656,
  "sun_elevation_min_dbl": 46.1369056702,
  "sun_elevation_max_dbl": 46.9354400635,
  "off_nadir_angle_dbl": 27.7140731812,
  "off_nadir_angle_start_dbl": 26.9534015656,
  "off_nadir_angle_end_dbl": 28.4561309814,
  "off_nadir_angle_min_dbl": 26.9534015656,
  "off_nadir_angle_max_dbl": 28.4561309814
}