{
  "img_filename": "crop_field_1034_5_msrgb.jpg",
  "bounding_boxes": [
    {
      "category": "crop_field",
      "ID": 23386,
      "visible": "True",
      "box": [
        153,
        48,
        82,
        38
      ]
    }
  ],
  "gsd": 1.99575614929,
  "img_width": 239,
  "img_height": 147,
  "mean_pixel_height": 1.873748639458e-05,
  "mean_pixel_width": 1.8793206778244e-05,
  "utm": "31U",
  "country_code": "NLD",
  "cloud_cover": 0,
  "timestamp": "2013-05-06T11:04:17Z",
  "scan_direction": "Reverse",
  "approximate_wavelengths": [
    661,
    545,
    477
  ],
  "pan_resolution_dbl": 0.498775422573,
  "pan_resolution_start_dbl": 0.506709933281,
  "pan_resolution_end_dbl": 0.492956280708,
  "pan_resolution_min_dbl": 0.492956280708,
  "pan_resolution_max_dbl": 0.506709933281,
  "multi_resolution_dbl": 1.99575614929,
  "multi_resolution_start_dbl": 2.02753305435,
  "multi_resolution_end_dbl": 1.97245085239,
  "multi_resolution_min_dbl": 1.97245085239,
  "multi_resolution_max_dbl": 2.02753305435,
  "target_azimuth_dbl": 144.931091309,
  "target_azimuth_start_dbl": 145.488998413,
  "target_azimuth_end_dbl": 144.49432373,
  "target_azimuth_min_dbl": 144.49432373,
  "target_azimuth_max_dbl": 145.488998413,
  "sun_azimuth_dbl": 166.567687988,
  "sun_azimuth_min_dbl": 166.383377075,
  "sun_azimuth_max_dbl": 166.815322876,
  "sun_elevation_dbl": 53.8866882324,
  "sun_elevation_min_dbl": 53.8703536987,
  "sun_elevation_max_dbl": 53.9085159302,
  "off_nadir_angle_dbl": 25.1928863525,
  "off_nadir_angle_start_dbl": 26.2237663269,
  "off_nadir_angle_end_dbl": 24.4173660278,
  "off_nadir_angle_min_dbl": 24.4173660278,
  "off_nadir_angle_max_dbl": 26.2237663269
}