{
  "img_filename": "golf_course_134_1_msrgb.jpg",
  "bounding_boxes": [
    {
      "category": "golf_course",
      "ID": 22870,
      "visible": "True",
      "box": [
        22,
        16,
        175,
        117
      ]
    }
  ],
  "gsd": 1.87539744377,
  "img_width": 241,
  "img_height": 174,
  "mean_pixel_height": 1.8681542528737e-05,
  "mean_pixel_width": 1.863724659751e-05,
  "utm": "30T",
  "country_code": "FRA",
  "cloud_cover": 0,
  "timestamp": "2015-06-21T11:08:22Z",
  "scan_direction": "Reverse",
  "approximate_wavelengths": [
    661,
    545,
    477
  ],
  "pan_resolution_dbl": 0.468785256147,
  "pan_resolution_start_dbl": 0.528590559959,
  "pan_resolution_end_dbl": 0.428319245577,
  "pan_resolution_min_dbl": 0.428319245577,
  "pan_resolution_max_dbl": 0.528590559959,
  "multi_resolution_dbl": 1.87539744377,
  "multi_resolution_start_dbl": 2.11470389366,
  "multi_resolution_end_dbl": 1.71347486973,
  "multi_resolution_min_dbl": 1.71347486973,
  "multi_resolution_max_dbl": 2.11470389366,
  "target_azimuth_dbl": 193.635665894,
  "target_azimuth_start_dbl": 191.730484009,
  "target_azimuth_end_dbl": 196.604553223,
  "target_azimuth_min_dbl": 191.730484009,
  "target_azimuth_max_dbl": 196.604553223,
  "sun_azimuth_dbl": 144.468185425,
  "sun_azimuth_min_dbl": 143.676849365,
  "sun_azimuth_max_dbl": 145.137908936,
  "sun_elevation_dbl": 66.5872344971,
  "sun_elevation_min_dbl": 66.2495574951,
  "sun_elevation_max_dbl": 66.9820861816,
  "off_nadir_angle_dbl": 20.4358043671,
  "off_nadir_angle_start_dbl": 29.4525585175,
  "off_nadir_angle_end_dbl": 11.7174701691,
  "off_nadir_angle_min_dbl": 11.7174701691,
  "off_nadir_angle_max_dbl": 29.4525585175
}